日期,股票代码,开盘,收盘,最高,最低,成交量,成交额,振幅,涨跌幅,涨跌额,换手率
1993-11-18,000529,20.0,21.0,21.95,20.0,77827,166019392.0,27.08,191.67,13.8,30.52
1993-11-19,000529,21.0,20.15,21.15,19.6,47918,97189176.0,7.38,-4.05,-0.85,18.79
1993-11-22,000529,20.3,20.85,21.5,20.3,39433,82462600.0,5.96,3.47,0.7,15.46
1993-11-23,000529,20.7,20.65,20.95,20.4,27998,58007060.0,2.64,-0.96,-0.2,10.98
1993-11-24,000529,20.5,20.05,20.5,19.85,17649,35431264.0,3.15,-2.91,-0.6,6.92
1993-11-25,000529,20.0,20.1,20.4,19.9,6137,12362824.0,2.49,0.25,0.05,2.41
1993-11-26,000529,20.25,20.0,20.3,19.9,7055,14157691.0,1.99,-0.5,-0.1,2.77
1993-11-29,000529,20.0,19.5,20.0,19.2,7047,13806187.0,4.0,-2.5,-0.5,2.76
1993-11-30,000529,19.5,19.4,19.8,19.4,3791,7423530.5,2.05,-0.51,-0.1,1.49
1993-12-01,000529,19.5,19.05,19.6,19.05,3435,6616014.0,2.84,-1.8,-0.35,1.35
1993-12-02,000529,19.0,19.3,19.75,18.7,7337,14065404.0,5.51,1.31,0.25,2.88
1993-12-03,000529,19.3,19.35,19.5,19.3,4254,8253639.5,1.04,0.26,0.05,1.67
1993-12-06,000529,19.5,20.25,20.45,19.5,10717,21570944.0,4.91,4.65,0.9,4.2
1993-12-07,000529,20.4,19.95,20.6,19.8,11127,22670662.0,3.95,-1.48,-0.3,4.36
1993-12-08,000529,20.0,20.4,20.45,19.95,5711,11571941.0,2.51,2.26,0.45,2.24
1993-12-09,000529,20.55,21.1,21.35,20.4,17016,35559160.0,4.66,3.43,0.7,6.67
1993-12-10,000529,21.2,22.0,22.0,21.2,29401,63973504.0,3.79,4.27,0.9,11.53
1993-12-13,000529,22.15,21.55,23.05,21.4,130409,286608128.0,7.5,-2.05,-0.45,51.14
1993-12-14,000529,21.7,23.3,23.8,21.7,120162,277832768.0,9.74,8.12,1.75,47.12
1993-12-15,000529,23.45,23.35,23.6,22.8,46237,106939656.0,3.43,0.21,0.05,18.13
1993-12-16,000529,23.5,23.05,23.65,23.05,29619,68878448.0,2.57,-1.28,-0.3,11.62
1993-12-17,000529,23.0,22.9,23.2,22.85,18736,43045492.0,1.52,-0.65,-0.15,7.35
1993-12-20,000529,22.75,22.0,22.8,21.55,46139,102384288.0,5.46,-3.93,-0.9,18.09
1993-12-21,000529,21.9,22.2,22.3,21.7,14730,32423414.0,2.73,0.91,0.2,5.78
1993-12-22,000529,22.3,21.5,22.3,21.5,12965,28365430.0,3.6,-3.15,-0.7,5.08
1993-12-23,000529,21.2,20.45,21.25,20.3,8629,17954432.0,4.42,-4.88,-1.05,3.38
1993-12-24,000529,20.15,21.3,21.3,20.0,13825,28328500.0,6.36,4.16,0.85,5.42
1993-12-27,000529,21.6,21.05,21.7,21.0,13682,29191240.0,3.29,-1.17,-0.25,5.37
1993-12-28,000529,21.1,21.05,21.4,21.0,7024,14891682.0,1.9,0.0,0.0,2.75
1993-12-29,000529,21.0,20.9,21.3,20.8,5909,12436693.0,2.38,-0.71,-0.15,2.32
1993-12-30,000529,20.95,21.25,21.5,20.95,8524,18131154.0,2.63,1.67,0.35,3.34
1993-12-31,000529,21.55,21.35,21.8,21.3,9011,19490588.0,2.35,0.47,0.1,3.53
1994-01-03,000529,21.35,21.25,21.5,21.1,3374,7179760.0,1.87,-0.47,-0.1,1.32
1994-01-04,000529,21.2,21.0,21.45,20.95,4257,8978908.0,2.35,-1.18,-0.25,1.67
1994-01-05,000529,21.1,21.2,21.2,20.8,3755,7876657.5,1.9,0.95,0.2,1.47
1994-01-06,000529,21.2,22.3,22.3,21.2,8261,17919810.0,5.19,5.19,1.1,3.24
1994-01-07,000529,22.3,22.1,22.3,21.5,15262,33606988.0,3.59,-0.9,-0.2,5.99
1994-01-10,000529,22.1,21.85,22.1,21.75,5263,11539292.0,1.58,-1.13,-0.25,2.06
1994-01-11,000529,21.9,21.5,22.0,21.5,3295,7142750.0,2.29,-1.6,-0.35,1.29
1994-01-12,000529,21.5,21.6,21.8,21.5,4761,10309301.0,1.4,0.47,0.1,1.87
1994-01-13,000529,21.8,21.6,21.9,21.4,3996,8630253.0,2.31,0.0,0.0,1.57
1994-01-14,000529,21.8,21.05,21.8,20.9,7397,15695756.0,4.17,-2.55,-0.55,2.9
1994-01-17,000529,21.05,20.75,21.05,20.7,4643,9700653.0,1.66,-1.43,-0.3,1.82
1994-01-18,000529,20.7,21.0,21.05,20.5,4565,9415859.0,2.65,1.2,0.25,1.79
1994-01-19,000529,21.0,20.55,21.0,20.35,2439,5019932.0,3.1,-2.14,-0.45,0.96
1994-01-20,000529,20.6,20.4,20.6,20.2,3384,6910658.0,1.95,-0.73,-0.15,1.33
1994-01-21,000529,20.4,21.0,21.05,20.3,6403,13379996.0,3.68,2.94,0.6,2.51
1994-01-24,000529,21.3,21.25,22.0,21.15,10226,21987832.0,4.05,1.19,0.25,4.01
1994-01-25,000529,21.3,20.8,21.4,20.8,4637,9810990.0,2.82,-2.12,-0.45,1.82
1994-01-26,000529,20.7,20.6,20.8,20.55,2447,5049409.5,1.2,-0.96,-0.2,0.96
1994-01-27,000529,20.5,21.0,21.0,20.4,2325,4800334.5,2.91,1.94,0.4,0.91
1994-01-28,000529,21.0,20.5,21.0,20.5,3113,6444275.5,2.38,-2.38,-0.5,1.22
1994-01-31,000529,20.2,19.5,20.2,19.5,3662,7223994.5,3.41,-4.88,-1.0,1.44
1994-02-01,000529,19.2,19.35,20.0,19.1,5930,11619533.0,4.62,-0.77,-0.15,2.33
1994-02-02,000529,19.2,19.75,19.8,19.2,2283,4467775.0,3.1,2.07,0.4,0.9
1994-02-03,000529,19.75,20.6,20.7,19.75,6951,14104260.0,4.81,4.3,0.85,2.73
1994-02-04,000529,20.9,21.45,21.45,20.6,8769,18446000.0,4.13,4.13,0.85,3.44
1994-02-14,000529,21.4,19.8,21.4,19.7,6925,13993278.0,7.93,-7.69,-1.65,2.72
1994-02-15,000529,19.5,19.65,19.8,19.1,4716,9178777.0,3.54,-0.76,-0.15,1.85
1994-02-16,000529,19.65,19.25,19.75,19.2,3005,5841151.0,2.8,-2.04,-0.4,1.18
1994-02-17,000529,19.2,18.95,19.25,18.8,2731,5191082.0,2.34,-1.56,-0.3,1.07
1994-02-18,000529,18.9,19.0,19.2,18.8,1348,2562340.5,2.11,0.26,0.05,0.53
1994-02-21,000529,19.0,18.2,19.0,18.2,3082,5686803.0,4.21,-4.21,-0.8,1.21
1994-02-22,000529,18.5,18.5,19.6,18.35,8133,15442445.0,6.87,1.65,0.3,3.19
1994-02-23,000529,19.3,19.0,19.8,18.8,2552,4836718.5,5.41,2.7,0.5,1.0
1994-02-24,000529,19.3,19.85,19.9,19.2,5974,11688749.0,3.68,4.47,0.85,2.34
1994-02-25,000529,20.15,20.1,20.5,19.85,9628,19427636.0,3.27,1.26,0.25,3.78
1994-02-28,000529,20.0,19.4,20.1,19.4,3658,7262899.5,3.48,-3.48,-0.7,1.43
1994-03-01,000529,19.3,19.4,19.6,19.25,1616,3139490.5,1.8,0.0,0.0,0.63
1994-03-02,000529,19.4,19.2,19.5,19.1,1577,3040424.8,2.06,-1.03,-0.2,0.62
1994-03-03,000529,19.2,19.05,19.25,19.0,2627,5020370.0,1.3,-0.78,-0.15,1.03
1994-03-04,000529,18.8,18.7,19.0,18.6,2901,5428470.0,2.1,-1.84,-0.35,1.14
1994-03-07,000529,18.7,18.3,18.75,18.05,2829,5160954.5,3.74,-2.14,-0.4,1.11
1994-03-08,000529,18.3,18.25,18.35,18.15,1383,2516844.8,1.09,-0.27,-0.05,0.54
1994-03-09,000529,18.25,18.3,18.4,18.2,879,1606674.2,1.1,0.27,0.05,0.34
1994-03-10,000529,18.3,18.0,18.3,18.0,1572,2845630.0,1.64,-1.64,-0.3,0.62
1994-03-11,000529,17.9,18.1,18.5,17.6,2148,3874628.8,5.0,0.56,0.1,0.84
1994-03-14,000529,18.4,18.9,19.55,18.4,5933,11346074.0,6.35,4.42,0.8,2.33
1994-03-15,000529,19.2,18.35,19.3,18.3,2974,5595706.5,5.29,-2.91,-0.55,1.17
1994-03-16,000529,18.3,18.25,18.4,17.95,2392,4339949.5,2.45,-0.54,-0.1,0.94
1994-03-17,000529,18.5,19.05,19.05,18.5,7026,13266590.0,3.01,4.38,0.8,2.76
1994-03-18,000529,19.35,19.95,20.0,19.35,14077,27812284.0,3.41,4.72,0.9,5.52
1994-03-21,000529,20.4,20.0,20.7,19.7,16755,34004272.0,5.01,0.25,0.05,6.57
1994-03-22,000529,19.9,19.95,20.1,19.5,4896,9720747.0,3.0,-0.25,-0.05,1.92
1994-03-23,000529,20.0,19.6,20.0,19.55,4539,9000505.0,2.26,-1.75,-0.35,1.78
1994-03-24,000529,19.0,19.45,19.65,19.0,5136,10006037.0,3.32,-0.77,-0.15,2.01
1994-03-25,000529,19.5,19.85,19.9,19.5,9038,17874464.0,2.06,2.06,0.4,3.54
1994-03-28,000529,10.0,9.6,10.0,9.4,7020,6703167.0,3.02,-51.64,-10.25,1.0
1994-03-29,000529,9.55,9.8,9.8,9.35,6395,6089324.0,4.69,2.08,0.2,0.91
1994-03-30,000529,9.9,9.35,9.9,9.3,8489,8117974.0,6.12,-4.59,-0.45,1.21
1994-03-31,000529,9.0,8.7,9.2,8.65,46962,42193184.0,5.88,-6.95,-0.65,6.69
1994-04-01,000529,8.6,8.55,8.65,8.45,16775,14323812.0,2.3,-1.72,-0.15,2.39
1994-04-04,000529,8.4,8.25,8.5,8.2,9673,8068407.5,3.51,-3.51,-0.3,1.38
1994-04-05,000529,8.1,8.35,8.55,8.1,14542,12171030.0,5.45,1.21,0.1,2.07
1994-04-06,000529,8.35,8.45,8.55,8.35,7236,6109924.0,2.4,1.2,0.1,1.03
1994-04-07,000529,8.5,8.65,9.1,8.45,38792,34196140.0,7.69,2.37,0.2,5.53
1994-04-08,000529,8.6,8.3,8.6,8.25,16501,13851995.0,4.05,-4.05,-0.35,2.35
1994-04-11,000529,8.2,8.2,8.4,8.15,10292,8494220.0,3.01,-1.2,-0.1,1.47
1994-04-12,000529,8.2,8.2,8.35,8.05,7892,6464064.5,3.66,0.0,0.0,1.12
1994-04-13,000529,8.3,8.0,8.4,8.0,6279,5137145.0,4.88,-2.44,-0.2,0.89
1994-04-14,000529,8.0,7.7,8.0,7.7,10987,8637600.0,3.75,-3.75,-0.3,1.57
1994-04-15,000529,7.6,8.1,8.2,7.4,24633,19049430.0,10.39,5.19,0.4,3.51
1994-04-18,000529,8.0,7.65,8.0,7.6,15337,11913750.0,4.94,-5.56,-0.45,2.18
1994-04-19,000529,7.5,7.15,7.6,7.15,10673,7848485.0,5.88,-6.54,-0.5,1.52
1994-04-20,000529,6.95,6.8,7.2,6.6,18922,13081250.0,8.39,-4.9,-0.35,2.7
1994-04-21,000529,6.9,7.25,7.35,6.8,31860,22691356.0,8.09,6.62,0.45,4.54
1994-04-22,000529,7.25,6.8,7.25,6.8,17928,12670141.0,6.21,-6.21,-0.45,2.55
1994-04-25,000529,6.7,6.95,7.0,6.7,7829,5318395.0,4.41,2.21,0.15,1.12
1994-04-26,000529,7.0,7.25,7.25,6.9,12500,8905780.0,5.04,4.32,0.3,1.78
1994-04-27,000529,7.3,7.56,7.6,7.2,27826,20754764.0,5.52,4.28,0.31,3.96
1994-04-28,000529,7.63,7.15,7.8,7.0,39060,29100972.0,10.58,-5.42,-0.41,5.56
1994-04-29,000529,7.05,7.25,7.25,6.85,24286,17071858.0,5.59,1.4,0.1,3.46
1994-05-03,000529,7.35,7.78,7.9,7.21,41823,31555846.0,9.52,7.31,0.53,5.96
1994-05-04,000529,8.05,7.68,8.6,7.68,80858,66803856.0,11.83,-1.29,-0.1,11.52
1994-05-05,000529,7.3,7.4,7.55,7.0,22246,16434555.0,7.16,-3.65,-0.28,3.17
1994-05-06,000529,7.5,7.55,7.85,7.2,28387,21161996.0,8.78,2.03,0.15,4.04
1994-05-09,000529,7.8,8.3,8.3,7.57,47258,37346364.0,9.67,9.93,0.75,6.73
1994-05-10,000529,8.4,8.59,8.6,8.1,91207,77183496.0,6.02,3.49,0.29,12.99
1994-05-11,000529,8.62,8.11,8.7,8.1,54916,46520268.0,6.98,-5.59,-0.48,7.82
1994-05-12,000529,7.9,7.95,8.25,7.85,39976,32258534.0,4.93,-1.97,-0.16,5.69
1994-05-13,000529,8.0,8.42,8.43,7.95,30815,25220506.0,6.04,5.91,0.47,4.39
1994-05-16,000529,8.6,8.44,8.65,8.28,39728,33822088.0,4.39,0.24,0.02,5.66
1994-05-17,000529,8.43,8.17,8.43,8.15,16464,13637795.0,3.32,-3.2,-0.27,2.35
1994-05-18,000529,8.08,8.08,8.2,8.0,15944,12919747.0,2.45,-1.1,-0.09,2.27
1994-05-19,000529,8.08,8.28,8.35,8.0,9807,8028557.0,4.33,2.48,0.2,1.4
1994-05-20,000529,8.3,8.1,8.3,8.09,7903,6492266.5,2.54,-2.17,-0.18,1.13
1994-05-23,000529,8.15,8.08,8.15,8.01,3584,2895658.0,1.73,-0.25,-0.02,0.51
1994-05-24,000529,8.02,8.12,8.15,8.02,2489,2016884.1,1.61,0.5,0.04,0.35
1994-05-25,000529,8.05,8.0,8.18,7.99,4217,3384610.0,2.34,-1.48,-0.12,0.6
1994-05-26,000529,8.0,7.83,8.0,7.8,6761,5347072.5,2.5,-2.13,-0.17,0.96
1994-05-27,000529,7.8,7.77,8.0,7.75,6707,5279411.0,3.19,-0.77,-0.06,0.96
1994-05-30,000529,7.65,7.41,7.7,7.4,8643,6482363.5,3.86,-4.63,-0.36,1.23
1994-05-31,000529,7.35,7.57,7.7,7.3,6518,4880730.0,5.4,2.16,0.16,0.93
1994-06-01,000529,7.51,7.34,7.55,7.31,4128,3072887.8,3.17,-3.04,-0.23,0.59
1994-06-02,000529,7.3,7.31,7.4,7.25,3950,2899283.0,2.04,-0.41,-0.03,0.56
1994-06-03,000529,7.31,7.35,7.48,7.31,4134,3063646.0,2.33,0.55,0.04,0.59
1994-06-06,000529,7.13,7.15,7.3,7.05,2477,1771779.0,3.4,-2.72,-0.2,0.35
1994-06-07,000529,7.15,7.12,7.18,7.1,2066,1472850.0,1.12,-0.42,-0.03,0.29
1994-06-08,000529,7.05,7.17,7.23,7.0,4296,3054552.0,3.23,0.7,0.05,0.61
1994-06-09,000529,7.23,7.07,7.23,7.06,3305,2359625.0,2.37,-1.39,-0.1,0.47
1994-06-10,000529,7.05,7.07,7.15,7.0,2942,2078795.9,2.12,0.0,0.0,0.42
1994-06-13,000529,7.0,6.88,7.0,6.88,3105,2149217.0,1.7,-2.69,-0.19,0.44
1994-06-14,000529,6.8,6.81,6.9,6.73,4581,3119031.0,2.47,-1.02,-0.07,0.65
1994-06-15,000529,6.7,6.86,6.88,6.7,2416,1653053.0,2.64,0.73,0.05,0.34
1994-06-16,000529,6.86,7.2,7.3,6.86,6980,4937897.0,6.41,4.96,0.34,0.99
1994-06-17,000529,7.2,7.43,7.45,7.05,10969,7984230.5,5.56,3.19,0.23,1.56
1994-06-20,000529,7.4,7.0,7.4,7.0,8882,6375019.5,5.38,-5.79,-0.43,1.27
1994-06-21,000529,6.92,6.88,6.95,6.83,5222,3590939.8,1.71,-1.71,-0.12,0.74
1994-06-22,000529,6.9,7.0,7.1,6.89,4278,2998607.5,3.05,1.74,0.12,0.61
1994-06-23,000529,7.0,6.92,7.1,6.9,1878,1306290.8,2.86,-1.14,-0.08,0.27
1994-06-24,000529,6.9,6.83,6.93,6.82,2916,2005156.0,1.59,-1.3,-0.09,0.42
1994-06-27,000529,6.77,6.58,6.77,6.56,5476,3625048.8,3.07,-3.66,-0.25,0.78
1994-06-28,000529,6.45,6.51,6.6,6.45,2175,1419271.8,2.28,-1.06,-0.07,0.31
1994-06-29,000529,6.51,6.45,6.67,6.43,2209,1438867.8,3.69,-0.92,-0.06,0.31
1994-06-30,000529,6.35,6.52,6.62,6.35,4591,2991156.5,4.19,1.09,0.07,0.65
1994-07-01,000529,6.5,6.35,6.54,6.35,2173,1401628.9,2.91,-2.61,-0.17,0.31
1994-07-04,000529,6.2,6.11,6.21,6.05,2104,1287150.5,2.52,-3.78,-0.24,0.3
1994-07-08,000529,6.01,6.2,6.22,6.0,3663,2232677.0,3.6,1.47,0.09,0.52
1994-07-11,000529,6.2,6.01,6.2,6.01,2971,1800000.0,3.06,-3.06,-0.19,0.42
1994-07-12,000529,5.98,5.99,6.01,5.97,1288,772219.1,0.67,-0.33,-0.02,0.18
1994-07-13,000529,5.99,6.07,6.08,5.99,1247,753389.1,1.5,1.34,0.08,0.18
1994-07-14,000529,6.11,6.0,6.12,6.0,1320,798599.2,1.98,-1.15,-0.07,0.19
1994-07-15,000529,5.97,5.77,5.99,5.76,2133,1250938.2,3.83,-3.83,-0.23,0.3
1994-07-18,000529,5.6,5.5,5.6,5.46,2704,1489588.8,2.43,-4.68,-0.27,0.39
1994-07-19,000529,5.45,5.41,5.58,5.36,2238,1215553.8,4.0,-1.64,-0.09,0.32
1994-07-20,000529,5.41,5.28,5.49,5.28,1561,838112.1,3.88,-2.4,-0.13,0.22
1994-07-21,000529,5.0,5.12,5.3,5.0,3271,1667350.5,5.68,-3.03,-0.16,0.47
1994-07-22,000529,5.06,5.07,5.17,5.03,2004,1021770.3,2.73,-0.98,-0.05,0.29
1994-07-25,000529,5.05,5.28,5.3,5.03,4931,2551140.0,5.33,4.14,0.21,0.7
1994-07-26,000529,5.38,5.45,5.49,5.29,9484,5096743.5,3.79,3.22,0.17,1.35
1994-07-27,000529,5.45,5.18,5.55,5.12,10027,5398075.5,7.89,-4.95,-0.27,1.43
1994-07-28,000529,5.1,4.85,5.12,4.85,6583,3278036.5,5.21,-6.37,-0.33,0.94
1994-07-29,000529,4.8,4.78,4.85,4.68,5702,2719311.0,3.51,-1.44,-0.07,0.81
1994-08-01,000529,5.78,6.25,6.3,5.38,34917,20709744.0,19.25,30.75,1.47,4.97
1994-08-02,000529,6.35,6.1,7.0,6.08,55277,36203968.0,14.72,-2.4,-0.15,7.87
1994-08-03,000529,6.1,7.2,7.25,6.1,44752,29457238.0,18.85,18.03,1.1,6.37
1994-08-04,000529,7.5,7.32,7.85,7.15,82152,60820704.0,9.72,1.67,0.12,11.7
1994-08-05,000529,7.25,7.8,7.8,7.2,46750,35003076.0,8.2,6.56,0.48,6.66
1994-08-08,000529,7.85,7.62,8.0,7.46,54222,41743664.0,6.92,-2.31,-0.18,7.72
1994-08-09,000529,7.61,6.95,7.61,6.9,32300,23347226.0,9.32,-8.79,-0.67,4.6
1994-08-10,000529,6.93,7.85,7.85,6.88,40811,30141090.0,13.96,12.95,0.9,5.81
1994-08-11,000529,8.1,7.43,8.15,7.28,86395,67927384.0,11.08,-5.35,-0.42,12.31
1994-08-12,000529,7.35,7.4,7.7,7.28,26936,20043934.0,5.65,-0.4,-0.03,3.84
1994-08-15,000529,7.28,7.22,7.4,7.1,12658,9176498.0,4.05,-2.43,-0.18,1.8
1994-08-16,000529,7.13,7.26,7.48,7.13,11915,8715433.0,4.85,0.55,0.04,1.7
1994-08-17,000529,7.26,7.46,7.5,7.2,14602,10727549.0,4.13,2.75,0.2,2.08
1994-08-18,000529,7.46,7.43,7.8,7.35,42991,32153924.0,6.03,-0.4,-0.03,6.12
1994-08-19,000529,7.4,7.08,7.4,7.05,40391,28989044.0,4.71,-4.71,-0.35,5.75
1994-08-22,000529,6.9,6.75,6.9,6.6,19601,13287809.0,4.24,-4.66,-0.33,2.79
1994-08-23,000529,6.75,6.65,6.84,6.51,11889,7871519.0,4.89,-1.48,-0.1,1.69
1994-08-24,000529,6.75,6.75,6.84,6.65,13248,8945998.0,2.86,1.5,0.1,1.89
1994-08-25,000529,6.7,6.61,6.73,6.6,7503,5004076.0,1.93,-2.07,-0.14,1.07
1994-08-26,000529,6.61,6.65,6.78,6.55,8900,5919492.0,3.48,0.61,0.04,1.27
1994-08-29,000529,6.51,6.46,6.6,6.45,8438,5483873.0,2.26,-2.86,-0.19,1.2
1994-08-30,000529,6.46,6.6,6.8,6.4,10453,6897662.5,6.19,2.17,0.14,1.49
1994-08-31,000529,6.7,6.75,6.79,6.56,13418,8972203.0,3.48,2.27,0.15,1.91
1994-09-01,000529,6.85,6.95,7.1,6.81,28374,19802126.0,4.3,2.96,0.2,4.04
1994-09-02,000529,6.95,7.5,7.55,6.92,48166,34774520.0,9.06,7.91,0.55,6.86
1994-09-05,000529,7.9,8.74,9.0,7.9,101231,85624744.0,14.67,16.53,1.24,14.42
1994-09-06,000529,9.05,9.48,9.7,8.75,148733,137922816.0,10.87,8.47,0.74,21.19
1994-09-07,000529,9.6,9.3,10.38,8.8,201504,194316144.0,16.67,-1.9,-0.18,28.7
1994-09-08,000529,9.5,10.6,10.8,9.5,254455,259531184.0,13.98,13.98,1.3,36.25
1994-09-09,000529,10.75,9.56,10.79,9.5,109543,109679384.0,12.17,-9.81,-1.04,15.6
1994-09-12,000529,9.9,9.9,10.1,9.68,47926,47433156.0,4.39,3.56,0.34,6.83
1994-09-13,000529,10.1,9.68,10.3,9.5,50182,49993968.0,8.08,-2.22,-0.22,7.15
1994-09-14,000529,9.8,9.42,9.8,9.0,30470,28464126.0,8.26,-2.69,-0.26,4.34
1994-09-15,000529,9.2,9.05,9.3,8.98,25991,23662378.0,3.4,-3.93,-0.37,3.7
1994-09-16,000529,9.3,9.25,9.4,9.1,17465,16135711.0,3.31,2.21,0.2,2.49
1994-09-19,000529,9.1,9.1,9.2,9.0,12022,10986253.0,2.16,-1.62,-0.15,1.71
1994-09-20,000529,8.99,8.9,9.04,8.66,16908,14955854.0,4.18,-2.2,-0.2,2.41
1994-09-21,000529,8.9,9.26,9.5,8.85,22018,20325796.0,7.3,4.04,0.36,3.14
1994-09-22,000529,9.4,9.08,9.5,9.04,21412,19720792.0,4.97,-1.94,-0.18,3.05
1994-09-23,000529,8.96,8.92,9.01,8.85,15924,14207306.0,1.76,-1.76,-0.16,2.27
1994-09-26,000529,8.9,8.95,9.02,8.7,9095,8055855.5,3.59,0.34,0.03,1.3
1994-09-27,000529,9.04,9.05,9.08,8.7,16796,14976732.0,4.25,1.12,0.1,2.39
1994-09-28,000529,9.1,9.3,9.32,8.8,34439,31546172.0,5.75,2.76,0.25,4.91
1994-09-29,000529,9.3,8.66,9.65,7.5,36063,32647838.0,23.12,-6.88,-0.64,5.14
1994-09-30,000529,9.5,8.0,9.5,7.75,46344,37955324.0,20.21,-7.62,-0.66,6.6
1994-10-05,000529,7.75,6.7,7.75,6.3,29928,21139912.0,18.13,-16.25,-1.3,4.26
1994-10-06,000529,6.7,6.35,7.1,6.3,26252,17837290.0,11.94,-5.22,-0.35,3.74
1994-10-07,000529,6.3,7.0,7.18,5.8,40192,25504364.0,21.73,10.24,0.65,5.73
1994-10-10,000529,7.0,6.55,7.0,6.3,21568,14277783.0,10.0,-6.43,-0.45,3.07
1994-10-11,000529,6.5,6.68,6.9,6.5,13762,9204773.0,6.11,1.98,0.13,1.96
1994-10-12,000529,6.68,6.69,6.8,6.6,10520,7035687.5,2.99,0.15,0.01,1.5
1994-10-13,000529,6.7,6.15,6.72,6.11,16974,10811688.0,9.12,-8.07,-0.54,2.42
1994-10-14,000529,6.15,6.32,6.45,5.98,18255,11303967.0,7.64,2.76,0.17,2.6
1994-10-17,000529,6.2,6.13,6.23,6.02,7077,4368504.5,3.32,-3.01,-0.19,1.01
1994-10-18,000529,6.02,6.2,6.25,6.02,4047,2502326.0,3.75,1.14,0.07,0.58
1994-10-19,000529,6.2,6.41,6.41,6.2,4916,3112221.8,3.39,3.39,0.21,0.7
1994-10-20,000529,6.52,6.7,6.7,6.4,15317,10011679.0,4.68,4.52,0.29,2.18
1994-10-21,000529,6.8,6.42,6.85,6.41,16068,10709722.0,6.57,-4.18,-0.28,2.29
1994-10-24,000529,6.8,6.8,6.82,6.55,11229,7501969.0,4.21,5.92,0.38,1.6
1994-10-25,000529,6.9,6.58,6.98,6.55,17518,11829785.0,6.32,-3.24,-0.22,2.5
1994-10-26,000529,6.5,6.5,6.8,6.43,14175,9290713.0,5.62,-1.22,-0.08,2.02
1994-10-27,000529,6.46,6.6,6.6,6.25,5014,3246375.8,5.38,1.54,0.1,0.71
1994-10-28,000529,6.62,6.51,6.65,6.5,3761,2463862.0,2.27,-1.36,-0.09,0.54
1994-10-31,000529,6.5,6.3,6.5,6.21,6597,4167894.0,4.45,-3.23,-0.21,0.94
1994-11-01,000529,6.25,6.33,6.38,6.25,3009,1901070.0,2.06,0.48,0.03,0.43
1994-11-02,000529,6.25,6.4,6.59,6.25,4863,3136670.5,5.37,1.11,0.07,0.69
1994-11-03,000529,6.35,6.55,6.6,6.35,4927,3220601.5,3.91,2.34,0.15,0.7
1994-11-04,000529,6.59,6.39,6.61,6.35,4325,2786408.2,3.97,-2.44,-0.16,0.62
1994-11-07,000529,6.4,6.37,6.4,6.27,2087,1322777.0,2.03,-0.31,-0.02,0.3
1994-11-08,000529,6.5,6.46,6.59,6.4,4492,2916584.5,2.98,1.41,0.09,0.64
1994-11-09,000529,6.5,6.5,6.53,6.35,5572,3594107.5,2.79,0.62,0.04,0.79
1994-11-10,000529,6.5,6.37,6.59,6.37,4437,2877576.0,3.38,-2.0,-0.13,0.63
1994-11-11,000529,6.4,6.52,6.52,6.37,2739,1765235.1,2.35,2.35,0.15,0.39
1994-11-14,000529,6.6,6.48,6.6,6.47,3350,2183214.0,1.99,-0.61,-0.04,0.48
1994-11-15,000529,6.4,6.5,6.58,6.39,4257,2769705.5,2.93,0.31,0.02,0.61
1994-11-16,000529,6.5,6.44,6.5,6.38,2505,1607763.8,1.85,-0.92,-0.06,0.36
1994-11-17,000529,6.44,6.39,6.45,6.38,1327,849770.9,1.09,-0.78,-0.05,0.19
1994-11-18,000529,6.38,6.38,6.39,6.3,2956,1869509.9,1.41,-0.16,-0.01,0.42
1994-11-21,000529,6.4,6.35,6.4,6.33,1078,686188.1,1.1,-0.47,-0.03,0.15
1994-11-22,000529,6.35,6.36,6.4,6.35,1177,748243.0,0.79,0.16,0.01,0.17
1994-11-23,000529,6.35,6.31,6.36,6.3,1440,909048.9,0.94,-0.79,-0.05,0.21
1994-11-24,000529,6.3,6.24,6.3,6.18,1480,922719.1,1.9,-1.11,-0.07,0.21
1994-11-25,000529,6.24,6.23,6.35,6.23,1888,1182259.2,1.92,-0.16,-0.01,0.27
1994-11-28,000529,6.23,6.26,6.35,6.2,1269,795636.0,2.41,0.48,0.03,0.18
1994-11-29,000529,6.26,6.35,6.35,6.2,1081,675065.8,2.4,1.44,0.09,0.15
1994-11-30,000529,6.35,6.28,6.4,6.05,828,520404.0,5.51,-1.1,-0.07,0.12
1994-12-01,000529,5.6,6.27,6.39,5.6,1284,785317.0,12.58,-0.16,-0.01,0.18
1994-12-02,000529,6.27,6.22,6.3,6.2,1201,747000.0,1.59,-0.8,-0.05,0.17
1994-12-05,000529,6.2,6.12,6.2,6.1,1580,971221.0,1.61,-1.61,-0.1,0.23
1994-12-06,000529,6.12,6.0,6.12,5.99,3009,1810120.6,2.12,-1.96,-0.12,0.43
1994-12-07,000529,6.0,6.03,6.1,5.98,668,402680.0,2.0,0.5,0.03,0.1
1994-12-08,000529,5.97,5.93,6.05,5.9,1285,765953.9,2.49,-1.66,-0.1,0.18
1994-12-09,000529,5.93,5.8,5.93,5.8,2963,1731796.1,2.19,-2.19,-0.13,0.42
1994-12-12,000529,5.76,5.63,5.76,5.61,1715,970559.1,2.59,-2.93,-0.17,0.24
1994-12-13,000529,5.65,5.75,5.79,5.6,2285,1299713.1,3.37,2.13,0.12,0.33
1994-12-14,000529,5.8,5.6,5.8,5.59,1955,1106724.1,3.65,-2.61,-0.15,0.28
1994-12-15,000529,5.6,6.13,6.15,5.58,6813,4025209.8,10.18,9.46,0.53,0.97
1994-12-16,000529,6.2,6.05,6.38,5.83,10974,6785641.5,8.97,-1.31,-0.08,1.56
1994-12-19,000529,6.0,5.85,6.19,5.81,3339,2002380.8,6.28,-3.31,-0.2,0.48
1994-12-20,000529,5.85,5.95,6.0,5.85,2938,1742553.6,2.56,1.71,0.1,0.42
1994-12-21,000529,5.9,5.91,6.08,5.89,2699,1616647.8,3.19,-0.67,-0.04,0.38
1994-12-22,000529,5.89,5.8,5.95,5.75,3740,2182982.5,3.38,-1.86,-0.11,0.53
1994-12-23,000529,5.81,5.8,5.95,5.75,1964,1141097.4,3.45,0.0,0.0,0.28
1994-12-26,000529,5.75,5.73,5.8,5.71,2541,1464032.0,1.55,-1.21,-0.07,0.36
1994-12-27,000529,5.73,5.78,6.05,5.7,3211,1876343.0,6.11,0.87,0.05,0.46
1994-12-28,000529,5.8,5.83,5.88,5.75,1731,1004887.1,2.25,0.87,0.05,0.25
1994-12-29,000529,5.88,5.8,5.88,5.75,1733,1004616.9,2.23,-0.51,-0.03,0.25
1994-12-30,000529,5.7,5.92,5.92,5.7,1799,1054847.2,3.79,2.07,0.12,0.26
1995-01-03,000529,5.71,5.8,5.81,5.68,883,509319.0,2.2,-2.03,-0.12,0.13
1995-01-04,000529,5.85,5.94,5.98,5.8,1600,944320.0,3.1,2.41,0.14,0.23
1995-01-05,000529,6.0,5.95,6.05,5.9,4543,2712171.0,2.53,0.17,0.01,0.65
1995-01-06,000529,5.91,5.98,6.0,5.85,1495,888627.9,2.52,0.5,0.03,0.21
1995-01-09,000529,5.98,5.83,5.98,5.8,1210,711964.0,3.01,-2.51,-0.15,0.17
1995-01-10,000529,5.8,5.66,5.8,5.63,2594,1481174.0,2.92,-2.92,-0.17,0.37
1995-01-11,000529,5.66,5.66,5.68,5.6,1305,737586.0,1.41,0.0,0.0,0.19
1995-01-12,000529,5.7,5.59,5.72,5.57,1639,923412.6,2.65,-1.24,-0.07,0.23
1995-01-13,000529,5.59,5.55,5.59,5.53,2035,1131867.0,1.07,-0.72,-0.04,0.29
1995-01-16,000529,5.4,5.32,5.4,5.3,1356,725188.8,1.8,-4.14,-0.23,0.19
1995-01-17,000529,5.2,5.25,5.36,5.2,1547,812484.4,3.01,-1.32,-0.07,0.22
1995-01-18,000529,5.3,5.3,5.35,5.25,1160,614800.0,1.9,0.95,0.05,0.17
1995-01-19,000529,5.3,5.23,5.34,5.18,1258,661204.8,3.02,-1.32,-0.07,0.18
1995-01-20,000529,5.2,5.25,5.29,5.13,2169,1133085.6,3.06,0.38,0.02,0.31
1995-01-23,000529,5.15,5.15,5.18,5.1,939,483209.4,1.52,-1.9,-0.1,0.13
1995-01-24,000529,5.11,5.15,5.2,5.1,1009,518827.8,1.94,0.0,0.0,0.14
1995-01-25,000529,5.2,5.2,5.27,5.08,1652,857388.0,3.69,0.97,0.05,0.24
1995-01-26,000529,5.2,5.18,5.22,5.15,901,467258.6,1.35,-0.38,-0.02,0.13
1995-01-27,000529,5.15,5.2,5.28,5.15,1638,851104.8,2.51,0.39,0.02,0.23
1995-02-13,000529,5.2,5.25,5.3,5.01,622,323564.4,5.58,0.96,0.05,0.09
1995-02-14,000529,5.24,5.25,5.29,5.18,504,264196.8,2.1,0.0,0.0,0.07
1995-02-15,000529,5.25,5.23,5.28,5.2,740,387612.0,1.52,-0.38,-0.02,0.11
1995-02-16,000529,5.2,5.2,5.25,5.2,700,364700.0,0.96,-0.57,-0.03,0.1
1995-02-17,000529,5.2,5.24,5.25,5.18,290,151438.0,1.35,0.77,0.04,0.04
1995-02-20,000529,5.22,5.21,5.26,5.2,493,257346.0,1.15,-0.57,-0.03,0.07
1995-02-21,000529,5.2,5.22,5.25,5.19,427,222723.2,1.15,0.19,0.01,0.06
1995-02-22,000529,5.16,5.75,5.83,5.16,4772,2638915.8,12.84,10.15,0.53,0.68
1995-02-23,000529,5.8,5.55,5.8,5.4,6312,3547344.2,6.96,-3.48,-0.2,0.9
1995-02-24,000529,5.55,5.34,5.6,5.33,2367,1285754.5,4.86,-3.78,-0.21,0.34
1995-02-27,000529,5.47,5.35,5.75,5.35,3659,1995618.6,7.49,0.19,0.01,0.52
1995-02-28,000529,5.31,5.35,5.4,5.25,2234,1191168.8,2.8,0.0,0.0,0.32
1995-03-01,000529,5.4,5.41,5.45,5.34,911,492122.2,2.06,1.12,0.06,0.13
1995-03-02,000529,5.41,5.45,5.46,5.4,937,509165.8,1.11,0.74,0.04,0.13
1995-03-03,000529,5.46,5.6,5.66,5.45,3368,1870587.1,3.85,2.75,0.15,0.48
1995-03-06,000529,5.62,5.82,5.83,5.62,5915,3396393.0,3.75,3.93,0.22,0.84
1995-03-07,000529,5.82,5.99,6.0,5.76,7780,4599536.0,4.12,2.92,0.17,1.11
1995-03-08,000529,5.95,5.91,6.04,5.85,8778,5207109.5,3.17,-1.34,-0.08,1.25
1995-03-09,000529,5.85,5.71,5.86,5.71,3595,2073596.0,2.54,-3.38,-0.2,0.51
1995-03-10,000529,5.68,5.55,5.7,5.55,3936,2206521.5,2.63,-2.8,-0.16,0.56
1995-03-13,000529,5.68,5.57,5.72,5.54,1816,1019865.6,3.24,0.36,0.02,0.26
1995-03-14,000529,5.55,5.6,5.65,5.48,2003,1116872.9,3.05,0.54,0.03,0.29
1995-03-15,000529,5.58,5.5,5.61,5.48,1277,706691.8,2.32,-1.79,-0.1,0.18
1995-03-16,000529,5.5,5.5,5.5,5.38,2670,1462092.0,2.18,0.0,0.0,0.38
1995-03-17,000529,5.55,5.57,5.58,5.48,1052,583860.0,1.82,1.27,0.07,0.15
1995-03-20,000529,5.6,5.48,5.69,5.48,1883,1044311.8,3.77,-1.62,-0.09,0.27
1995-03-21,000529,5.4,5.52,5.55,5.4,959,525340.2,2.74,0.73,0.04,0.14
1995-03-22,000529,5.55,5.6,5.6,5.55,1790,998820.0,0.91,1.45,0.08,0.25
1995-03-23,000529,5.6,5.52,5.65,5.25,6314,3477751.2,7.14,-1.43,-0.08,0.9
1995-03-24,000529,5.4,5.52,5.52,5.25,4168,2268225.5,4.89,0.0,0.0,0.59
1995-03-27,000529,5.55,5.58,5.59,5.48,4419,2455196.5,1.99,1.09,0.06,0.63
1995-03-28,000529,5.58,5.47,5.6,5.35,6117,3360679.8,4.48,-1.97,-0.11,0.87
1995-03-29,000529,5.48,5.55,5.55,5.45,2384,1315014.5,1.83,1.46,0.08,0.34
1995-03-30,000529,5.56,5.49,5.62,5.47,3015,1666089.0,2.7,-1.08,-0.06,0.43
1995-03-31,000529,5.48,5.52,5.55,5.45,4026,2215910.5,1.82,0.55,0.03,0.57
1995-04-03,000529,5.52,5.57,5.6,5.52,2347,1307295.0,1.45,0.91,0.05,0.33
1995-04-04,000529,5.55,5.53,5.57,5.5,1713,946078.0,1.26,-0.72,-0.04,0.24
1995-04-05,000529,5.53,5.53,5.58,5.51,2614,1448138.0,1.27,0.0,0.0,0.37
1995-04-06,000529,5.5,5.52,5.54,5.46,1301,716358.0,1.45,-0.18,-0.01,0.19
1995-04-07,000529,5.52,5.68,5.74,5.48,6458,3637405.0,4.71,2.9,0.16,0.92
1995-04-10,000529,5.89,5.96,6.03,5.89,21329,12734430.0,2.46,4.93,0.28,3.04
1995-04-11,000529,5.96,5.81,5.97,5.78,10391,6102789.0,3.19,-2.52,-0.15,1.48
1995-04-12,000529,5.8,5.72,5.8,5.68,10781,6158432.0,2.07,-1.55,-0.09,1.54
1995-04-13,000529,5.7,5.59,5.72,5.55,11048,6210126.0,2.97,-2.27,-0.13,1.57
1995-04-14,000529,5.59,5.64,5.66,5.5,6857,3833783.0,2.86,0.89,0.05,0.98
1995-04-17,000529,5.65,5.59,5.7,5.52,11732,6560943.0,3.19,-0.89,-0.05,1.67
1995-04-18,000529,5.4,5.26,5.4,5.2,5445,2871661.0,3.58,-5.9,-0.33,0.56
1995-04-19,000529,5.25,5.18,5.29,5.18,3092,1615048.0,2.09,-1.52,-0.08,0.32
1995-04-20,000529,5.18,5.18,5.18,5.1,5198,2669263.0,1.54,0.0,0.0,0.54
1995-04-21,000529,5.18,5.12,5.18,5.1,4060,2079563.0,1.54,-1.16,-0.06,0.42
1995-04-24,000529,5.1,4.98,5.12,4.98,5690,2858735.0,2.73,-2.73,-0.14,0.59
1995-04-25,000529,4.98,4.96,4.98,4.9,3545,1748601.0,1.61,-0.4,-0.02,0.37
1995-04-26,000529,4.96,4.87,5.06,4.85,4352,2140541.0,4.23,-1.81,-0.09,0.45
1995-04-27,000529,4.84,4.62,5.0,4.3,10476,4823017.0,14.37,-5.13,-0.25,1.08
1995-04-28,000529,4.62,4.83,4.85,4.62,7291,3456866.0,4.98,4.55,0.21,0.75
1995-05-02,000529,4.83,4.86,4.88,4.75,2848,1371439.0,2.69,0.62,0.03,0.29
1995-05-03,000529,4.88,4.81,4.9,4.81,2757,1340181.0,1.85,-1.03,-0.05,0.28
1995-05-04,000529,4.9,4.77,4.95,4.71,2482,1181594.0,4.99,-0.83,-0.04,0.26
1995-05-05,000529,4.77,4.8,4.81,4.71,1629,779748.0,2.1,0.63,0.03,0.17
1995-05-08,000529,4.82,4.85,4.89,4.82,1123,545265.0,1.46,1.04,0.05,0.12
1995-05-09,000529,4.89,4.93,4.94,4.88,1987,976824.0,1.24,1.65,0.08,0.2
1995-05-10,000529,4.93,4.76,4.93,4.75,2338,1124356.0,3.65,-3.45,-0.17,0.24
1995-05-11,000529,4.8,4.8,4.85,4.78,1080,519342.0,1.47,0.84,0.04,0.11
1995-05-12,000529,4.8,4.84,4.92,4.76,2652,1288273.0,3.33,0.83,0.04,0.27
1995-05-15,000529,4.9,4.96,4.98,4.85,4607,2269696.0,2.69,2.48,0.12,0.47
1995-05-16,000529,4.95,4.91,4.97,4.86,3028,1487857.0,2.22,-1.01,-0.05,0.31
1995-05-17,000529,4.91,4.84,4.92,4.82,3333,1613665.0,2.04,-1.43,-0.07,0.34
1995-05-18,000529,5.5,5.85,6.2,5.5,48557,28634996.0,14.46,20.87,1.01,5.0
1995-05-19,000529,5.89,5.97,6.03,5.7,41974,24678156.0,5.64,2.05,0.12,4.33
1995-05-22,000529,6.06,6.13,6.4,6.0,57908,35935148.0,6.7,2.68,0.16,5.97
1995-05-23,000529,5.58,5.04,5.58,5.0,26591,14106178.0,9.46,-17.78,-1.09,2.74
1995-05-24,000529,5.1,5.05,5.2,4.95,10155,5137586.0,4.96,0.2,0.01,1.05
1995-05-25,000529,5.0,4.79,5.1,4.75,11438,5639153.0,6.93,-5.15,-0.26,1.18
1995-05-26,000529,4.7,4.8,5.0,4.7,14048,6725963.0,6.26,0.21,0.01,1.45
1995-05-29,000529,4.85,4.75,4.85,4.68,5253,2483381.0,3.54,-1.04,-0.05,0.54
1995-05-30,000529,4.79,4.69,4.79,4.61,4825,2272930.0,3.79,-1.26,-0.06,0.5
1995-05-31,000529,4.7,4.67,4.73,4.65,3147,1470872.0,1.71,-0.43,-0.02,0.32
1995-06-01,000529,4.69,4.73,4.75,4.63,4052,1897997.0,2.57,1.28,0.06,0.42
1995-06-02,000529,4.75,4.72,4.78,4.7,2709,1283261.0,1.69,-0.21,-0.01,0.28
1995-06-05,000529,4.75,4.62,4.75,4.62,2085,975274.0,2.75,-2.12,-0.1,0.21
1995-06-06,000529,4.6,4.96,4.96,4.54,3418,1601080.0,9.09,7.36,0.34,0.35
1995-06-07,000529,4.85,4.83,4.85,4.61,6184,2942417.0,4.84,-2.62,-0.13,0.64
1995-06-08,000529,4.83,4.7,4.84,4.66,3513,1661591.0,3.73,-2.69,-0.13,0.36
1995-06-09,000529,4.66,4.74,4.77,4.65,1911,900454.0,2.55,0.85,0.04,0.2
1995-06-12,000529,4.65,4.66,4.7,4.6,5341,2475000.0,2.11,-1.69,-0.08,0.55
1995-06-13,000529,4.69,4.73,4.74,4.69,3875,1826973.0,1.07,1.5,0.07,0.4
1995-06-14,000529,4.73,4.66,4.73,4.65,2443,1144191.0,1.69,-1.48,-0.07,0.25
1995-06-15,000529,4.66,4.47,4.7,4.39,7318,3287901.0,6.65,-4.08,-0.19,0.75
1995-06-16,000529,4.4,4.51,4.55,4.35,6202,2764163.0,4.47,0.89,0.04,0.64
1995-06-19,000529,4.51,4.56,4.6,4.48,8727,3972136.0,2.66,1.11,0.05,0.9
1995-06-20,000529,3.95,3.88,3.95,3.82,6670,2587835.0,2.85,-14.91,-0.68,0.61
1995-06-21,000529,3.88,3.87,3.9,3.84,3667,1422470.0,1.55,-0.26,-0.01,0.34
1995-06-22,000529,3.86,3.85,3.89,3.84,3190,1232049.0,1.29,-0.52,-0.02,0.29
1995-06-23,000529,3.88,3.85,3.88,3.85,2756,1064926.0,0.78,0.0,0.0,0.25
1995-06-26,000529,3.86,3.91,3.93,3.85,3629,1412710.0,2.08,1.56,0.06,0.33
1995-06-27,000529,3.95,3.86,3.95,3.85,4459,1734577.0,2.56,-1.28,-0.05,0.41
1995-06-28,000529,3.85,3.84,3.85,3.8,2981,1138701.0,1.3,-0.52,-0.02,0.27
1995-06-29,000529,3.84,3.82,3.85,3.8,1756,669229.0,1.3,-0.52,-0.02,0.16
1995-06-30,000529,3.81,3.75,3.82,3.7,3964,1485504.0,3.14,-1.83,-0.07,0.36
1995-07-03,000529,3.68,3.54,3.68,3.53,7139,2544773.0,4.0,-5.6,-0.21,0.66
1995-07-04,000529,3.5,3.56,3.6,3.5,6139,2172766.0,2.82,0.56,0.02,0.48
1995-07-05,000529,3.43,3.54,3.55,3.4,22079,7639089.0,4.21,-0.56,-0.02,1.73
1995-07-06,000529,3.56,3.5,3.57,3.46,6287,2207368.0,3.11,-1.13,-0.04,0.49
1995-07-07,000529,3.5,3.58,3.59,3.4,9350,3289978.0,5.43,2.29,0.08,0.73
1995-07-10,000529,3.61,3.58,3.63,3.56,7271,2610809.0,1.96,0.0,0.0,0.57
1995-07-11,000529,3.58,3.5,3.6,3.49,3958,1396000.0,3.07,-2.23,-0.08,0.31
1995-07-12,000529,3.58,3.51,3.58,3.5,2915,1023810.0,2.29,0.29,0.01,0.23
1995-07-13,000529,3.58,3.53,3.58,3.5,5077,1794061.0,2.28,0.57,0.02,0.4
1995-07-14,000529,3.53,3.55,3.58,3.53,8803,3135851.0,1.42,0.57,0.02,0.69
1995-07-17,000529,3.55,3.73,3.75,3.55,17908,6587232.0,5.63,5.07,0.18,1.4
1995-07-18,000529,3.73,3.7,3.75,3.62,8889,3260860.0,3.49,-0.8,-0.03,0.7
1995-07-19,000529,3.68,3.75,3.79,3.65,19250,7179893.0,3.78,1.35,0.05,1.51
1995-07-20,000529,3.7,3.88,4.0,3.69,25020,9660347.0,8.27,3.47,0.13,1.96
1995-07-21,000529,3.88,3.9,3.95,3.8,18791,7278431.0,3.87,0.52,0.02,1.47
1995-07-24,000529,3.92,3.99,4.11,3.9,31982,12755768.0,5.38,2.31,0.09,2.5
1995-07-25,000529,3.97,4.0,4.08,3.91,23927,9531056.0,4.26,0.25,0.01,1.87
1995-07-26,000529,4.02,4.04,4.12,4.0,29001,11748403.0,3.0,1.0,0.04,2.27
1995-07-27,000529,4.04,4.18,4.18,4.0,32289,13223125.0,4.46,3.47,0.14,2.53
1995-07-28,000529,4.18,4.18,4.27,4.15,61960,26035532.0,2.87,0.0,0.0,4.85
1995-07-31,000529,4.19,4.19,4.25,4.13,30604,12786358.0,2.87,0.24,0.01,2.39
1995-08-01,000529,4.2,4.11,4.24,4.08,33469,13843772.0,3.82,-1.91,-0.08,2.62
1995-08-02,000529,4.1,4.03,4.2,4.03,42283,17287264.0,4.14,-1.95,-0.08,3.31
1995-08-03,000529,4.03,4.1,4.18,4.0,30181,12368307.0,4.47,1.74,0.07,2.36
1995-08-07,000529,4.12,4.13,4.16,4.05,37827,15448242.0,2.68,0.73,0.03,2.96
1995-08-08,000529,4.15,4.18,4.26,4.1,47193,19720340.0,3.87,1.21,0.05,3.69
1995-08-09,000529,4.17,4.35,4.38,4.12,54954,23207478.0,6.22,4.07,0.17,4.3
1995-08-10,000529,4.33,4.48,4.48,4.25,98817,43045056.0,5.29,2.99,0.13,7.73
1995-08-11,000529,4.44,4.54,4.55,4.3,73409,32414136.0,5.58,1.34,0.06,5.74
1995-08-14,000529,4.55,4.59,4.68,4.44,89982,40885500.0,5.29,1.1,0.05,7.04
1995-08-15,000529,4.55,4.38,4.55,4.35,31436,13901148.0,4.36,-4.58,-0.21,2.46
1995-08-16,000529,4.38,4.44,4.53,4.35,27990,12393673.0,4.11,1.37,0.06,2.19
1995-08-17,000529,4.45,4.85,4.85,4.4,153078,70457064.0,10.14,9.23,0.41,11.97
1995-08-18,000529,4.8,5.38,5.38,4.51,299164,148591312.0,17.94,10.93,0.53,23.4
1995-08-21,000529,5.4,5.46,6.0,5.24,247690,135157552.0,14.13,1.49,0.08,19.37
1995-08-22,000529,5.3,5.0,5.38,4.9,74194,37954680.0,8.79,-8.42,-0.46,5.8
1995-08-23,000529,4.99,4.6,4.99,4.55,38508,18185230.0,8.8,-8.0,-0.4,3.01
1995-08-24,000529,4.55,4.78,4.84,4.5,69228,32461148.0,7.39,3.91,0.18,5.42
1995-08-25,000529,4.78,4.59,4.78,4.55,19194,8889175.0,4.81,-3.97,-0.19,1.5
1995-08-28,000529,4.59,4.52,4.59,4.48,9172,4142970.0,2.4,-1.53,-0.07,0.72
1995-08-29,000529,4.52,4.55,4.65,4.5,19252,8760017.0,3.32,0.66,0.03,1.51
1995-08-30,000529,4.55,4.55,4.63,4.5,14016,6380502.0,2.86,0.0,0.0,1.1
1995-08-31,000529,4.6,4.64,4.65,4.44,35517,16106582.0,4.62,1.98,0.09,2.78
1995-09-04,000529,4.64,4.68,4.68,4.55,48778,22434800.0,2.8,0.86,0.04,3.82
1995-09-05,000529,4.66,4.79,4.81,4.59,113562,53603144.0,4.7,2.35,0.11,8.88
1995-09-06,000529,4.78,5.03,5.09,4.71,120956,59877000.0,7.93,5.01,0.24,9.46
1995-09-07,000529,5.03,4.89,5.09,4.89,86386,43074340.0,3.98,-2.78,-0.14,6.76
1995-09-08,000529,4.83,4.64,4.93,4.64,71356,33792808.0,5.93,-5.11,-0.25,5.58
1995-09-11,000529,4.78,4.77,4.85,4.62,36125,17009534.0,4.96,2.8,0.13,2.83
1995-09-12,000529,4.8,4.75,4.92,4.72,34887,16696598.0,4.19,-0.42,-0.02,2.73
1995-09-13,000529,4.76,4.74,4.76,4.64,24762,11616349.0,2.53,-0.21,-0.01,1.94
1995-09-14,000529,4.76,4.71,4.77,4.67,24884,11730666.0,2.11,-0.63,-0.03,1.95
1995-09-15,000529,4.65,4.71,4.72,4.65,10068,4712949.0,1.49,0.0,0.0,0.79
1995-09-18,000529,4.7,4.69,4.74,4.67,10922,5130014.0,1.49,-0.42,-0.02,0.85
1995-09-19,000529,4.68,4.52,4.69,4.5,19981,9172655.0,4.05,-3.62,-0.17,1.56
1995-09-20,000529,4.5,4.45,4.5,4.32,20800,9196064.0,3.98,-1.55,-0.07,1.63
1995-09-21,000529,4.45,4.51,4.51,4.4,22041,9766489.0,2.47,1.35,0.06,1.72
1995-09-22,000529,4.52,4.48,4.55,4.45,12207,5460450.0,2.22,-0.67,-0.03,0.95
1995-09-25,000529,4.48,4.44,4.5,4.38,6018,2652499.0,2.68,-0.89,-0.04,0.47
1995-09-26,000529,4.41,4.45,4.47,4.4,3523,1559676.0,1.58,0.23,0.01,0.28
1995-09-27,000529,4.4,4.35,4.43,4.35,9140,3997721.0,1.8,-2.25,-0.1,0.71
1995-09-28,000529,4.31,4.33,4.35,4.26,6504,2791895.0,2.07,-0.46,-0.02,0.51
1995-09-29,000529,4.3,4.42,4.46,4.28,8038,3542672.0,4.16,2.08,0.09,0.63
1995-10-04,000529,4.41,4.39,4.42,4.35,3450,1512141.0,1.58,-0.68,-0.03,0.27
1995-10-05,000529,4.38,4.41,4.44,4.35,2635,1153680.0,2.05,0.46,0.02,0.21
1995-10-06,000529,4.43,4.35,4.43,4.34,4491,1956948.0,2.04,-1.36,-0.06,0.35
1995-10-09,000529,4.35,4.27,4.35,4.22,6341,2716119.0,2.99,-1.84,-0.08,0.5
1995-10-10,000529,4.2,4.2,4.27,4.18,6112,2574757.0,2.11,-1.64,-0.07,0.48
1995-10-11,000529,4.21,4.13,4.21,4.0,6872,2823447.0,5.0,-1.67,-0.07,0.54
1995-10-12,000529,4.1,4.1,4.2,4.09,11070,4558513.0,2.66,-0.73,-0.03,0.87
1995-10-13,000529,4.1,4.16,4.16,4.08,5725,2352915.0,1.95,1.46,0.06,0.45
1995-10-16,000529,4.16,4.18,4.2,4.1,5873,2443848.0,2.4,0.48,0.02,0.46
1995-10-17,000529,4.18,4.18,4.22,4.15,3347,1401429.0,1.67,0.0,0.0,0.26
1995-10-18,000529,4.19,4.38,4.38,4.18,23037,9859216.0,4.78,4.78,0.2,1.8
1995-10-19,000529,4.38,4.23,4.43,4.23,10074,4355209.0,4.57,-3.42,-0.15,0.79
1995-10-20,000529,4.22,4.55,4.55,4.18,43545,19215418.0,8.75,7.57,0.32,3.41
1995-10-23,000529,4.57,4.48,4.61,4.42,35026,15815634.0,4.18,-1.54,-0.07,2.74
1995-10-24,000529,4.47,4.42,4.51,4.4,14351,6355985.0,2.46,-1.34,-0.06,1.12
1995-10-25,000529,4.49,4.69,4.75,4.49,78261,36230852.0,5.88,6.11,0.27,6.12
1995-10-26,000529,4.66,4.5,4.67,4.48,29322,13351865.0,4.05,-4.05,-0.19,2.29
1995-10-27,000529,4.45,4.35,4.49,4.29,18281,7959837.0,4.44,-3.33,-0.15,1.43
1995-10-30,000529,4.3,4.29,4.35,4.25,7271,3111569.0,2.3,-1.38,-0.06,0.57
1995-10-31,000529,4.28,4.26,4.34,4.25,7927,3394307.0,2.1,-0.7,-0.03,0.62
1995-11-01,000529,4.25,4.27,4.35,4.2,8230,3494203.0,3.52,0.23,0.01,0.64
1995-11-02,000529,4.27,4.27,4.28,4.24,3676,1566367.0,0.94,0.0,0.0,0.29
1995-11-03,000529,4.27,4.3,4.32,4.27,4015,1725208.0,1.17,0.7,0.03,0.31
1995-11-06,000529,4.33,4.3,4.35,4.26,4374,1875465.0,2.09,0.0,0.0,0.34
1995-11-07,000529,4.3,4.32,4.32,4.25,5332,2284459.0,1.63,0.47,0.02,0.42
1995-11-08,000529,4.28,4.24,4.28,4.23,4794,2036262.0,1.16,-1.85,-0.08,0.37
1995-11-09,000529,4.21,4.24,4.24,4.2,5603,2362395.0,0.94,0.0,0.0,0.44
1995-11-10,000529,4.23,4.22,4.25,4.2,3704,1564636.0,1.18,-0.47,-0.02,0.29
1995-11-13,000529,4.2,4.18,4.25,4.15,4567,1916961.0,2.37,-0.95,-0.04,0.36
1995-11-14,000529,4.15,4.18,4.19,4.15,2422,1010719.0,0.96,0.0,0.0,0.19
1995-11-15,000529,4.18,4.21,4.22,4.16,2053,859378.0,1.44,0.72,0.03,0.16
1995-11-16,000529,4.24,4.16,4.25,4.16,3439,1442849.0,2.14,-1.19,-0.05,0.27
1995-11-17,000529,4.2,4.16,4.2,4.15,29,1203545.0,1.2,0.0,0.0,0.0
1995-11-20,000529,4.18,4.17,4.18,4.14,1252,521142.0,0.96,0.24,0.01,0.1
1995-11-21,000529,4.17,4.19,4.2,4.15,1969,823053.0,1.2,0.48,0.02,0.15
1995-11-22,000529,4.2,4.15,4.22,4.15,2653,1105265.0,1.67,-0.95,-0.04,0.21
1995-11-23,000529,4.15,4.12,4.15,4.11,2767,1143122.0,0.96,-0.72,-0.03,0.22
1995-11-24,000529,4.15,4.12,4.15,4.11,2368,976407.0,0.97,0.0,0.0,0.19
1995-11-27,000529,4.1,4.09,4.13,4.09,2510,1030766.0,0.97,-0.73,-0.03,0.2
1995-11-28,000529,4.1,4.05,4.1,4.0,3932,1593280.8,2.44,-0.98,-0.04,0.31
1995-11-29,000529,4.05,4.02,4.07,4.0,3339,1342515.9,1.73,-0.74,-0.03,0.26
1995-11-30,000529,4.05,4.01,4.06,3.97,5058,2025270.9,2.24,-0.25,-0.01,0.4
1995-12-01,000529,4.0,3.96,4.0,3.93,2676,1058495.4,1.75,-1.25,-0.05,0.21
1995-12-04,000529,3.95,3.97,3.99,3.94,2776,1098916.9,1.26,0.25,0.01,0.22
1995-12-05,000529,3.99,4.0,4.01,3.97,1561,623488.4,1.01,0.76,0.03,0.12
1995-12-06,000529,4.0,3.99,4.01,3.99,1255,501880.8,0.5,-0.25,-0.01,0.1
1995-12-07,000529,4.0,4.0,4.0,3.95,2855,1132467.2,1.25,0.25,0.01,0.22
1995-12-08,000529,3.99,4.01,4.05,3.99,1831,735880.7,1.5,0.25,0.01,0.14
1995-12-11,000529,4.0,3.96,4.03,3.96,1645,655503.4,1.75,-1.25,-0.05,0.13
1995-12-12,000529,3.96,3.98,3.99,3.91,2365,931860.3,2.02,0.51,0.02,0.18
1995-12-13,000529,3.98,3.9,3.98,3.9,1960,769916.6,2.01,-2.01,-0.08,0.15
1995-12-14,000529,3.91,3.9,3.92,3.89,1902,742470.0,0.77,0.0,0.0,0.15
1995-12-15,000529,3.89,3.89,3.91,3.86,1582,614918.6,1.28,-0.26,-0.01,0.12
1995-12-18,000529,3.85,3.78,3.85,3.76,2527,957853.6,2.31,-2.83,-0.11,0.2
1995-12-19,000529,3.81,3.81,3.86,3.8,1813,690523.1,1.59,0.79,0.03,0.14
1995-12-20,000529,3.82,3.84,3.84,3.8,1328,507411.0,1.05,0.79,0.03,0.1
1995-12-21,000529,3.85,3.8,3.85,3.78,1548,590973.6,1.82,-1.04,-0.04,0.12
1995-12-22,000529,3.78,3.78,3.82,3.77,1613,611967.8,1.32,-0.53,-0.02,0.13
1995-12-25,000529,3.78,3.7,3.78,3.65,2148,794379.5,3.44,-2.12,-0.08,0.17
1995-12-26,000529,3.65,3.68,3.72,3.65,2176,803888.2,1.89,-0.54,-0.02,0.17
1995-12-27,000529,3.66,3.7,3.7,3.63,1818,665165.8,1.9,0.54,0.02,0.14
1995-12-28,000529,3.62,3.65,3.7,3.62,1337,489783.9,2.16,-1.35,-0.05,0.1
1995-12-29,000529,3.65,3.65,3.7,3.62,1531,559750.1,2.19,0.0,0.0,0.12
1996-01-02,000529,3.65,3.55,3.65,3.55,1398,498824.0,2.74,-2.74,-0.1,0.11
1996-01-03,000529,3.5,3.52,3.53,3.5,1396,490728.0,0.85,-0.85,-0.03,0.11
1996-01-04,000529,3.5,3.58,3.6,3.5,2345,835763.2,2.84,1.7,0.06,0.18
1996-01-05,000529,3.61,3.5,3.63,3.5,2108,750864.1,3.63,-2.23,-0.08,0.16
1996-01-08,000529,3.45,3.48,3.49,3.43,1387,480186.0,1.71,-0.57,-0.02,0.11
1996-01-09,000529,3.45,3.54,3.55,3.45,2230,784779.8,2.87,1.72,0.06,0.17
1996-01-10,000529,3.55,3.48,3.55,3.43,2209,765556.7,3.39,-1.69,-0.06,0.17
1996-01-11,000529,3.47,3.46,3.5,3.44,1447,500810.6,1.72,-0.57,-0.02,0.11
1996-01-12,000529,3.45,3.48,3.5,3.45,889,309045.6,1.45,0.58,0.02,0.07
1996-01-15,000529,3.46,3.51,3.55,3.45,1017,353928.9,2.87,0.86,0.03,0.08
1996-01-16,000529,3.48,3.49,3.52,3.48,679,237793.4,1.14,-0.57,-0.02,0.05
1996-01-17,000529,3.5,3.45,3.51,3.43,1572,542732.9,2.29,-1.15,-0.04,0.12
1996-01-18,000529,3.43,3.35,3.43,3.32,2105,706171.4,3.19,-2.9,-0.1,0.16
1996-01-19,000529,3.33,3.38,3.38,3.28,1700,567584.0,2.99,0.9,0.03,0.13
1996-01-22,000529,3.29,3.37,3.37,3.28,1354,453140.5,2.66,-0.3,-0.01,0.11
1996-01-23,000529,3.42,3.36,3.42,3.3,883,295826.5,3.56,-0.3,-0.01,0.07
1996-01-24,000529,3.35,3.36,3.4,3.35,764,258151.2,1.49,0.0,0.0,0.06
1996-01-25,000529,3.4,3.36,3.45,3.36,2604,887222.9,2.68,0.0,0.0,0.2
1996-01-26,000529,3.33,3.42,3.5,3.33,3242,1110950.5,5.06,1.79,0.06,0.25
1996-01-29,000529,3.45,3.5,3.5,3.45,3546,1233440.2,1.46,2.34,0.08,0.28
1996-01-30,000529,3.52,3.5,3.52,3.46,2076,724198.9,1.71,0.0,0.0,0.16
1996-01-31,000529,3.46,3.5,3.51,3.45,1856,646467.2,1.71,0.0,0.0,0.15
1996-02-01,000529,3.5,3.5,3.52,3.48,987,344423.5,1.14,0.0,0.0,0.08
1996-02-02,000529,3.49,3.47,3.49,3.46,1507,523563.8,0.86,-0.86,-0.03,0.12
1996-02-05,000529,3.48,3.45,3.49,3.45,1621,562916.1,1.15,-0.58,-0.02,0.13
1996-02-06,000529,3.43,3.41,3.43,3.39,708,241283.6,1.16,-1.16,-0.04,0.06
1996-02-07,000529,3.41,3.39,3.41,3.36,357,121529.3,1.47,-0.59,-0.02,0.03
1996-02-08,000529,3.38,3.37,3.4,3.37,904,306181.2,0.88,-0.59,-0.02,0.07
1996-02-09,000529,3.37,3.39,3.4,3.36,832,281728.0,1.19,0.59,0.02,0.07
1996-02-12,000529,3.43,3.43,3.43,3.39,653,222541.9,1.18,1.18,0.04,0.05
1996-02-13,000529,3.44,3.5,3.51,3.44,1577,549619.2,2.04,2.04,0.07,0.12
1996-02-14,000529,3.55,3.46,3.58,3.46,2903,1021671.6,3.43,-1.14,-0.04,0.23
1996-02-15,000529,3.47,3.5,3.51,3.46,1576,550559.5,1.45,1.16,0.04,0.12
1996-02-16,000529,3.55,3.55,3.6,3.51,4056,1444359.9,2.57,1.43,0.05,0.32
1996-03-04,000529,3.6,3.85,3.85,3.6,13182,4927545.5,7.04,8.45,0.3,1.03
1996-03-05,000529,3.85,3.72,3.86,3.7,7650,2889307.2,4.16,-3.38,-0.13,0.6
1996-03-06,000529,3.68,3.57,3.7,3.56,3477,1261933.8,3.76,-4.03,-0.15,0.27
1996-03-07,000529,3.53,3.6,3.61,3.52,2338,834709.9,2.52,0.84,0.03,0.18
1996-03-08,000529,3.59,3.58,3.6,3.53,1995,710980.4,1.94,-0.56,-0.02,0.16
1996-03-11,000529,3.57,3.53,3.58,3.5,3276,1157796.1,2.23,-1.4,-0.05,0.26
1996-03-12,000529,3.5,3.52,3.53,3.48,1386,485772.6,1.42,-0.28,-0.01,0.11
1996-03-13,000529,3.48,3.51,3.53,3.48,1224,429656.0,1.42,-0.28,-0.01,0.1
1996-03-14,000529,3.52,3.53,3.62,3.52,2495,893437.8,2.85,0.57,0.02,0.2
1996-03-15,000529,3.5,3.58,3.62,3.5,2419,860245.8,3.4,1.42,0.05,0.19
1996-03-18,000529,3.57,3.59,3.6,3.53,2721,973481.3,1.96,0.28,0.01,0.21
1996-03-19,000529,3.55,3.59,3.62,3.55,1347,483730.4,1.95,0.0,0.0,0.11
1996-03-20,000529,3.55,3.57,3.62,3.55,1883,675979.8,1.95,-0.56,-0.02,0.15
1996-03-21,000529,3.55,3.59,3.6,3.55,2037,729758.4,1.4,0.56,0.02,0.16
1996-03-22,000529,3.6,3.6,3.61,3.58,1320,474772.3,0.84,0.28,0.01,0.1
1996-03-25,000529,3.62,3.59,3.64,3.59,2236,807856.0,1.39,-0.28,-0.01,0.17
1996-03-26,000529,3.61,3.58,3.61,3.57,2012,721280.0,1.11,-0.28,-0.01,0.16
1996-03-27,000529,3.57,3.54,3.57,3.52,1226,434190.4,1.4,-1.12,-0.04,0.1
1996-03-28,000529,3.52,3.52,3.55,3.52,1257,444224.8,0.85,-0.56,-0.02,0.1
1996-03-29,000529,3.52,3.5,3.6,3.48,1703,597142.2,3.41,-0.57,-0.02,0.13
1996-04-01,000529,3.62,3.55,3.66,3.55,1750,625986.2,3.14,1.43,0.05,0.14
1996-04-02,000529,3.53,3.48,3.54,3.47,2150,750809.8,1.97,-1.97,-0.07,0.17
1996-04-03,000529,3.48,3.5,3.51,3.48,1054,368099.3,0.86,0.57,0.02,0.08
1996-04-04,000529,3.49,3.52,3.52,3.48,1076,375833.2,1.14,0.57,0.02,0.08
1996-04-05,000529,3.49,3.58,3.6,3.49,2710,969592.2,3.13,1.7,0.06,0.21
1996-04-08,000529,3.6,3.68,3.7,3.56,19854,7225847.5,3.91,2.79,0.1,1.55
1996-04-09,000529,3.59,3.66,3.72,3.59,7736,2846300.8,3.53,-0.54,-0.02,0.61
1996-04-10,000529,3.66,3.75,3.77,3.63,15108,5630078.0,3.83,2.46,0.09,1.18
1996-04-11,000529,3.72,3.74,3.75,3.65,7582,2812633.8,2.67,-0.27,-0.01,0.59
1996-04-12,000529,3.72,3.68,3.88,3.68,37375,14222487.0,5.35,-1.6,-0.06,2.92
1996-04-15,000529,3.7,3.73,3.84,3.7,18130,6811550.5,3.8,1.36,0.05,1.42
1996-04-16,000529,3.75,3.83,3.83,3.73,23273,8839007.0,2.68,2.68,0.1,1.82
1996-04-17,000529,3.83,3.87,3.95,3.82,40246,15702285.0,3.39,1.04,0.04,3.15
1996-04-18,000529,4.0,3.98,4.03,3.89,30726,12209745.0,3.62,2.84,0.11,2.4
1996-04-19,000529,3.97,3.96,4.07,3.9,46978,18705708.0,4.27,-0.5,-0.02,3.67
1996-04-22,000529,3.95,4.01,4.05,3.86,45188,17951460.0,4.8,1.26,0.05,3.53
1996-04-23,000529,4.05,4.36,4.37,4.04,78833,33496838.0,8.23,8.73,0.35,6.17
1996-04-24,000529,4.4,4.69,4.7,4.4,101024,46504884.0,6.88,7.57,0.33,7.9
1996-04-25,000529,4.76,4.45,4.95,4.45,130269,61085508.0,10.66,-5.12,-0.24,10.19
1996-04-26,000529,4.6,5.55,5.55,4.6,256595,128762392.0,21.35,24.72,1.1,20.07
1996-04-29,000529,5.49,5.95,6.0,5.45,205428,116528768.0,9.91,7.21,0.4,16.07
1996-04-30,000529,6.08,5.65,6.25,5.59,239487,142998944.0,11.09,-5.04,-0.3,18.73
1996-05-02,000529,5.8,5.21,5.95,5.09,126336,69609728.0,15.22,-7.79,-0.44,9.88
1996-05-03,000529,5.28,5.56,5.7,5.25,130267,71559360.0,8.64,6.72,0.35,10.19
1996-05-06,000529,5.6,6.08,6.18,5.6,182515,109211832.0,10.43,9.35,0.52,14.28
1996-05-07,000529,6.13,5.8,6.2,5.69,121290,71444984.0,8.39,-4.61,-0.28,9.49
1996-05-08,000529,5.81,5.69,5.82,5.53,66542,37680828.0,5.0,-1.9,-0.11,5.21
1996-05-09,000529,5.65,5.47,5.75,5.4,55411,30914818.0,6.15,-3.87,-0.22,4.33
1996-05-10,000529,5.5,5.53,5.55,5.28,45518,24618910.0,4.94,1.1,0.06,3.56
1996-05-13,000529,5.54,5.9,6.13,5.53,110433,64493528.0,10.85,6.69,0.37,8.64
1996-05-14,000529,5.96,5.64,5.98,5.6,63976,36794992.0,6.44,-4.41,-0.26,5.0
1996-05-15,000529,5.6,5.87,5.9,5.58,51625,29675126.0,5.67,4.08,0.23,4.04
1996-05-16,000529,6.0,6.26,6.58,5.89,233410,144401008.0,11.75,6.64,0.39,18.26
1996-05-17,000529,6.25,6.32,6.35,6.11,123308,77314568.0,3.83,0.96,0.06,9.65
1996-05-21,000529,5.21,5.36,5.78,5.03,84084,46310584.0,11.87,-15.19,-0.96,6.58
1996-05-22,000529,5.36,5.5,5.57,5.3,63041,34375308.0,5.04,2.61,0.14,4.93
1996-05-23,000529,5.56,5.1,5.58,5.0,81564,42391496.0,10.55,-7.27,-0.4,6.38
1996-05-24,000529,5.03,5.1,5.3,4.98,50604,25853052.0,6.27,0.0,0.0,3.96
1996-05-27,000529,5.21,5.1,5.29,5.03,22374,11509357.0,5.1,0.0,0.0,1.75
1996-05-28,000529,5.15,5.14,5.2,5.05,16028,8221507.5,2.94,0.78,0.04,1.25
1996-05-29,000529,5.16,5.35,5.36,5.15,25501,13329747.0,4.09,4.09,0.21,1.99
1996-05-30,000529,5.34,5.15,5.36,5.07,33490,17366502.0,5.42,-3.74,-0.2,2.62
1996-05-31,000529,5.09,5.19,5.36,5.05,52724,27393832.0,6.02,0.78,0.04,4.12
1996-06-03,000529,5.21,5.29,5.35,5.02,75372,39390032.0,6.36,1.93,0.1,5.9
1996-06-04,000529,5.3,5.43,5.65,5.25,75608,41192416.0,7.56,2.65,0.14,5.91
1996-06-05,000529,5.45,5.39,5.6,5.26,52117,28014498.0,6.26,-0.74,-0.04,4.08
1996-06-06,000529,5.32,5.35,5.38,5.15,35356,18600726.0,4.27,-0.74,-0.04,2.77
1996-06-07,000529,5.38,5.49,5.59,5.2,91150,49971828.0,7.29,2.62,0.14,7.13
1996-06-10,000529,5.52,5.49,5.69,5.45,54238,30204358.0,4.37,0.0,0.0,4.24
1996-06-11,000529,5.59,5.49,5.6,5.45,38599,21212306.0,2.73,0.0,0.0,3.02
1996-06-12,000529,5.55,5.75,5.96,5.55,88155,50509616.0,7.47,4.74,0.26,6.9
1996-06-13,000529,5.98,5.86,6.0,5.8,93167,54875672.0,3.48,1.91,0.11,7.29
1996-06-14,000529,5.9,5.6,5.95,5.59,58599,33452730.0,6.14,-4.44,-0.26,4.58
1996-06-17,000529,5.59,5.55,5.71,5.45,44442,24886960.0,4.64,-0.89,-0.05,3.48
1996-06-18,000529,5.55,5.65,5.69,5.5,28022,15673744.0,3.42,1.8,0.1,2.19
1996-06-19,000529,5.78,6.0,6.01,5.72,119432,70057040.0,5.13,6.19,0.35,9.34
1996-06-20,000529,6.15,6.19,6.4,6.05,151429,93976664.0,5.83,3.17,0.19,11.85
1996-06-21,000529,6.35,6.04,6.35,6.0,74730,45750636.0,5.65,-2.42,-0.15,5.85
1996-06-24,000529,6.05,6.25,6.25,6.05,62136,38365504.0,3.31,3.48,0.21,4.86
1996-06-25,000529,6.2,6.18,6.4,5.96,84770,52727264.0,7.04,-1.12,-0.07,6.63
1996-06-26,000529,6.2,6.23,6.3,6.13,38463,23819204.0,2.75,0.81,0.05,3.01
1996-06-27,000529,6.28,6.12,6.3,6.1,41840,25828100.0,3.21,-1.77,-0.11,3.27
1996-06-28,000529,6.15,5.97,6.25,5.95,63577,38683184.0,4.9,-2.45,-0.15,4.97
1996-07-01,000529,5.82,5.57,5.9,5.55,42647,24250234.0,5.86,-6.7,-0.4,3.34
1996-07-02,000529,5.5,5.68,5.74,5.5,22593,12708323.0,4.31,1.97,0.11,1.77
1996-07-03,000529,5.65,5.85,5.88,5.65,33600,19502988.0,4.05,2.99,0.17,2.63
1996-07-04,000529,5.9,6.01,6.05,5.86,52718,31420776.0,3.25,2.74,0.16,4.12
1996-07-05,000529,6.05,6.12,6.2,6.0,75331,46175432.0,3.33,1.83,0.11,5.89
1996-07-08,000529,6.15,6.25,6.35,6.14,74693,46564264.0,3.43,2.12,0.13,5.84
1996-07-09,000529,6.35,6.88,6.92,6.29,197179,130735056.0,10.08,10.08,0.63,15.42
1996-07-10,000529,6.88,7.3,7.3,6.65,243838,170540224.0,9.45,6.1,0.42,19.07
1996-07-11,000529,7.5,6.86,7.55,6.8,184799,131903832.0,10.27,-6.03,-0.44,14.46
1996-07-12,000529,6.7,7.3,7.3,6.56,120450,83736424.0,10.79,6.41,0.44,9.42
1996-07-15,000529,7.5,7.6,7.78,7.2,189346,142837520.0,7.95,4.11,0.3,14.81
1996-07-16,000529,7.6,7.95,8.08,7.38,163614,127432088.0,9.21,4.61,0.35,12.8
1996-07-17,000529,8.0,7.5,8.0,7.4,124416,97679856.0,7.55,-5.66,-0.45,9.73
1996-07-18,000529,7.4,7.85,7.85,7.38,78831,60530496.0,6.27,4.67,0.35,6.17
1996-07-19,000529,7.9,7.8,7.95,7.55,102342,79684312.0,5.1,-0.64,-0.05,8.01
1996-07-22,000529,7.85,8.25,8.5,7.7,148360,121630152.0,10.26,5.77,0.45,11.6
1996-07-23,000529,8.38,8.89,8.97,8.2,187876,162181104.0,9.33,7.76,0.64,14.7
1996-07-24,000529,9.0,9.1,9.49,8.8,148520,136145472.0,7.76,2.36,0.21,11.62
1996-07-25,000529,8.89,8.55,8.9,8.35,76095,65737732.0,6.04,-6.04,-0.55,5.95
1996-07-26,000529,8.46,8.23,8.69,8.2,72805,61436348.0,5.73,-3.74,-0.32,5.69
1996-07-29,000529,8.4,8.93,8.96,8.38,91033,78787272.0,7.05,8.51,0.7,7.12
1996-07-30,000529,9.0,8.63,9.1,8.56,78824,69501752.0,6.05,-3.36,-0.3,6.17
1996-07-31,000529,8.53,8.4,8.69,8.26,56046,47211384.0,4.98,-2.67,-0.23,4.38
1996-08-01,000529,8.3,8.43,8.5,8.24,31166,26115730.0,3.1,0.36,0.03,2.44
1996-08-02,000529,8.5,8.13,8.55,7.98,38661,31885430.0,6.76,-3.56,-0.3,3.02
1996-08-05,000529,8.08,8.36,8.38,7.68,39121,31478002.0,8.61,2.83,0.23,3.06
1996-08-06,000529,8.4,8.8,8.93,8.25,118580,103169720.0,8.13,5.26,0.44,9.28
1996-08-07,000529,8.78,8.86,9.05,8.71,112047,99411800.0,3.86,0.68,0.06,8.76
1996-08-08,000529,8.9,8.98,9.1,8.8,87353,78432064.0,3.39,1.35,0.12,6.83
1996-08-09,000529,9.05,9.18,9.3,8.85,118028,107742136.0,5.01,2.23,0.2,9.23
1996-08-12,000529,9.58,9.73,9.88,9.38,197935,191786704.0,5.45,5.99,0.55,15.48
1996-08-13,000529,9.75,9.6,9.9,9.51,73282,70655792.0,4.01,-1.34,-0.13,5.73
1996-08-14,000529,9.65,9.65,9.85,9.51,71537,69446864.0,3.54,0.52,0.05,5.6
1996-08-15,000529,9.75,9.27,9.75,9.24,52458,49683572.0,5.28,-3.94,-0.38,4.1
1996-08-16,000529,9.18,9.31,9.5,8.85,93469,85187352.0,7.01,0.43,0.04,7.31
1996-08-19,000529,9.31,9.75,9.79,9.23,208216,200760672.0,6.02,4.73,0.44,16.29
1996-08-20,000529,9.7,9.71,9.95,9.58,152969,149603904.0,3.79,-0.41,-0.04,11.97
1996-08-21,000529,9.7,10.19,10.2,9.67,173786,172533632.0,5.46,4.94,0.48,13.59
1996-08-22,000529,10.3,9.98,10.75,9.92,206938,215218656.0,8.15,-2.06,-0.21,16.19
1996-08-23,000529,10.0,9.75,10.15,9.2,86448,83669104.0,9.52,-2.3,-0.23,6.76
1996-08-26,000529,9.99,9.88,10.18,9.65,56379,56063216.0,5.44,1.33,0.13,4.41
1996-08-27,000529,9.95,10.0,10.2,9.93,61785,62108996.0,2.73,1.21,0.12,4.83
1996-08-28,000529,10.05,10.28,10.4,10.05,81180,83272968.0,3.5,2.8,0.28,6.35
1996-08-29,000529,10.28,10.65,10.68,10.1,98073,101775056.0,5.64,3.6,0.37,7.67
1996-08-30,000529,10.81,11.19,11.35,10.81,132027,147686640.0,5.07,5.07,0.54,10.33
1996-09-02,000529,11.24,11.2,11.6,11.01,99811,112732656.0,5.27,0.09,0.01,7.81
1996-09-03,000529,11.6,11.16,11.6,11.01,88581,99516032.0,5.27,-0.36,-0.04,6.93
1996-09-04,000529,11.2,11.59,11.68,11.2,103383,118733848.0,4.3,3.85,0.43,8.09
1996-09-05,000529,11.6,10.8,11.67,10.65,88848,98664792.0,8.8,-6.82,-0.79,6.95
1996-09-06,000529,10.64,10.35,10.98,10.1,80389,84043072.0,8.15,-4.17,-0.45,6.29
1996-09-09,000529,10.25,10.25,10.39,9.98,67620,68718944.0,3.96,-0.97,-0.1,5.29
1996-09-10,000529,10.08,10.09,10.57,9.9,61512,62646372.0,6.54,-1.56,-0.16,4.81
1996-09-11,000529,10.18,10.22,10.42,9.91,47357,48165444.0,5.05,1.29,0.13,3.7
1996-09-12,000529,10.28,9.82,10.3,9.5,45780,45482296.0,7.83,-3.91,-0.4,3.58
1996-09-13,000529,9.7,10.1,10.1,9.5,49818,48932648.0,6.11,2.85,0.28,3.9
1996-09-16,000529,10.06,10.07,10.1,9.65,42650,42119672.0,4.46,-0.3,-0.03,3.34
1996-09-17,000529,10.1,10.28,10.4,9.85,63915,65178628.0,5.46,2.09,0.21,5.0
1996-09-18,000529,10.19,9.49,10.3,9.4,60938,59540304.0,8.75,-7.68,-0.79,4.77
1996-09-19,000529,9.4,9.57,9.6,9.2,55476,52032392.0,4.21,0.84,0.08,4.34
1996-09-20,000529,9.56,9.75,9.75,9.4,24950,23785122.0,3.66,1.88,0.18,1.95
1996-09-23,000529,10.0,10.0,10.1,9.54,58565,57953000.0,5.74,2.56,0.25,4.58
1996-09-24,000529,10.0,10.07,10.22,9.9,57852,58328344.0,3.2,0.7,0.07,4.53
1996-09-25,000529,10.24,10.0,10.34,9.85,47468,47980816.0,4.87,-0.7,-0.07,3.71
1996-09-26,000529,10.1,10.1,10.2,10.0,34244,34552188.0,2.0,1.0,0.1,2.68
1996-09-27,000529,10.2,10.6,10.7,10.15,98648,103623944.0,5.45,4.95,0.5,7.72
1996-10-03,000529,10.8,10.69,10.98,10.58,58950,63254952.0,3.77,0.85,0.09,4.61
1996-10-04,000529,10.57,10.53,10.66,10.3,46796,48907480.0,3.37,-1.5,-0.16,3.66
1996-10-07,000529,10.53,10.71,10.9,10.4,50903,54036336.0,4.75,1.71,0.18,3.98
1996-10-08,000529,10.8,10.9,10.98,10.7,76369,82831448.0,2.61,1.77,0.19,5.97
1996-10-09,000529,10.98,10.52,11.18,10.3,69837,75915680.0,8.07,-3.49,-0.38,5.46
1996-10-10,000529,10.5,10.68,10.7,10.3,53556,56428416.0,3.8,1.52,0.16,4.19
1996-10-11,000529,10.8,10.8,11.1,10.65,66950,72467376.0,4.21,1.12,0.12,5.24
1996-10-14,000529,11.1,11.08,11.15,10.8,82297,90146064.0,3.24,2.59,0.28,6.44
1996-10-15,000529,11.18,11.82,11.96,11.05,173793,203263632.0,8.21,6.68,0.74,13.59
1996-10-16,000529,12.0,11.83,12.58,11.25,126085,152224272.0,11.25,0.08,0.01,9.86
1996-10-17,000529,11.7,11.8,11.85,11.3,85804,99370848.0,4.65,-0.25,-0.03,6.71
1996-10-18,000529,11.78,10.71,11.78,10.6,113777,126514440.0,10.0,-9.24,-1.09,8.9
1996-10-21,000529,10.7,11.35,11.45,10.68,98396,107686152.0,7.19,5.98,0.64,7.7
1996-10-22,000529,11.0,10.64,11.01,10.41,87933,94194504.0,5.29,-6.26,-0.71,6.88
1996-10-23,000529,10.85,11.4,11.5,10.64,79895,88139744.0,8.08,7.14,0.76,6.25
1996-10-24,000529,11.6,11.15,11.75,11.0,70243,79814600.0,6.58,-2.19,-0.25,5.49
1996-10-25,000529,11.07,11.19,11.24,10.9,57221,63139432.0,3.05,0.36,0.04,4.48
1996-10-28,000529,10.98,12.55,12.86,10.9,184148,217637184.0,17.52,12.15,1.36,14.4
1996-10-29,000529,12.9,13.16,13.3,12.35,283379,365245632.0,7.57,4.86,0.61,22.17
1996-10-30,000529,13.0,12.25,13.1,12.0,146223,181587648.0,8.36,-6.91,-0.91,11.44
1996-10-31,000529,13.0,12.58,13.0,12.18,83592,104023160.0,6.69,2.69,0.33,6.54
1996-11-01,000529,12.0,11.9,12.3,11.5,77563,92220696.0,6.36,-5.41,-0.68,6.07
1996-11-04,000529,11.8,12.15,12.28,11.65,53278,63813268.0,5.29,2.1,0.25,4.17
1996-11-05,000529,12.1,11.93,12.36,11.85,53958,65331176.0,4.2,-1.81,-0.22,4.22
1996-11-06,000529,11.98,11.68,12.09,11.56,36485,42813396.0,4.44,-2.1,-0.25,2.85
1996-11-07,000529,11.75,11.98,12.15,11.6,42141,50190748.0,4.71,2.57,0.3,3.3
1996-11-08,000529,12.0,12.35,12.61,12.0,75391,93262016.0,5.09,3.09,0.37,5.9
1996-11-11,000529,12.5,12.75,12.95,12.39,90894,115463688.0,4.53,3.24,0.4,7.11
1996-11-12,000529,12.8,12.67,12.85,12.3,55548,69624000.0,4.31,-0.63,-0.08,4.35
1996-11-13,000529,12.75,12.76,12.89,12.48,75487,95756840.0,3.24,0.71,0.09,5.9
1996-11-14,000529,12.8,13.25,13.5,12.5,161350,212196816.0,7.84,3.84,0.49,12.62
1996-11-15,000529,12.9,14.13,14.38,12.8,206479,280203808.0,11.92,6.64,0.88,16.15
1996-11-18,000529,14.5,13.98,14.5,13.6,130864,182314080.0,6.37,-1.06,-0.15,10.24
1996-11-19,000529,13.9,13.64,13.9,13.36,90840,123012488.0,3.86,-2.43,-0.34,7.11
1996-11-20,000529,13.5,13.73,13.98,13.23,97102,132443744.0,5.5,0.66,0.09,7.6
1996-11-21,000529,13.7,12.6,13.73,12.5,87224,115790088.0,8.96,-8.23,-1.13,6.82
1996-11-22,000529,12.45,12.95,13.0,12.2,76236,95380024.0,6.35,2.78,0.35,5.96
1996-11-25,000529,13.0,13.17,13.35,12.65,56082,73146832.0,5.41,1.7,0.22,4.39
1996-11-26,000529,13.27,13.45,13.68,12.95,92858,124063848.0,5.54,2.13,0.28,7.26
1996-11-27,000529,13.45,13.25,13.85,13.0,76924,102924176.0,6.32,-1.49,-0.2,6.02
1996-11-28,000529,13.2,13.35,13.58,13.08,76430,101928712.0,3.77,0.75,0.1,5.98
1996-11-29,000529,13.55,13.23,13.69,12.9,56018,74155152.0,5.92,-0.9,-0.12,4.38
1996-12-02,000529,13.3,13.08,13.48,12.95,43348,56606624.0,4.01,-1.13,-0.15,3.39
1996-12-03,000529,13.09,13.47,13.5,12.9,35377,46788204.0,4.59,2.98,0.39,2.77
1996-12-04,000529,13.6,13.68,13.93,13.35,77115,105601304.0,4.31,1.56,0.21,6.03
1996-12-05,000529,13.79,14.26,14.4,13.68,97477,137658944.0,5.26,4.24,0.58,7.62
1996-12-06,000529,14.5,14.84,14.99,14.48,107395,158570160.0,3.58,4.07,0.58,8.4
1996-12-09,000529,14.95,14.96,15.1,14.6,79933,118234160.0,3.37,0.81,0.12,6.25
1996-12-10,000529,14.96,14.73,14.99,14.58,78097,115458568.0,2.74,-1.54,-0.23,6.11
1996-12-11,000529,14.75,15.3,15.45,14.73,77243,117191432.0,4.89,3.87,0.57,6.04
1996-12-12,000529,15.5,15.0,15.72,14.7,83599,127821152.0,6.67,-1.96,-0.3,6.54
1996-12-13,000529,15.0,14.25,15.0,14.0,108206,155927584.0,6.67,-5.0,-0.75,8.46
1996-12-16,000529,12.79,12.79,12.79,12.79,15545,19882056.0,0.0,-10.25,-1.46,1.22
1996-12-17,000529,11.51,11.51,12.68,11.51,61934,72333904.0,9.15,-10.01,-1.28,4.84
1996-12-18,000529,10.5,12.66,12.66,10.5,138791,163981232.0,18.77,9.99,1.15,10.86
1996-12-19,000529,11.3,10.35,12.04,10.13,125570,140501280.0,15.09,-18.25,-2.31,7.56
1996-12-20,000529,10.0,9.96,10.7,9.85,56587,56902512.0,8.21,-3.77,-0.39,3.4
1996-12-23,000529,10.18,10.38,10.59,10.08,41742,43164532.0,5.12,4.22,0.42,2.51
1996-12-24,000529,10.36,9.6,10.49,9.58,30966,31152644.0,8.77,-7.51,-0.78,1.86
1996-12-25,000529,9.6,10.05,10.2,9.0,53140,51964456.0,12.5,4.69,0.45,3.2
1996-12-26,000529,10.2,9.95,10.3,9.8,14087,14186811.0,4.98,-1.0,-0.1,0.85
1996-12-27,000529,10.2,10.3,10.4,9.9,50097,50831220.0,5.03,3.52,0.35,3.01
1996-12-30,000529,10.38,10.76,10.8,10.15,71763,75632904.0,6.31,4.47,0.46,4.32
1996-12-31,000529,10.76,10.25,10.78,10.2,40863,42464208.0,5.39,-4.74,-0.51,2.46
1997-01-02,000529,10.25,10.2,10.4,9.99,24986,25388364.0,4.0,-0.49,-0.05,1.5
1997-01-03,000529,10.2,9.99,10.3,9.9,31288,31490266.0,3.92,-2.06,-0.21,1.88
1997-01-06,000529,9.8,9.5,9.94,9.5,23326,22564788.0,4.4,-4.9,-0.49,1.4
1997-01-07,000529,9.35,9.77,9.9,9.35,23346,22448230.0,5.79,2.84,0.27,1.4
1997-01-08,000529,9.8,9.8,9.98,9.68,24361,24013040.0,3.07,0.31,0.03,1.47
1997-01-09,000529,9.8,9.85,9.98,9.8,11059,10925327.0,1.84,0.51,0.05,0.67
1997-01-10,000529,9.88,9.9,9.92,9.78,12433,12258205.0,1.42,0.51,0.05,0.75
1997-01-13,000529,10.0,10.14,10.25,10.0,19767,20037458.0,2.53,2.42,0.24,1.19
1997-01-14,000529,10.26,9.92,10.26,9.8,22649,22842594.0,4.54,-2.17,-0.22,1.36
1997-01-15,000529,10.2,10.02,10.35,9.99,10572,10690243.0,3.63,1.01,0.1,0.64
1997-01-16,000529,10.03,10.13,10.26,10.0,15361,15552223.0,2.59,1.1,0.11,0.92
1997-01-17,000529,10.16,10.28,10.35,10.06,34666,35604448.0,2.86,1.48,0.15,2.09
1997-01-20,000529,10.4,10.6,10.72,10.4,53554,56826880.0,3.11,3.11,0.32,3.22
1997-01-21,000529,10.7,10.82,11.03,10.66,93197,101455384.0,3.49,2.08,0.22,5.61
1997-01-22,000529,10.9,10.98,11.18,10.88,75292,83130744.0,2.77,1.48,0.16,4.53
1997-01-23,000529,11.01,11.43,11.5,10.8,92951,104065456.0,6.38,4.1,0.45,5.59
1997-01-24,000529,11.5,11.98,12.0,11.3,128730,150061024.0,6.12,4.81,0.55,7.75
1997-01-27,000529,12.0,11.8,12.05,11.51,122675,145526720.0,4.51,-1.5,-0.18,7.38
1997-01-28,000529,11.6,12.1,12.25,11.51,123841,148792352.0,6.27,2.54,0.3,7.45
1997-01-29,000529,12.04,12.1,12.18,11.88,65518,78835000.0,2.48,0.0,0.0,3.94
1997-01-30,000529,12.1,12.11,12.19,12.0,56487,68297744.0,1.57,0.08,0.01,3.4
1997-01-31,000529,12.12,12.18,12.43,12.12,79281,97588272.0,2.56,0.58,0.07,4.77
1997-02-17,000529,12.23,11.97,12.25,11.8,40632,48793408.0,3.69,-1.72,-0.21,2.44
1997-02-18,000529,11.85,10.77,11.9,10.77,103988,116323512.0,9.44,-10.03,-1.2,6.26
1997-02-19,000529,11.0,11.38,11.5,10.9,69823,78030376.0,5.57,5.66,0.61,4.2
1997-02-20,000529,10.24,11.2,11.55,10.24,88720,96904440.0,11.51,-1.58,-0.18,5.34
1997-02-21,000529,11.2,11.3,11.35,11.0,45038,50394008.0,3.13,0.89,0.1,2.71
1997-02-24,000529,11.38,11.23,11.58,11.17,36731,41642532.0,3.63,-0.62,-0.07,2.21
1997-02-25,000529,11.2,11.38,11.48,11.18,27839,31641800.0,2.67,1.34,0.15,1.68
1997-02-26,000529,11.41,11.76,11.95,11.41,58356,68965536.0,4.75,3.34,0.38,3.51
1997-02-27,000529,11.89,11.61,11.9,11.59,44290,51968104.0,2.64,-1.28,-0.15,2.66
1997-02-28,000529,11.67,11.65,11.74,11.3,40427,46620776.0,3.79,0.34,0.04,2.43
1997-03-03,000529,11.65,11.88,12.0,11.57,53074,63090288.0,3.69,1.97,0.23,3.19
1997-03-04,000529,11.82,12.16,12.35,11.51,98019,117953016.0,7.07,2.36,0.28,5.9
1997-03-05,000529,12.1,11.75,12.3,11.7,40096,47996944.0,4.93,-3.37,-0.41,2.41
1997-03-06,000529,11.65,11.77,11.89,11.54,24445,28720388.0,2.98,0.17,0.02,1.47
1997-03-07,000529,11.8,11.7,11.98,11.6,30352,35666784.0,3.23,-0.59,-0.07,1.83
1997-03-10,000529,11.8,11.97,11.98,11.65,43684,51586808.0,2.82,2.31,0.27,2.63
1997-03-11,000529,11.99,11.92,12.0,11.75,41482,49121604.0,2.09,-0.42,-0.05,2.5
1997-03-12,000529,12.0,12.2,12.3,11.88,103709,125704688.0,3.52,2.35,0.28,6.24
1997-03-13,000529,12.28,11.9,12.32,11.85,46548,56079336.0,3.85,-2.46,-0.3,2.8
1997-03-14,000529,11.9,12.1,12.15,11.7,51949,61883844.0,3.78,1.68,0.2,3.13
1997-03-17,000529,12.25,12.6,12.96,12.24,156868,197764080.0,5.95,4.13,0.5,9.44
1997-03-18,000529,12.75,12.32,12.82,12.1,102416,127252072.0,5.71,-2.22,-0.28,6.16
1997-03-19,000529,12.36,12.25,12.5,12.05,66893,81951744.0,3.65,-0.57,-0.07,4.02
1997-03-20,000529,12.4,11.86,12.44,11.8,57379,70071296.0,5.22,-3.18,-0.39,3.45
1997-03-21,000529,12.3,12.01,12.5,11.8,89373,107442976.0,5.9,1.26,0.15,5.38
1997-03-24,000529,12.1,12.26,12.3,11.85,185112,224228448.0,3.75,2.08,0.25,11.14
1997-03-25,000529,12.45,12.81,13.1,12.4,271448,345653184.0,5.71,4.49,0.55,16.33
1997-03-26,000529,13.01,13.28,13.55,13.0,211088,279634752.0,4.29,3.67,0.47,12.7
1997-03-27,000529,13.3,12.95,13.48,12.75,119289,156021552.0,5.5,-2.48,-0.33,7.18
1997-03-28,000529,12.95,12.95,13.2,12.9,95134,123983520.0,2.32,0.0,0.0,5.72
1997-03-31,000529,13.16,13.26,13.44,13.15,75829,100612744.0,2.24,2.39,0.31,4.56
1997-04-01,000529,13.3,13.17,13.4,13.0,58325,76847984.0,3.02,-0.68,-0.09,3.51
1997-04-02,000529,13.23,13.19,13.48,13.15,62519,83046712.0,2.51,0.15,0.02,3.76
1997-04-03,000529,13.19,13.11,13.25,12.85,48800,63747084.0,3.03,-0.61,-0.08,2.94
1997-04-04,000529,13.21,13.61,13.81,13.1,136029,183013968.0,5.42,3.81,0.5,8.18
1997-04-07,000529,13.98,14.13,14.29,13.78,157832,222393968.0,3.75,3.82,0.52,9.5
1997-04-08,000529,14.05,13.54,14.06,13.4,110182,151450688.0,4.67,-4.18,-0.59,6.63
1997-04-09,000529,13.5,13.7,13.88,13.48,73529,100865648.0,2.95,1.18,0.16,4.42
1997-04-10,000529,13.78,13.62,13.95,13.5,75138,103302976.0,3.28,-0.58,-0.08,4.52
1997-04-11,000529,13.4,13.4,13.58,13.01,71506,94886624.0,4.19,-1.62,-0.22,4.3
1997-04-14,000529,13.5,13.51,13.7,13.42,54757,74171384.0,2.09,0.82,0.11,3.29
1997-04-15,000529,13.59,13.74,13.88,13.5,52379,71841240.0,2.81,1.7,0.23,3.15
1997-04-16,000529,13.88,13.78,13.95,13.7,68807,95238136.0,1.82,0.29,0.04,4.14
1997-04-17,000529,13.78,13.66,13.85,13.6,40072,54797924.0,1.81,-0.87,-0.12,2.41
1997-04-18,000529,13.78,13.8,13.8,13.6,43896,60239572.0,1.46,1.02,0.14,2.64
1997-04-21,000529,14.0,13.94,14.37,13.8,70647,98925152.0,4.13,1.01,0.14,4.25
1997-04-22,000529,14.0,14.2,14.3,13.8,102808,144300016.0,3.59,1.87,0.26,6.19
1997-04-23,000529,14.3,14.02,14.39,14.0,64639,91089800.0,2.75,-1.27,-0.18,3.89
1997-04-24,000529,13.95,13.73,13.99,13.58,61141,83950784.0,2.92,-2.07,-0.29,3.68
1997-04-25,000529,13.9,13.79,14.13,13.7,79223,109978912.0,3.13,0.44,0.06,4.77
1997-04-28,000529,13.99,14.77,14.99,13.88,215233,314445184.0,8.05,7.11,0.98,12.95
1997-04-29,000529,14.98,14.42,15.2,14.18,121879,178067168.0,6.91,-2.37,-0.35,7.33
1997-04-30,000529,14.51,14.67,14.98,14.5,71209,104607432.0,3.33,1.73,0.25,4.28
1997-05-05,000529,14.88,15.2,15.4,14.88,135828,205760816.0,3.54,3.61,0.53,8.17
1997-05-06,000529,15.46,16.23,16.25,15.25,186763,294311104.0,6.58,6.78,1.03,11.24
1997-05-07,000529,16.5,16.03,16.93,15.82,159286,259876880.0,6.84,-1.23,-0.2,9.58
1997-05-08,000529,16.03,15.01,16.6,14.7,140611,224259232.0,11.85,-6.36,-1.02,8.46
1997-05-09,000529,15.32,16.03,16.19,14.95,156293,240561840.0,8.26,6.8,1.02,9.4
1997-05-12,000529,16.5,17.63,17.63,16.5,192556,334259456.0,7.05,9.98,1.6,11.59
1997-05-13,000529,17.85,17.04,18.05,16.7,130586,224237600.0,7.66,-3.35,-0.59,7.86
1997-05-14,000529,16.8,15.68,16.95,15.38,103595,166675920.0,9.21,-7.98,-1.36,6.23
1997-05-15,000529,15.5,16.08,16.18,15.28,78364,123606704.0,5.74,2.55,0.4,4.72
1997-05-16,000529,14.48,14.49,15.8,14.47,99308,149137904.0,8.27,-9.89,-1.59,5.98
1997-05-19,000529,14.6,14.84,15.2,14.4,46746,68628520.0,5.52,2.42,0.35,2.81
1997-05-20,000529,15.0,15.15,15.36,14.94,58930,89095624.0,2.83,2.09,0.31,3.55
1997-05-21,000529,15.17,14.68,15.25,14.5,42652,63031868.0,4.95,-3.1,-0.47,2.57
1997-05-22,000529,13.21,13.21,14.1,13.21,63787,85656832.0,6.06,-10.01,-1.47,3.84
1997-05-23,000529,13.01,13.51,13.6,12.9,45188,60416348.0,5.3,2.27,0.3,2.72
1997-05-26,000529,13.8,13.51,13.88,12.8,30912,41533584.0,7.99,0.0,0.0,1.86
1997-05-27,000529,13.7,13.99,14.18,13.51,41050,57301680.0,4.96,3.55,0.48,2.47
1997-05-28,000529,14.18,13.78,14.18,13.7,28971,40268192.0,3.43,-1.5,-0.21,1.74
1997-05-29,000529,13.78,13.67,13.93,13.57,19732,27125144.0,2.61,-0.8,-0.11,1.19
1997-05-30,000529,13.68,14.0,14.02,13.6,19878,27515070.0,3.07,2.41,0.33,1.2
1997-06-02,000529,14.3,14.61,14.8,14.2,40449,58877820.0,4.29,4.36,0.61,2.43
1997-06-03,000529,14.78,14.44,14.8,14.2,36712,53188828.0,4.11,-1.16,-0.17,2.21
1997-06-04,000529,14.5,14.48,14.8,14.3,40925,59376836.0,3.46,0.28,0.04,2.46
1997-06-05,000529,14.44,14.24,14.5,14.0,36742,52279040.0,3.45,-1.66,-0.24,2.21
1997-06-06,000529,13.0,13.4,13.74,12.98,62120,83442520.0,5.34,-5.9,-0.84,3.74
1997-06-09,000529,13.4,13.8,13.8,13.25,22808,30971844.0,4.1,2.99,0.4,1.37
1997-06-10,000529,13.8,13.29,13.9,13.2,15049,20317876.0,5.07,-3.7,-0.51,0.91
1997-06-11,000529,13.2,12.7,13.3,12.08,24422,30995734.0,9.18,-4.44,-0.59,1.47
1997-06-12,000529,12.8,12.76,13.04,12.6,14051,18061132.0,3.46,0.47,0.06,0.85
1997-06-13,000529,12.01,13.14,13.2,12.01,24026,30809148.0,9.33,2.98,0.38,1.45
1997-06-16,000529,13.3,13.52,13.8,13.3,21074,28676100.0,3.81,2.89,0.38,1.27
1997-06-17,000529,13.42,13.31,13.7,13.3,14503,19488028.0,2.96,-1.55,-0.21,0.87
1997-06-18,000529,13.3,13.11,13.42,13.01,11354,14958301.0,3.08,-1.5,-0.2,0.68
1997-06-19,000529,13.11,12.94,13.2,12.9,12457,16227096.0,2.29,-1.3,-0.17,0.75
1997-06-20,000529,13.3,13.7,13.75,13.0,25401,34303188.0,5.8,5.87,0.76,1.53
1997-06-23,000529,14.01,13.71,14.3,13.4,38216,53280204.0,6.57,0.07,0.01,2.3
1997-06-24,000529,13.71,13.87,13.97,13.7,18509,25568146.0,1.97,1.17,0.16,1.11
1997-06-25,000529,14.0,13.88,14.15,13.8,26034,36154744.0,2.52,0.07,0.01,1.57
1997-06-26,000529,13.4,13.28,13.58,13.25,13364,17863632.0,2.38,-4.32,-0.6,0.8
1997-06-27,000529,13.26,12.92,13.38,12.75,26601,34497868.0,4.74,-2.71,-0.36,1.6
1997-07-02,000529,13.0,12.2,13.05,11.66,19027,23358616.0,10.76,-5.57,-0.72,1.14
1997-07-03,000529,12.1,11.75,12.2,11.68,16558,19592346.0,4.26,-3.69,-0.45,1.0
1997-07-04,000529,11.5,11.78,11.8,11.28,19693,22577028.0,4.43,0.26,0.03,1.18
1997-07-07,000529,11.75,10.69,11.8,10.6,14977,16793110.0,10.19,-9.25,-1.09,0.9
1997-07-08,000529,10.4,10.57,11.0,10.0,21199,21908968.0,9.35,-1.12,-0.12,1.28
1997-07-09,000529,10.7,10.69,10.79,10.4,12170,12874085.0,3.69,1.14,0.12,0.73
1997-07-10,000529,10.55,10.39,10.7,10.39,13692,14462541.0,2.9,-2.81,-0.3,0.82
1997-07-11,000529,10.3,10.81,10.85,10.2,14930,15663435.0,6.26,4.04,0.42,0.9
1997-07-14,000529,10.85,11.29,11.46,10.81,22228,25011336.0,6.01,4.44,0.48,1.34
1997-07-15,000529,11.35,11.79,12.2,11.35,24105,28523604.0,7.53,4.43,0.5,1.45
1997-07-16,000529,11.8,11.36,11.86,11.25,13406,15309933.0,5.17,-3.65,-0.43,0.81
1997-07-17,000529,11.33,11.43,11.6,11.23,11501,13077017.0,3.26,0.62,0.07,0.69
1997-07-18,000529,11.4,11.5,11.52,11.2,11920,13552268.0,2.8,0.61,0.07,0.72
1997-07-21,000529,11.55,11.55,11.93,11.3,20389,23606400.0,5.48,0.43,0.05,1.23
1997-07-22,000529,11.5,11.6,11.67,11.1,14524,16592925.0,4.94,0.43,0.05,0.87
1997-07-23,000529,11.8,11.57,11.97,11.5,21872,25721220.0,4.05,-0.26,-0.03,1.32
1997-07-24,000529,11.4,11.05,11.52,11.01,10592,11951446.0,4.41,-4.49,-0.52,0.64
1997-07-25,000529,10.9,10.99,11.1,10.88,13680,15021981.0,1.99,-0.54,-0.06,0.82
1997-07-28,000529,10.88,10.76,11.25,10.75,7998,8774035.0,4.55,-2.09,-0.23,0.48
1997-07-29,000529,10.68,10.73,10.96,10.5,6469,6949742.0,4.28,-0.28,-0.03,0.39
1997-07-30,000529,10.78,11.03,11.05,10.78,7151,7836844.5,2.52,2.8,0.3,0.43
1997-07-31,000529,11.0,11.15,11.36,11.0,7560,8472591.0,3.26,1.09,0.12,0.45
1997-08-01,000529,11.22,11.09,11.25,10.98,6819,7545589.0,2.42,-0.54,-0.06,0.41
1997-08-04,000529,11.12,11.32,11.45,11.0,9153,10269930.0,4.06,2.07,0.23,0.55
1997-08-05,000529,11.2,11.16,11.48,11.1,7111,7987265.0,3.36,-1.41,-0.16,0.43
1997-08-06,000529,11.2,10.85,11.28,10.84,6127,6755545.5,3.94,-2.78,-0.31,0.37
1997-08-07,000529,10.82,10.95,11.0,10.62,6914,7446078.0,3.5,0.92,0.1,0.42
1997-08-08,000529,11.01,11.28,11.38,10.92,14137,15786187.0,4.2,3.01,0.33,0.85
1997-08-11,000529,11.4,11.15,11.4,11.1,8829,9936544.0,2.66,-1.15,-0.13,0.53
1997-08-12,000529,11.08,10.76,11.2,10.7,7403,8102781.0,4.48,-3.5,-0.39,0.45
1997-08-13,000529,10.7,10.94,11.28,10.57,15177,16736796.0,6.6,1.67,0.18,0.91
1997-08-14,000529,10.9,11.2,11.2,10.8,9850,10835851.0,3.66,2.38,0.26,0.59
1997-08-15,000529,11.31,11.0,11.35,10.8,8489,9340677.0,4.91,-1.79,-0.2,0.51
1997-08-18,000529,11.05,11.44,11.46,10.8,26548,29897688.0,6.0,4.0,0.44,1.6
1997-08-19,000529,11.42,11.58,11.68,11.28,27958,32122748.0,3.5,1.22,0.14,1.68
1997-08-20,000529,11.55,11.36,11.68,11.25,12328,14110781.0,3.71,-1.9,-0.22,0.74
1997-08-21,000529,10.48,10.92,11.0,10.48,31149,33842516.0,4.58,-3.87,-0.44,1.87
1997-08-22,000529,10.9,10.82,10.91,10.7,25374,27313058.0,1.92,-0.92,-0.1,1.53
1997-08-25,000529,10.8,10.86,10.9,10.54,21357,22849634.0,3.33,0.37,0.04,1.29
1997-08-26,000529,10.86,10.73,10.89,10.65,17375,18634334.0,2.21,-1.2,-0.13,1.05
1997-08-27,000529,10.72,10.88,11.03,10.65,12800,13890395.0,3.54,1.4,0.15,0.77
1997-08-28,000529,10.84,11.14,11.24,10.7,19431,21369990.0,4.96,2.39,0.26,1.17
1997-08-29,000529,11.1,10.91,11.22,10.9,14928,16451210.0,2.87,-2.06,-0.23,0.9
1997-09-01,000529,10.95,10.96,11.1,10.85,15241,16727006.0,2.29,0.46,0.05,0.92
1997-09-02,000529,11.0,11.15,11.2,10.95,20588,22887954.0,2.28,1.73,0.19,1.24
1997-09-03,000529,11.27,11.16,11.27,11.05,13146,14610961.0,1.97,0.09,0.01,0.79
1997-09-04,000529,11.01,11.13,11.2,11.01,17766,19729538.0,1.7,-0.27,-0.03,1.07
1997-09-05,000529,11.2,11.03,11.21,10.98,12451,13757948.0,2.07,-0.9,-0.1,0.75
1997-09-08,000529,11.05,10.87,11.09,10.8,10555,11478866.0,2.63,-1.45,-0.16,0.64
1997-09-09,000529,10.85,10.8,11.07,10.7,8203,8925810.0,3.4,-0.64,-0.07,0.49
1997-09-10,000529,10.77,10.86,10.95,10.7,9132,9833466.0,2.31,0.56,0.06,0.55
1997-09-11,000529,10.89,10.81,11.08,10.74,13229,14405460.0,3.13,-0.46,-0.05,0.8
1997-09-12,000529,10.81,10.56,10.82,10.51,7927,8455736.0,2.87,-2.31,-0.25,0.48
1997-09-15,000529,10.51,10.11,10.54,10.1,8251,8489492.0,4.17,-4.26,-0.45,0.5
1997-09-16,000529,10.15,10.2,10.3,10.1,6795,6930420.5,1.98,0.89,0.09,0.41
1997-09-17,000529,10.2,10.08,10.22,10.0,5699,5754342.0,2.16,-1.18,-0.12,0.34
1997-09-18,000529,10.1,10.1,10.13,10.0,5611,5641063.5,1.29,0.2,0.02,0.34
1997-09-19,000529,10.12,10.21,10.4,10.08,4099,4183092.2,3.17,1.09,0.11,0.25
1997-09-22,000529,10.3,9.29,10.3,9.25,10596,10221480.0,10.28,-9.01,-0.92,0.64
1997-09-23,000529,9.0,8.47,9.16,8.4,14281,12547942.0,8.18,-8.83,-0.82,0.86
1997-09-24,000529,8.68,8.95,8.98,8.65,11907,10493507.0,3.9,5.67,0.48,0.72
1997-09-25,000529,9.01,9.08,9.35,9.01,14692,13480032.0,3.8,1.45,0.13,0.88
1997-09-26,000529,9.07,8.99,9.09,8.85,5933,5316734.0,2.64,-0.99,-0.09,0.36
1997-09-29,000529,8.98,8.69,8.99,8.62,6772,5918273.0,4.12,-3.34,-0.3,0.41
1997-09-30,000529,8.6,8.95,8.95,8.5,5123,4537244.5,5.18,2.99,0.26,0.31
1997-10-06,000529,8.96,8.94,9.05,8.8,2560,2285636.8,2.79,-0.11,-0.01,0.15
1997-10-07,000529,8.8,8.84,8.95,8.78,2972,2619510.2,1.9,-1.12,-0.1,0.18
1997-10-08,000529,9.2,9.19,9.25,8.98,8017,7333498.5,3.05,3.96,0.35,0.48
1997-10-09,000529,9.25,9.06,9.26,9.0,6232,5698901.5,2.83,-1.41,-0.13,0.37
1997-10-10,000529,9.0,9.1,9.18,9.0,4403,4012512.5,1.99,0.44,0.04,0.26
1997-10-13,000529,9.21,9.04,9.21,9.02,3802,3453692.0,2.09,-0.66,-0.06,0.23
1997-10-14,000529,9.0,9.0,9.01,8.84,3571,3180003.2,1.88,-0.44,-0.04,0.21
1997-10-15,000529,9.0,9.09,9.18,8.9,3934,3582413.2,3.11,1.0,0.09,0.24
1997-10-16,000529,9.2,9.41,9.45,9.09,12414,11574992.0,3.96,3.52,0.32,0.75
1997-10-17,000529,9.52,9.72,9.9,9.48,22928,22273826.0,4.46,3.29,0.31,1.38
1997-10-20,000529,9.86,9.68,10.0,9.45,18390,17983172.0,5.66,-0.41,-0.04,1.11
1997-10-21,000529,9.69,9.95,10.0,9.6,18117,17680528.0,4.13,2.79,0.27,1.09
1997-10-22,000529,9.98,9.64,10.1,9.61,26226,25836994.0,4.92,-3.12,-0.31,1.58
1997-10-23,000529,9.64,9.71,9.88,9.45,16907,16421343.0,4.46,0.73,0.07,1.02
1997-10-24,000529,9.7,10.25,10.35,9.69,35625,35904620.0,6.8,5.56,0.54,2.14
1997-10-27,000529,10.35,10.1,10.48,10.0,27899,28599338.0,4.68,-1.46,-0.15,1.68
1997-10-28,000529,10.15,9.56,10.18,9.45,19621,19161686.0,7.23,-5.35,-0.54,1.18
1997-10-29,000529,9.45,9.66,9.74,9.36,13430,12824998.0,3.97,1.05,0.1,0.81
1997-10-30,000529,9.7,9.5,9.86,9.48,18363,17779740.0,3.93,-1.66,-0.16,1.1
1997-10-31,000529,9.5,9.59,9.6,9.2,10291,9641336.0,4.21,0.95,0.09,0.62
1997-11-03,000529,9.6,9.46,9.6,9.38,8339,7898791.5,2.29,-1.36,-0.13,0.5
1997-11-04,000529,9.5,9.62,10.0,9.47,13385,13034080.0,5.6,1.69,0.16,0.81
1997-11-05,000529,9.71,9.68,9.86,9.55,4894,4708030.0,3.22,0.62,0.06,0.29
1997-11-06,000529,9.68,9.51,9.78,9.5,13824,13293124.0,2.89,-1.76,-0.17,0.83
1997-11-07,000529,9.5,9.78,9.9,9.4,16801,16284118.0,5.26,2.84,0.27,1.01
1997-11-10,000529,9.9,10.08,10.4,9.9,39395,40091020.0,5.11,3.07,0.3,2.37
1997-11-11,000529,10.08,9.87,10.15,9.7,13295,13121058.0,4.46,-2.08,-0.21,0.8
1997-11-12,000529,9.95,9.65,9.99,9.62,7306,7142692.5,3.75,-2.23,-0.22,0.44
1997-11-13,000529,9.5,9.66,9.68,9.36,11967,11325688.0,3.32,0.1,0.01,0.72
1997-11-14,000529,9.7,9.66,9.8,9.62,9155,8873800.0,1.86,0.0,0.0,0.55
1997-11-17,000529,9.83,9.56,9.83,9.55,6796,6544310.0,2.9,-1.04,-0.1,0.41
1997-11-18,000529,9.58,9.43,9.6,9.38,7097,6711445.5,2.3,-1.36,-0.13,0.43
1997-11-19,000529,9.4,9.35,9.45,9.21,9010,8380762.0,2.55,-0.85,-0.08,0.54
1997-11-20,000529,9.3,9.17,9.32,9.15,7063,6520161.5,1.82,-1.93,-0.18,0.42
1997-11-21,000529,9.11,9.04,9.15,9.0,9120,8261535.5,1.64,-1.42,-0.13,0.55
1997-11-24,000529,8.99,8.81,8.99,8.8,7413,6550587.0,2.1,-2.54,-0.23,0.45
1997-11-25,000529,8.81,8.84,8.9,8.75,5124,4512271.0,1.7,0.34,0.03,0.31
1997-11-26,000529,8.81,8.9,8.91,8.8,3711,3287314.8,1.24,0.68,0.06,0.22
1997-11-27,000529,8.91,8.7,8.95,8.65,3892,3438008.8,3.37,-2.25,-0.2,0.23
1997-11-28,000529,8.72,8.81,8.83,8.6,5661,4896625.0,2.64,1.26,0.11,0.34
1997-12-01,000529,8.88,8.91,8.99,8.8,5766,5126657.5,2.16,1.14,0.1,0.35
1997-12-02,000529,8.95,8.96,9.1,8.95,3505,3166483.2,1.68,0.56,0.05,0.21
1997-12-03,000529,9.05,8.7,9.05,8.69,3520,3101265.5,4.02,-2.9,-0.26,0.21
1997-12-04,000529,8.7,8.88,8.92,8.6,3422,3015081.0,3.68,2.07,0.18,0.21
1997-12-05,000529,8.9,8.86,9.04,8.8,4621,4132808.8,2.7,-0.23,-0.02,0.28
1997-12-08,000529,8.98,8.81,8.98,8.79,3411,3014453.5,2.14,-0.56,-0.05,0.21
1997-12-09,000529,8.85,8.9,8.93,8.84,3395,3017321.2,1.02,1.02,0.09,0.2
1997-12-10,000529,8.92,9.06,9.19,8.91,4484,4055697.8,3.15,1.8,0.16,0.27
1997-12-11,000529,9.08,8.93,9.1,8.9,4036,3619450.8,2.21,-1.43,-0.13,0.24
1997-12-12,000529,9.0,8.87,9.05,8.86,4532,4053409.2,2.13,-0.67,-0.06,0.27
1997-12-15,000529,8.89,9.0,9.05,8.89,4425,3969208.8,1.8,1.47,0.13,0.27
1997-12-16,000529,9.01,9.24,9.26,8.9,9805,8948794.0,4.0,2.67,0.24,0.59
1997-12-17,000529,9.2,8.89,9.2,8.88,5983,5370316.0,3.46,-3.79,-0.35,0.36
1997-12-18,000529,8.78,8.8,8.88,8.75,4192,3696303.5,1.46,-1.01,-0.09,0.25
1997-12-19,000529,8.8,8.73,8.88,8.7,4659,4074567.5,2.05,-0.8,-0.07,0.28
1997-12-22,000529,8.71,8.63,8.71,8.55,8757,7549411.5,1.83,-1.15,-0.1,0.53
1997-12-23,000529,8.62,8.7,8.88,8.55,5822,5073014.5,3.82,0.81,0.07,0.35
1997-12-24,000529,8.76,8.67,8.8,8.6,5344,4616389.5,2.3,-0.34,-0.03,0.32
1997-12-25,000529,8.61,8.8,8.99,8.61,6220,5471314.5,4.38,1.5,0.13,0.37
1997-12-26,000529,8.85,8.97,9.01,8.85,8458,7576027.5,1.82,1.93,0.17,0.51
1997-12-29,000529,9.21,9.05,9.28,9.0,10069,9211944.0,3.12,0.89,0.08,0.61
1997-12-30,000529,9.1,8.88,9.15,8.85,5822,5216574.5,3.31,-1.88,-0.17,0.35
1997-12-31,000529,8.88,8.9,8.98,8.8,6421,5715891.0,2.03,0.23,0.02,0.39
1998-01-05,000529,8.92,9.21,9.24,8.9,12242,11098965.0,3.82,3.48,0.31,0.74
1998-01-06,000529,9.22,9.08,9.25,9.0,9907,9005286.0,2.71,-1.41,-0.13,0.6
1998-01-07,000529,9.08,9.11,9.15,9.0,9811,8911145.0,1.65,0.33,0.03,0.59
1998-01-08,000529,9.17,9.07,9.19,9.01,12455,11310274.0,1.98,-0.44,-0.04,0.75
1998-01-09,000529,9.05,9.2,9.48,9.0,13267,12192686.0,5.29,1.43,0.13,0.8
1998-01-12,000529,9.21,9.31,9.5,9.19,17095,15974672.0,3.37,1.2,0.11,1.03
1998-01-13,000529,9.2,8.68,9.2,8.38,17645,15318774.0,8.81,-6.77,-0.63,1.06
1998-01-14,000529,8.78,8.99,9.1,8.75,12668,11245571.0,4.03,3.57,0.31,0.76
1998-01-15,000529,9.01,9.14,9.15,8.92,9509,8594660.0,2.56,1.67,0.15,0.57
1998-01-16,000529,9.16,9.0,9.2,9.0,7160,6503321.0,2.19,-1.53,-0.14,0.43
1998-01-19,000529,9.05,8.96,9.07,8.91,5875,5280310.5,1.78,-0.44,-0.04,0.35
1998-01-20,000529,8.96,8.8,8.99,8.76,5014,4438863.5,2.57,-1.79,-0.16,0.3
1998-01-21,000529,8.86,8.92,9.2,8.85,5391,4859666.5,3.98,1.36,0.12,0.32
1998-01-22,000529,8.96,8.87,8.96,8.86,4810,4275959.5,1.12,-0.56,-0.05,0.29
1998-01-23,000529,9.0,9.0,9.08,8.88,4936,4433328.5,2.25,1.47,0.13,0.3
1998-02-09,000529,9.1,9.16,9.31,9.06,7140,6531803.5,2.78,1.78,0.16,0.43
1998-02-10,000529,9.1,9.17,9.34,9.01,9383,8595112.0,3.6,0.11,0.01,0.56
1998-02-11,000529,9.25,9.57,9.69,9.1,29656,28147442.0,6.43,4.36,0.4,1.78
1998-02-12,000529,9.6,9.3,9.6,9.26,13465,12696098.0,3.55,-2.82,-0.27,0.81
1998-02-13,000529,9.2,9.33,9.47,9.2,6089,5673801.5,2.9,0.32,0.03,0.37
1998-02-16,000529,9.33,9.48,9.6,9.3,14009,13310867.0,3.22,1.61,0.15,0.84
1998-02-17,000529,9.48,9.39,9.54,9.3,5567,5246057.0,2.53,-0.95,-0.09,0.33
1998-02-18,000529,9.39,9.37,9.5,9.3,10394,9743922.0,2.13,-0.21,-0.02,0.63
1998-02-19,000529,9.4,9.23,9.45,9.15,9582,8828270.0,3.2,-1.49,-0.14,0.58
1998-02-20,000529,9.23,9.16,9.24,9.1,5675,5186855.0,1.52,-0.76,-0.07,0.34
1998-02-23,000529,9.13,9.06,9.2,8.88,5778,5221552.0,3.49,-1.09,-0.1,0.35
1998-02-24,000529,9.0,9.08,9.11,8.95,4196,3794166.5,1.77,0.22,0.02,0.25
1998-02-25,000529,9.08,8.92,9.1,8.88,5124,4601237.0,2.42,-1.76,-0.16,0.31
1998-02-26,000529,8.88,8.97,8.98,8.83,4031,3582800.5,1.68,0.56,0.05,0.24
1998-02-27,000529,8.97,8.95,9.01,8.9,3736,3345972.5,1.23,-0.22,-0.02,0.22
1998-03-02,000529,8.97,8.74,9.0,8.68,6150,5397322.0,3.58,-2.35,-0.21,0.37
1998-03-03,000529,8.7,8.93,8.95,8.7,4398,3884380.0,2.86,2.17,0.19,0.26
1998-03-04,000529,8.96,9.15,9.25,8.85,6314,5741363.0,4.48,2.46,0.22,0.38
1998-03-05,000529,9.15,8.99,9.2,8.96,4538,4117045.0,2.62,-1.75,-0.16,0.27
1998-03-06,000529,8.9,9.09,9.1,8.86,3931,3546135.0,2.67,1.11,0.1,0.24
1998-03-09,000529,9.08,9.31,9.46,9.05,14303,13300143.0,4.51,2.42,0.22,0.86
1998-03-10,000529,9.3,9.18,9.3,9.1,6153,5637688.5,2.15,-1.4,-0.13,0.37
1998-03-11,000529,9.18,9.08,9.2,9.05,5498,5010078.0,1.63,-1.09,-0.1,0.33
1998-03-12,000529,8.93,9.1,9.2,8.91,4276,3852042.8,3.19,0.22,0.02,0.26
1998-03-13,000529,9.1,9.36,9.45,9.09,15458,14356122.0,3.96,2.86,0.26,0.93
1998-03-16,000529,9.4,9.4,9.46,9.28,12546,11781385.0,1.92,0.43,0.04,0.75
1998-03-17,000529,9.45,9.71,9.72,9.41,27066,25886240.0,3.3,3.3,0.31,1.63
1998-03-18,000529,9.75,9.6,9.76,9.5,14229,13649131.0,2.68,-1.13,-0.11,0.86
1998-03-19,000529,9.54,9.47,9.78,9.45,14712,14123378.0,3.44,-1.35,-0.13,0.89
1998-03-20,000529,9.9,9.52,9.95,9.5,21052,20212080.0,4.75,0.53,0.05,1.27
1998-03-23,000529,9.5,9.32,9.55,9.3,11424,10723722.0,2.63,-2.1,-0.2,0.69
1998-03-24,000529,9.35,9.38,9.4,9.26,6153,5730570.0,1.5,0.64,0.06,0.37
1998-03-25,000529,9.55,9.25,9.56,9.2,8691,8091593.0,3.84,-1.39,-0.13,0.52
1998-03-26,000529,9.2,9.06,9.29,9.05,8483,7723618.0,2.59,-2.05,-0.19,0.51
1998-03-27,000529,9.01,9.15,9.2,9.01,8951,8155420.0,2.1,0.99,0.09,0.54
1998-03-30,000529,9.18,9.29,9.38,9.0,15315,14033524.0,4.15,1.53,0.14,0.92
1998-03-31,000529,9.3,9.11,9.35,9.1,9116,8368067.5,2.69,-1.94,-0.18,0.55
1998-04-01,000529,9.1,9.16,9.3,9.1,8343,7651497.5,2.2,0.55,0.05,0.5
1998-04-02,000529,9.21,9.38,9.65,9.16,18649,17578434.0,5.35,2.4,0.22,1.12
1998-04-03,000529,9.38,9.45,9.5,9.3,12303,11569968.0,2.13,0.75,0.07,0.74
1998-04-06,000529,9.55,9.59,9.7,9.5,19340,18571102.0,2.12,1.48,0.14,1.16
1998-04-07,000529,9.6,9.75,9.88,9.59,27029,26366862.0,3.02,1.67,0.16,1.63
1998-04-08,000529,9.75,9.65,9.77,9.55,17795,17158500.0,2.26,-1.03,-0.1,1.07
1998-04-09,000529,9.67,9.37,9.7,9.32,16370,15571205.0,3.94,-2.9,-0.28,0.98
1998-04-10,000529,9.37,9.6,9.68,9.37,13398,12787484.0,3.31,2.45,0.23,0.81
1998-04-13,000529,9.68,10.0,10.28,9.65,47065,46921512.0,6.56,4.17,0.4,2.83
1998-04-14,000529,9.95,9.99,10.23,9.94,31864,32027594.0,2.9,-0.1,-0.01,1.92
1998-04-15,000529,10.0,10.05,10.15,9.9,22062,22074456.0,2.5,0.6,0.06,1.33
1998-04-16,000529,10.05,9.99,10.27,9.95,22510,22811162.0,3.18,-0.6,-0.06,1.35
1998-04-17,000529,9.95,9.67,9.96,9.58,19821,19273374.0,3.8,-3.2,-0.32,1.19
1998-04-20,000529,9.59,9.5,9.66,9.43,11827,11266699.0,2.38,-1.76,-0.17,0.71
1998-04-21,000529,9.51,9.53,9.75,9.35,6754,6457981.0,4.21,0.32,0.03,0.41
1998-04-22,000529,9.58,9.91,10.03,9.58,13916,13674462.0,4.72,3.99,0.38,0.84
1998-04-23,000529,10.0,9.72,10.0,9.7,9367,9187447.0,3.03,-1.92,-0.19,0.56
1998-04-24,000529,9.72,9.64,9.85,9.58,12278,11911905.0,2.78,-0.82,-0.08,0.74
1998-04-27,000529,9.63,9.91,9.96,9.6,11758,11477545.0,3.73,2.8,0.27,0.71
1998-04-28,000529,9.9,9.94,10.0,9.8,12544,12442301.0,2.02,0.3,0.03,0.75
1998-04-29,000529,9.98,9.78,10.04,9.75,10329,10163780.0,2.92,-1.61,-0.16,0.62
1998-04-30,000529,9.77,9.79,9.8,9.65,11057,10746640.0,1.53,0.1,0.01,0.67
1998-05-04,000529,9.8,9.86,9.98,9.69,17831,17501480.0,2.96,0.72,0.07,1.07
1998-05-05,000529,9.95,9.76,9.98,9.7,13655,13389166.0,2.84,-1.01,-0.1,0.82
1998-05-06,000529,9.71,9.65,9.8,9.58,16684,16085724.0,2.25,-1.13,-0.11,1.0
1998-05-07,000529,9.7,9.6,9.9,9.58,15623,15181591.0,3.32,-0.52,-0.05,0.94
1998-05-08,000529,9.53,9.7,9.7,9.47,12903,12396099.0,2.4,1.04,0.1,0.78
1998-05-11,000529,9.7,9.69,9.85,9.5,19899,19153364.0,3.61,-0.1,-0.01,1.2
1998-05-12,000529,9.7,9.58,9.8,9.5,11770,11293059.0,3.1,-1.14,-0.11,0.71
1998-05-13,000529,9.59,9.55,9.7,9.45,17168,16338874.0,2.61,-0.31,-0.03,1.03
1998-05-14,000529,9.55,9.46,9.62,9.38,15213,14395870.0,2.51,-0.94,-0.09,0.92
1998-05-15,000529,9.5,9.5,9.69,9.45,14891,14201597.0,2.54,0.42,0.04,0.9
1998-05-18,000529,9.51,9.4,9.6,9.38,10519,9948631.0,2.32,-1.05,-0.1,0.63
1998-05-19,000529,9.45,9.3,9.47,9.2,10861,10133533.0,2.87,-1.06,-0.1,0.65
1998-05-20,000529,9.3,9.33,9.5,9.28,9201,8606011.0,2.37,0.32,0.03,0.55
1998-05-21,000529,9.3,9.2,9.5,9.15,10590,9756237.0,3.75,-1.39,-0.13,0.64
1998-05-22,000529,9.25,9.28,9.44,9.21,10099,9370068.0,2.5,0.87,0.08,0.61
1998-05-25,000529,9.28,9.4,9.65,9.18,18998,17804334.0,5.06,1.29,0.12,1.14
1998-05-26,000529,9.42,9.37,9.5,9.26,9929,9268131.0,2.55,-0.32,-0.03,0.6
1998-05-27,000529,9.35,9.35,9.37,9.26,11252,10454655.0,1.17,-0.21,-0.02,0.68
1998-05-28,000529,9.37,9.48,9.59,9.37,12077,11421459.0,2.35,1.39,0.13,0.73
1998-05-29,000529,9.5,9.41,9.55,9.36,9311,8780931.0,2.0,-0.74,-0.07,0.56
1998-06-01,000529,9.45,9.79,9.95,9.28,33700,32658788.0,7.12,4.04,0.38,2.03
1998-06-02,000529,9.8,9.62,9.82,9.5,10347,9975563.0,3.27,-1.74,-0.17,0.62
1998-06-03,000529,9.63,9.59,9.78,9.52,10277,9882212.0,2.7,-0.31,-0.03,0.62
1998-06-04,000529,9.6,9.42,9.6,9.38,8827,8339996.0,2.29,-1.77,-0.17,0.53
1998-06-05,000529,9.5,9.48,9.56,9.3,8142,7667314.0,2.76,0.64,0.06,0.49
1998-06-08,000529,9.4,9.32,9.48,9.29,8552,8002389.0,2.0,-1.69,-0.16,0.51
1998-06-09,000529,9.3,9.06,9.3,9.0,10252,9378426.0,3.22,-2.79,-0.26,0.62
1998-06-10,000529,9.2,9.11,9.2,9.06,3424,3127249.2,1.55,0.55,0.05,0.21
1998-06-11,000529,9.15,9.06,9.18,9.0,7814,7075056.0,1.98,-0.55,-0.05,0.47
1998-06-12,000529,9.15,9.25,9.4,9.15,8233,7566794.5,2.76,2.1,0.19,0.5
1998-06-15,000529,9.23,9.0,9.25,8.98,8247,7466749.5,2.92,-2.7,-0.25,0.5
1998-06-16,000529,8.99,8.88,8.99,8.68,7789,6853122.5,3.44,-1.33,-0.12,0.47
1998-06-17,000529,8.88,8.9,9.07,8.87,4991,4452731.5,2.25,0.23,0.02,0.3
1998-06-18,000529,8.87,8.89,9.03,8.68,5707,5085373.5,3.93,-0.11,-0.01,0.34
1998-06-19,000529,9.0,8.9,9.0,8.82,5974,5322459.5,2.02,0.11,0.01,0.36
1998-06-22,000529,8.94,8.9,9.0,8.84,8473,7536695.0,1.8,0.0,0.0,0.51
1998-06-23,000529,8.9,8.92,8.96,8.73,7012,6192708.0,2.58,0.22,0.02,0.42
1998-06-24,000529,8.9,8.84,8.92,8.8,6808,6017858.5,1.35,-0.9,-0.08,0.41
1998-06-25,000529,8.8,9.01,9.1,8.68,12711,11370044.0,4.75,1.92,0.17,0.76
1998-06-26,000529,9.03,8.93,9.09,8.85,7642,6849267.0,2.66,-0.89,-0.08,0.46
1998-06-29,000529,8.9,8.82,9.03,8.8,8295,7382104.5,2.58,-1.23,-0.11,0.5
1998-06-30,000529,8.82,8.53,8.82,8.5,7368,6335796.5,3.63,-3.29,-0.29,0.44
1998-07-01,000529,8.69,8.47,8.8,8.4,6726,5767842.5,4.69,-0.7,-0.06,0.4
1998-07-02,000529,8.58,8.47,8.58,8.4,6115,5168952.0,2.13,0.0,0.0,0.37
1998-07-03,000529,8.5,8.5,8.6,8.48,6519,5550923.0,1.42,0.35,0.03,0.39
1998-07-06,000529,8.52,8.32,8.59,8.31,6568,5537787.0,3.29,-2.12,-0.18,0.4
1998-07-07,000529,8.31,8.32,8.37,8.2,6681,5528776.5,2.04,0.0,0.0,0.4
1998-07-08,000529,8.4,8.75,8.85,8.4,11318,9817850.0,5.41,5.17,0.43,0.68
1998-07-09,000529,8.77,8.66,8.84,8.65,5614,4902488.0,2.17,-1.03,-0.09,0.34
1998-07-10,000529,8.7,8.7,8.8,8.61,3658,3188124.2,2.19,0.46,0.04,0.22
1998-07-13,000529,8.75,8.92,8.96,8.66,7845,6927885.5,3.45,2.53,0.22,0.47
1998-07-14,000529,8.95,8.7,8.99,8.69,7197,6381026.0,3.36,-2.47,-0.22,0.43
1998-07-15,000529,8.66,8.61,8.68,8.55,3999,3448491.0,1.49,-1.03,-0.09,0.24
1998-07-16,000529,8.62,8.49,8.65,8.45,3813,3239219.8,2.32,-1.39,-0.12,0.23
1998-07-17,000529,8.5,8.42,8.57,8.4,3240,2736362.2,2.0,-0.82,-0.07,0.19
1998-07-20,000529,8.45,8.17,8.45,8.15,5128,4230250.5,3.56,-2.97,-0.25,0.31
1998-07-21,000529,8.17,8.39,8.41,8.1,3146,2597176.5,3.79,2.69,0.22,0.19
1998-07-22,000529,8.31,8.2,8.31,8.18,2956,2431500.0,1.55,-2.26,-0.19,0.18
1998-07-23,000529,8.24,8.36,8.44,8.2,3629,3014158.2,2.93,1.95,0.16,0.22
1998-07-24,000529,8.37,8.39,8.48,8.37,3767,3170240.2,1.32,0.36,0.03,0.23
1998-07-27,000529,8.4,8.37,8.44,8.2,3629,3011868.8,2.86,-0.24,-0.02,0.22
1998-07-28,000529,8.32,8.57,8.64,8.25,6231,5270614.0,4.66,2.39,0.2,0.37
1998-07-29,000529,8.45,8.37,8.57,8.36,3202,2701886.2,2.45,-2.33,-0.2,0.19
1998-07-30,000529,8.41,8.35,8.41,8.31,3095,2585117.2,1.19,-0.24,-0.02,0.19
1998-07-31,000529,8.45,8.73,8.89,8.45,17924,15680328.0,5.27,4.55,0.38,1.08
1998-08-03,000529,8.8,8.83,8.95,8.65,9993,8813706.0,3.44,1.15,0.1,0.6
1998-08-04,000529,8.8,8.69,8.82,8.65,5547,4827175.0,1.93,-1.59,-0.14,0.33
1998-08-05,000529,8.7,8.66,8.72,8.57,3161,2725367.0,1.73,-0.35,-0.03,0.19
1998-08-06,000529,8.71,8.69,8.8,8.0,5056,4366609.0,9.24,0.35,0.03,0.3
1998-08-07,000529,8.63,8.36,8.66,8.31,4372,3695769.0,4.03,-3.8,-0.33,0.26
1998-08-10,000529,8.3,8.09,8.3,8.03,5354,4355830.5,3.23,-3.23,-0.27,0.32
1998-08-11,000529,8.1,7.95,8.25,7.94,5068,4065540.5,3.83,-1.73,-0.14,0.3
1998-08-12,000529,7.95,7.68,7.98,7.5,6422,4945474.0,6.04,-3.4,-0.27,0.39
1998-08-13,000529,7.71,7.83,7.91,7.6,4592,3573040.5,4.04,1.95,0.15,0.28
1998-08-14,000529,7.84,7.52,7.84,7.5,5417,4116925.2,4.34,-3.96,-0.31,0.33
1998-08-17,000529,7.4,6.77,7.4,6.77,8360,5805122.0,8.38,-9.97,-0.75,0.5
1998-08-18,000529,7.01,6.83,7.13,6.75,11071,7612096.5,5.61,0.89,0.06,0.67
1998-08-19,000529,6.8,7.29,7.3,6.8,13710,9762747.0,7.32,6.73,0.46,0.82
1998-08-20,000529,7.3,7.32,7.38,7.1,8481,6149911.5,3.84,0.41,0.03,0.51
1998-08-21,000529,7.32,7.39,7.45,7.0,8412,6155588.0,6.15,0.96,0.07,0.51
1998-08-24,000529,7.35,7.42,7.65,7.22,8348,6224367.0,5.82,0.41,0.03,0.5
1998-08-25,000529,7.35,7.35,7.4,7.25,5213,3823113.0,2.02,-0.94,-0.07,0.31
1998-08-26,000529,7.29,7.26,7.5,7.25,5327,3907642.5,3.4,-1.22,-0.09,0.32
1998-08-27,000529,7.2,7.2,7.27,7.0,8691,6242095.0,3.72,-0.83,-0.06,0.52
1998-08-28,000529,7.2,7.02,7.2,7.01,4679,3311738.8,2.64,-2.5,-0.18,0.28
1998-08-31,000529,6.92,7.07,7.08,6.55,5929,4068718.8,7.55,0.71,0.05,0.36
1998-09-01,000529,7.07,7.15,7.44,6.95,8100,5848841.5,6.93,1.13,0.08,0.49
1998-09-02,000529,7.1,7.1,7.25,7.01,2754,1961013.8,3.36,-0.7,-0.05,0.17
1998-09-03,000529,7.13,7.11,7.25,7.06,3390,2424555.2,2.68,0.14,0.01,0.2
1998-09-04,000529,7.12,7.19,7.28,7.12,4401,3172217.0,2.25,1.13,0.08,0.26
1998-09-07,000529,7.2,7.27,7.3,7.17,3968,2872066.2,1.81,1.11,0.08,0.24
1998-09-08,000529,7.29,7.24,7.5,7.2,8039,5931703.0,4.13,-0.41,-0.03,0.48
1998-09-09,000529,7.22,7.34,7.38,7.18,4244,3087617.5,2.76,1.38,0.1,0.26
1998-09-10,000529,7.35,7.44,7.55,7.28,13134,9749481.0,3.68,1.36,0.1,0.79
1998-09-11,000529,7.44,7.3,7.51,7.27,10876,7967137.0,3.23,-1.88,-0.14,0.65
1998-09-14,000529,7.41,7.69,7.75,7.4,20547,15613532.0,4.79,5.34,0.39,1.24
1998-09-15,000529,7.75,7.52,7.75,7.51,9751,7439993.0,3.12,-2.21,-0.17,0.59
1998-09-16,000529,7.5,7.43,7.58,7.31,10636,7904442.5,3.59,-1.2,-0.09,0.64
1998-09-17,000529,7.5,7.39,7.57,7.3,10582,7866101.5,3.63,-0.54,-0.04,0.64
1998-09-18,000529,7.37,7.15,7.38,7.14,9147,6625788.5,3.25,-3.25,-0.24,0.55
1998-09-21,000529,7.08,7.44,7.5,7.07,8717,6378953.5,6.01,4.06,0.29,0.52
1998-09-22,000529,7.4,7.29,7.47,7.28,4685,3445016.8,2.55,-2.02,-0.15,0.28
1998-09-23,000529,7.23,7.31,7.38,7.23,4157,3028034.5,2.06,0.27,0.02,0.25
1998-09-24,000529,7.36,7.18,7.36,7.1,5737,4130751.5,3.56,-1.78,-0.13,0.35
1998-09-25,000529,7.1,7.3,7.44,7.1,6765,4926073.0,4.74,1.67,0.12,0.41
1998-09-28,000529,7.45,7.31,7.46,7.21,4544,3336864.8,3.42,0.14,0.01,0.27
1998-09-29,000529,7.4,7.24,7.4,7.2,4211,3064514.5,2.74,-0.96,-0.07,0.25
1998-09-30,000529,7.25,7.31,7.38,7.22,2662,1941255.2,2.21,0.97,0.07,0.16
1998-10-05,000529,7.32,7.2,7.32,7.18,4677,3380064.0,1.92,-1.5,-0.11,0.28
1998-10-06,000529,7.2,7.12,7.28,7.1,4099,2939890.2,2.5,-1.11,-0.08,0.25
1998-10-07,000529,7.15,7.06,7.15,7.04,3923,2772630.2,1.54,-0.84,-0.06,0.24
1998-10-08,000529,7.09,7.16,7.17,7.05,3630,2571571.5,1.7,1.42,0.1,0.22
1998-10-09,000529,7.18,7.1,7.19,7.09,3997,2841985.5,1.4,-0.84,-0.06,0.24
1998-10-12,000529,7.1,7.05,7.15,6.99,6397,4501171.0,2.25,-0.7,-0.05,0.38
1998-10-13,000529,7.06,7.0,7.19,7.0,5554,3928489.8,2.7,-0.71,-0.05,0.33
1998-10-14,000529,7.05,7.06,7.07,7.0,4736,3332028.2,1.0,0.86,0.06,0.28
1998-10-15,000529,7.07,7.1,7.18,6.95,8430,5924225.5,3.26,0.57,0.04,0.51
1998-10-16,000529,7.12,7.19,7.24,7.0,11405,8096445.0,3.38,1.27,0.09,0.69
1998-10-19,000529,7.21,7.2,7.32,7.19,8130,5878203.0,1.81,0.14,0.01,0.49
1998-10-20,000529,7.2,7.21,7.38,7.03,8449,6007449.0,4.86,0.14,0.01,0.51
1998-10-21,000529,7.23,7.02,7.24,7.0,9955,7029120.5,3.33,-2.64,-0.19,0.6
1998-10-22,000529,7.04,7.13,7.13,6.8,10143,7029237.5,4.7,1.57,0.11,0.61
1998-10-23,000529,7.11,7.11,7.13,6.99,5561,3923054.8,1.96,-0.28,-0.02,0.33
1998-10-26,000529,7.06,7.06,7.08,6.8,7196,4961206.5,3.94,-0.7,-0.05,0.43
1998-10-27,000529,6.99,6.97,6.99,6.85,4314,2980207.0,1.98,-1.27,-0.09,0.26
1998-10-28,000529,6.95,7.25,7.36,6.84,37470,26826370.0,7.46,4.02,0.28,2.25
1998-10-29,000529,7.23,7.04,7.25,7.01,15104,10736479.0,3.31,-2.9,-0.21,0.91
1998-10-30,000529,7.04,6.92,7.04,6.9,12822,8914083.0,1.99,-1.7,-0.12,0.77
1998-11-02,000529,6.92,6.76,6.99,6.71,16470,11148327.0,4.05,-2.31,-0.16,0.99
1998-11-03,000529,6.72,6.88,6.99,6.63,28826,19377858.0,5.33,1.78,0.12,1.73
1998-11-04,000529,6.79,6.75,6.8,6.68,10107,6814551.0,1.74,-1.89,-0.13,0.47
1998-11-05,000529,6.76,6.99,7.08,6.65,28865,19935396.0,6.37,3.56,0.24,1.34
1998-11-06,000529,7.05,6.89,7.08,6.85,9090,6275828.0,3.29,-1.43,-0.1,0.42
1998-11-09,000529,6.89,6.95,6.95,6.8,12547,8638412.0,2.18,0.87,0.06,0.58
1998-11-10,000529,6.99,7.14,7.17,6.9,31434,22247368.0,3.88,2.73,0.19,1.45
1998-11-11,000529,7.14,7.13,7.31,7.08,27400,19751220.0,3.22,-0.14,-0.01,1.27
1998-11-12,000529,7.13,7.2,7.36,7.1,31261,22791746.0,3.65,0.98,0.07,1.45
1998-11-13,000529,7.25,7.14,7.3,7.13,10716,7710777.5,2.36,-0.83,-0.06,0.5
1998-11-16,000529,7.15,7.14,7.23,7.08,18021,12871656.0,2.1,0.0,0.0,0.83
1998-11-17,000529,7.2,6.97,7.21,6.9,20613,14561738.0,4.34,-2.38,-0.17,0.95
1998-11-18,000529,6.8,7.0,7.2,6.8,37372,26304676.0,5.74,0.43,0.03,1.73
1998-11-19,000529,7.18,7.0,7.18,6.83,38903,26910372.0,5.0,0.0,0.0,1.8
1998-11-20,000529,7.05,7.29,7.42,7.01,42188,30608430.0,5.86,4.14,0.29,1.95
1998-11-23,000529,7.31,7.59,7.65,7.31,65217,49106080.0,4.66,4.12,0.3,3.02
1998-11-24,000529,7.64,7.49,7.65,7.45,34346,25861796.0,2.64,-1.32,-0.1,1.59
1998-11-25,000529,7.5,7.4,7.65,7.38,21636,16225003.0,3.6,-1.2,-0.09,1.0
1998-11-26,000529,7.4,7.74,7.75,7.3,44473,33732640.0,6.08,4.59,0.34,2.06
1998-11-27,000529,7.78,7.9,8.07,7.72,75468,59526784.0,4.52,2.07,0.16,3.49
1998-11-30,000529,7.88,7.95,8.08,7.8,29934,23705384.0,3.54,0.63,0.05,1.39
1998-12-01,000529,7.98,7.92,7.98,7.83,18635,14713083.0,1.89,-0.38,-0.03,0.86
1998-12-02,000529,7.88,7.75,7.95,7.72,21940,17144280.0,2.9,-2.15,-0.17,1.02
1998-12-03,000529,7.78,7.78,7.95,7.68,21264,16676935.0,3.48,0.39,0.03,0.98
1998-12-04,000529,7.82,7.68,7.94,7.66,24043,18734112.0,3.6,-1.29,-0.1,1.11
1998-12-07,000529,7.8,7.65,7.88,7.57,21288,16423881.0,4.04,-0.39,-0.03,0.99
1998-12-08,000529,7.65,7.69,7.78,7.61,8030,6179841.0,2.22,0.52,0.04,0.37
1998-12-09,000529,7.7,7.71,7.78,7.58,6642,5096584.0,2.6,0.26,0.02,0.31
1998-12-10,000529,7.7,7.65,7.75,7.64,6419,4930911.5,1.43,-0.78,-0.06,0.3
1998-12-11,000529,7.5,7.82,7.85,7.5,10953,8414664.0,4.58,2.22,0.17,0.51
1998-12-14,000529,7.95,7.75,7.95,7.73,7787,6063728.5,2.81,-0.9,-0.07,0.36
1998-12-15,000529,7.7,7.83,7.84,7.6,8569,6593460.5,3.1,1.03,0.08,0.4
1998-12-16,000529,7.8,7.83,7.97,7.76,11569,9139660.0,2.68,0.0,0.0,0.54
1998-12-17,000529,7.79,7.7,7.9,7.68,6305,4887377.5,2.81,-1.66,-0.13,0.29
1998-12-18,000529,7.65,7.76,7.84,7.65,7634,5938870.5,2.47,0.78,0.06,0.35
1998-12-21,000529,7.8,8.07,8.09,7.73,21556,17186782.0,4.64,3.99,0.31,1.0
1998-12-22,000529,8.1,8.27,8.33,8.08,47647,39154664.0,3.1,2.48,0.2,2.21
1998-12-23,000529,8.3,7.98,8.39,7.9,40534,32874716.0,5.93,-3.51,-0.29,1.88
1998-12-24,000529,7.97,7.78,7.97,7.78,12724,9963299.0,2.38,-2.51,-0.2,0.59
1998-12-25,000529,7.77,7.7,7.86,7.68,13831,10717988.0,2.31,-1.03,-0.08,0.64
1998-12-28,000529,7.65,7.67,7.75,7.58,14052,10709827.0,2.21,-0.39,-0.03,0.65
1998-12-29,000529,7.68,7.41,7.75,7.4,11543,8640819.0,4.56,-3.39,-0.26,0.53
1998-12-30,000529,7.36,7.59,7.62,7.28,36560,27172104.0,4.59,2.43,0.18,1.69
1998-12-31,000529,7.68,7.49,7.68,7.48,12891,9683530.0,2.64,-1.32,-0.1,0.6
1999-01-04,000529,7.41,7.5,7.6,7.41,8289,6236075.5,2.54,0.13,0.01,0.38
1999-01-05,000529,7.59,7.49,7.6,7.4,11196,8405429.0,2.67,-0.13,-0.01,0.52
1999-01-06,000529,7.6,7.5,7.66,7.49,6789,5132338.0,2.27,0.13,0.01,0.31
1999-01-07,000529,7.5,7.49,7.56,7.41,6665,4996818.5,2.0,-0.13,-0.01,0.31
1999-01-08,000529,7.5,7.63,7.68,7.49,8515,6472593.0,2.54,1.87,0.14,0.39
1999-01-11,000529,7.63,7.6,7.65,7.5,6368,4833922.0,1.97,-0.39,-0.03,0.29
1999-01-12,000529,7.62,7.58,7.64,7.51,6665,5056388.0,1.71,-0.26,-0.02,0.31
1999-01-13,000529,7.48,7.59,7.61,7.45,6624,5012419.5,2.11,0.13,0.01,0.31
1999-01-14,000529,7.53,7.62,7.81,7.5,11052,8509255.0,4.08,0.4,0.03,0.51
1999-01-15,000529,7.62,7.85,7.86,7.62,14598,11326867.0,3.15,3.02,0.23,0.68
1999-01-18,000529,7.85,8.0,8.03,7.75,20951,16653311.0,3.57,1.91,0.15,0.97
1999-01-19,000529,8.0,7.9,8.15,7.9,19230,15381595.0,3.13,-1.25,-0.1,0.89
1999-01-20,000529,8.0,7.86,8.0,7.76,13001,10256688.0,3.04,-0.51,-0.04,0.6
1999-01-21,000529,7.96,7.94,8.01,7.88,15576,12385907.0,1.65,1.02,0.08,0.72
1999-01-22,000529,8.0,7.99,8.1,7.95,20824,16718983.0,1.89,0.63,0.05,0.96
1999-01-25,000529,8.05,8.12,8.18,8.0,23219,18785932.0,2.25,1.63,0.13,1.07
1999-01-26,000529,8.1,8.0,8.16,7.88,13655,10909064.0,3.45,-1.48,-0.12,0.63
1999-01-27,000529,8.0,7.9,8.03,7.85,11212,8915452.0,2.25,-1.25,-0.1,0.52
1999-01-28,000529,7.9,7.94,7.95,7.77,12996,10183363.0,2.28,0.51,0.04,0.6
1999-01-29,000529,7.93,7.93,7.95,7.78,8224,6455228.0,2.14,-0.13,-0.01,0.38
1999-02-01,000529,7.83,7.87,7.89,7.75,9384,7338454.5,1.77,-0.76,-0.06,0.43
1999-02-02,000529,7.83,7.86,7.88,7.62,12945,10029156.0,3.3,-0.13,-0.01,0.6
1999-02-03,000529,7.72,7.88,7.98,7.72,5213,4070394.2,3.31,0.25,0.02,0.24
1999-02-04,000529,7.8,7.84,7.88,7.78,4555,3558597.2,1.27,-0.51,-0.04,0.21
1999-02-05,000529,7.79,7.77,7.8,7.62,8146,6268325.5,2.3,-0.89,-0.07,0.38
1999-02-08,000529,7.73,7.79,7.8,7.6,10341,7959979.0,2.57,0.26,0.02,0.48
1999-02-09,000529,7.82,8.07,8.08,7.8,25502,20373608.0,3.59,3.59,0.28,1.18
1999-03-01,000529,8.05,8.12,8.18,7.94,26868,21726208.0,2.97,0.62,0.05,1.24
1999-03-02,000529,8.09,8.19,8.25,8.0,33317,27171912.0,3.08,0.86,0.07,1.54
1999-03-03,000529,8.18,8.46,8.51,8.16,41922,35020480.0,4.27,3.3,0.27,1.94
1999-03-04,000529,8.43,8.39,8.55,8.2,22821,19103974.0,4.14,-0.83,-0.07,1.06
1999-03-05,000529,8.35,8.41,8.5,8.25,18138,15162444.0,2.98,0.24,0.02,0.84
1999-03-08,000529,8.43,8.54,8.61,8.35,25582,21690704.0,3.09,1.55,0.13,1.18
1999-03-09,000529,8.52,8.36,8.52,8.24,18428,15385317.0,3.28,-2.11,-0.18,0.85
1999-03-10,000529,8.36,8.11,8.36,8.08,13415,10934814.0,3.35,-2.99,-0.25,0.62
1999-03-11,000529,8.08,8.16,8.28,8.02,11892,9715228.0,3.21,0.62,0.05,0.55
1999-03-12,000529,8.2,8.12,8.3,8.09,13933,11341189.0,2.57,-0.49,-0.04,0.64
1999-03-15,000529,8.13,7.95,8.43,7.65,268883,216237200.0,9.61,-2.09,-0.17,12.45
1999-03-16,000529,7.85,7.6,7.85,7.49,162112,122060960.0,4.53,-4.4,-0.35,7.5
1999-03-17,000529,7.54,7.5,7.69,7.45,79158,59697040.0,3.16,-1.32,-0.1,3.66
1999-03-18,000529,7.51,7.49,7.66,7.45,52628,39644324.0,2.8,-0.13,-0.01,2.44
1999-03-19,000529,7.45,7.39,7.54,7.23,65200,47960632.0,4.14,-1.34,-0.1,3.02
1999-03-22,000529,7.39,7.18,7.5,7.08,130861,93351512.0,5.68,-2.84,-0.21,6.06
1999-03-23,000529,7.1,7.29,7.32,7.1,38517,27888770.0,3.06,1.53,0.11,1.78
1999-03-24,000529,7.28,7.17,7.34,7.13,24271,17471486.0,2.88,-1.65,-0.12,1.12
1999-03-25,000529,7.12,7.15,7.23,7.11,26527,19011902.0,1.67,-0.28,-0.02,1.23
1999-03-26,000529,7.13,7.18,7.26,7.1,29454,21108658.0,2.24,0.42,0.03,1.36
1999-03-29,000529,7.15,7.21,7.23,7.09,35547,25402128.0,1.95,0.42,0.03,1.65
1999-03-30,000529,7.18,7.24,7.34,7.18,49877,36123908.0,2.22,0.42,0.03,2.31
1999-03-31,000529,7.2,7.19,7.31,7.08,34212,24436458.0,3.18,-0.69,-0.05,1.58
1999-04-01,000529,7.15,6.92,7.21,6.9,53521,37402248.0,4.31,-3.76,-0.27,2.48
1999-04-02,000529,6.9,6.9,6.9,6.72,52100,35395288.0,2.6,-0.29,-0.02,2.41
1999-04-05,000529,6.95,6.96,6.98,6.8,47635,32904904.0,2.61,0.87,0.06,2.2
1999-04-06,000529,6.96,6.89,6.98,6.83,25723,17674728.0,2.16,-1.01,-0.07,1.19
1999-04-07,000529,6.87,7.01,7.06,6.76,38427,26364034.0,4.35,1.74,0.12,1.78
1999-04-08,000529,7.01,6.86,7.05,6.85,16893,11696489.0,2.85,-2.14,-0.15,0.78
1999-04-09,000529,6.84,6.85,6.97,6.8,15438,10596125.0,2.48,-0.15,-0.01,0.71
1999-04-12,000529,6.86,6.94,6.95,6.82,18435,12704733.0,1.9,1.31,0.09,0.85
1999-04-13,000529,6.94,6.81,6.94,6.79,14292,9781029.0,2.16,-1.87,-0.13,0.66
1999-04-14,000529,6.8,6.85,6.93,6.7,24626,16741692.0,3.38,0.59,0.04,1.14
1999-04-15,000529,6.65,6.31,6.7,6.3,55966,36170704.0,5.84,-7.88,-0.54,2.59
1999-04-16,000529,6.25,6.29,6.41,6.25,30983,19506614.0,2.54,-0.32,-0.02,1.43
1999-04-19,000529,6.3,6.15,6.3,6.13,27314,16849002.0,2.7,-2.23,-0.14,1.26
1999-04-20,000529,6.15,6.22,6.25,6.13,14055,8708383.0,1.95,1.14,0.07,0.65
1999-04-21,000529,6.24,6.2,6.32,6.15,17022,10584914.0,2.73,-0.32,-0.02,0.79
1999-04-22,000529,6.15,6.05,6.2,5.92,22881,13834369.0,4.52,-2.42,-0.15,1.06
1999-04-23,000529,6.04,6.22,6.28,6.04,15332,9478862.0,3.97,2.81,0.17,0.71
1999-04-26,000529,6.2,6.05,6.22,6.04,15256,9290321.0,2.89,-2.73,-0.17,0.71
1999-04-27,000529,6.0,5.9,6.05,5.88,17791,10595415.0,2.81,-2.48,-0.15,0.82
1999-04-28,000529,5.88,5.83,5.99,5.83,11480,6779912.0,2.71,-1.19,-0.07,0.53
1999-04-29,000529,5.82,5.91,5.94,5.81,9503,5576977.0,2.23,1.37,0.08,0.44
1999-04-30,000529,5.92,5.97,6.04,5.9,8357,4983093.5,2.37,1.02,0.06,0.39
1999-05-04,000529,6.02,5.92,6.02,5.87,6377,3790243.5,2.51,-0.84,-0.05,0.3
1999-05-05,000529,5.92,6.1,6.18,5.92,12990,7908659.0,4.39,3.04,0.18,0.6
1999-05-06,000529,6.15,6.09,6.17,6.01,6233,3787960.5,2.62,-0.16,-0.01,0.29
1999-05-07,000529,6.12,5.97,6.12,5.95,7423,4467866.5,2.79,-1.97,-0.12,0.34
1999-05-10,000529,5.89,5.59,5.89,5.58,17129,9741441.0,5.19,-6.37,-0.38,0.79
1999-05-11,000529,5.61,5.7,5.75,5.58,8831,4985051.5,3.04,1.97,0.11,0.41
1999-05-12,000529,5.65,5.68,5.75,5.63,6034,3424300.8,2.11,-0.35,-0.02,0.28
1999-05-13,000529,5.66,5.75,5.93,5.65,13050,7557642.0,4.93,1.23,0.07,0.6
1999-05-14,000529,5.8,5.56,5.8,5.56,9565,5377634.5,4.17,-3.3,-0.19,0.44
1999-05-17,000529,5.51,5.5,5.61,5.48,6617,3656158.8,2.34,-1.08,-0.06,0.31
1999-05-18,000529,5.5,5.49,5.61,5.48,5358,2955076.0,2.36,-0.18,-0.01,0.25
1999-05-19,000529,5.5,5.72,5.73,5.5,8601,4839567.5,4.19,4.19,0.23,0.4
1999-05-20,000529,5.72,5.82,5.88,5.62,17153,9886709.0,4.55,1.75,0.1,0.79
1999-05-21,000529,5.85,5.92,5.97,5.68,25585,14934516.0,4.98,1.72,0.1,1.18
1999-05-24,000529,5.92,5.97,6.08,5.75,30091,17764854.0,5.57,0.84,0.05,1.39
1999-05-25,000529,6.03,5.97,6.32,5.92,44161,27135408.0,6.7,0.0,0.0,2.04
1999-05-26,000529,5.96,6.13,6.2,5.92,23065,13965943.0,4.69,2.68,0.16,1.07
1999-05-27,000529,6.2,6.33,6.34,6.11,50701,31494794.0,3.75,3.26,0.2,2.35
1999-05-28,000529,6.33,6.15,6.39,6.12,29589,18334326.0,4.27,-2.84,-0.18,1.37
1999-05-31,000529,6.15,6.0,6.2,5.8,36464,22035886.0,6.5,-2.44,-0.15,1.69
1999-06-01,000529,5.95,6.11,6.12,5.9,42451,25582084.0,3.67,1.83,0.11,1.96
1999-06-02,000529,6.1,5.99,6.19,5.98,31105,18881342.0,3.44,-1.96,-0.12,1.44
1999-06-03,000529,5.99,5.84,6.0,5.82,19439,11444480.0,3.01,-2.5,-0.15,0.9
1999-06-04,000529,5.9,5.84,5.98,5.78,15218,8858735.0,3.42,0.0,0.0,0.7
1999-06-07,000529,5.84,6.08,6.1,5.76,29017,17160926.0,5.82,4.11,0.24,1.34
1999-06-08,000529,6.09,6.31,6.48,6.0,67485,42440580.0,7.89,3.78,0.23,3.12
1999-06-09,000529,6.25,6.28,6.35,6.2,26565,16625830.0,2.38,-0.48,-0.03,1.23
1999-06-10,000529,6.35,6.41,6.58,6.3,59409,38315224.0,4.46,2.07,0.13,2.75
1999-06-11,000529,6.45,6.45,6.59,6.38,44833,29154906.0,3.28,0.62,0.04,2.08
1999-06-14,000529,6.57,6.76,6.8,6.52,60865,40628532.0,4.34,4.81,0.31,2.82
1999-06-15,000529,6.85,6.39,7.1,6.26,85940,58496836.0,12.43,-5.47,-0.37,3.98
1999-06-16,000529,6.37,6.6,6.64,6.35,42132,27271858.0,4.54,3.29,0.21,1.95
1999-06-17,000529,6.68,6.69,6.9,6.42,51942,34393112.0,7.27,1.36,0.09,2.4
1999-06-18,000529,6.78,6.8,6.97,6.56,68733,46732528.0,6.13,1.64,0.11,3.18
1999-06-21,000529,6.85,7.2,7.2,6.85,82100,57810300.0,5.15,5.88,0.4,3.8
1999-06-22,000529,7.25,7.25,7.3,7.0,63732,45503620.0,4.17,0.69,0.05,2.95
1999-06-23,000529,7.3,7.41,7.45,7.25,82829,60769692.0,2.76,2.21,0.16,3.83
1999-06-24,000529,7.41,7.38,7.5,7.19,80428,58911656.0,4.18,-0.4,-0.03,3.72
1999-06-25,000529,7.4,7.21,7.8,7.2,134295,100149152.0,8.13,-2.3,-0.17,6.22
1999-06-28,000529,7.15,7.76,7.8,7.13,126053,95438880.0,9.29,7.63,0.55,5.83
1999-06-29,000529,7.88,7.92,7.97,7.56,105967,82322640.0,5.28,2.06,0.16,4.9
1999-06-30,000529,8.0,8.08,8.45,7.8,157033,128971936.0,8.21,2.02,0.16,7.27
1999-07-01,000529,8.2,7.27,8.28,7.27,68643,52477692.0,12.5,-10.02,-0.81,3.18
1999-07-02,000529,7.3,7.43,7.63,7.01,73163,53706744.0,8.53,2.2,0.16,3.39
1999-07-05,000529,7.5,7.25,7.64,7.21,46372,34410192.0,5.79,-2.42,-0.18,2.15
1999-07-06,000529,7.18,6.8,7.3,6.75,35407,24776580.0,7.59,-6.21,-0.45,1.64
1999-07-07,000529,6.8,6.98,7.0,6.66,25758,17627538.0,5.0,2.65,0.18,1.19
1999-07-08,000529,7.06,6.93,7.08,6.86,20732,14397606.0,3.15,-0.72,-0.05,0.96
1999-07-09,000529,6.93,6.98,7.09,6.78,28293,19568936.0,4.47,0.72,0.05,1.31
1999-07-12,000529,6.9,7.01,7.2,6.82,25417,17924248.0,5.44,0.43,0.03,1.18
1999-07-13,000529,7.0,6.84,7.14,6.78,19699,13625092.0,5.14,-2.43,-0.17,0.91
1999-07-14,000529,6.86,6.94,7.01,6.81,13951,9659039.0,2.92,1.46,0.1,0.65
1999-07-15,000529,6.96,7.0,7.1,6.85,15023,10513405.0,3.6,0.86,0.06,0.7
1999-07-16,000529,7.0,6.75,7.06,6.72,15161,10390531.0,4.86,-3.57,-0.25,0.7
1999-07-19,000529,6.66,6.4,6.73,6.38,19560,12803355.0,5.19,-5.19,-0.35,0.91
1999-07-20,000529,6.38,6.84,6.85,6.35,19625,12962068.0,7.81,6.88,0.44,0.91
1999-07-21,000529,6.85,6.87,6.95,6.7,27184,18623686.0,3.65,0.44,0.03,1.26
1999-07-22,000529,6.84,6.54,6.84,6.52,16093,10713047.0,4.66,-4.8,-0.33,0.74
1999-07-23,000529,6.61,6.57,6.73,6.52,12967,8556262.0,3.21,0.46,0.03,0.6
1999-07-26,000529,6.57,6.66,6.75,6.52,9973,6617445.5,3.5,1.37,0.09,0.46
1999-07-27,000529,6.72,6.76,6.86,6.6,12206,8234616.0,3.9,1.5,0.1,0.56
1999-07-28,000529,6.7,6.82,6.87,6.7,11485,7822552.0,2.51,0.89,0.06,0.53
1999-07-29,000529,6.94,6.75,6.94,6.72,9733,6666260.0,3.23,-1.03,-0.07,0.45
1999-07-30,000529,6.74,6.74,6.85,6.65,7929,5324299.0,2.96,-0.15,-0.01,0.37
1999-08-02,000529,6.74,6.95,6.95,6.74,14547,10034029.0,3.12,3.12,0.21,0.67
1999-08-03,000529,6.99,6.9,6.99,6.85,9689,6679200.0,2.01,-0.72,-0.05,0.45
1999-08-04,000529,6.9,6.93,6.95,6.85,12451,8599390.0,1.45,0.43,0.03,0.58
1999-08-05,000529,6.9,6.87,6.98,6.85,12920,8899115.0,1.88,-0.87,-0.06,0.6
1999-08-06,000529,6.87,6.72,6.9,6.6,18019,12080824.0,4.37,-2.18,-0.15,0.83
1999-08-09,000529,6.72,6.73,6.8,6.6,15123,10082813.0,2.98,0.15,0.01,0.7
1999-08-10,000529,6.7,6.68,6.78,6.65,9371,6280142.0,1.93,-0.74,-0.05,0.43
1999-08-11,000529,6.7,6.54,6.7,6.51,11181,7375301.5,2.84,-2.1,-0.14,0.52
1999-08-12,000529,6.5,6.49,6.6,6.48,9827,6398083.0,1.83,-0.76,-0.05,0.45
1999-08-13,000529,6.56,6.46,6.58,6.43,7423,4806840.5,2.31,-0.46,-0.03,0.34
1999-08-16,000529,6.46,6.34,6.48,6.29,9395,5981556.0,2.94,-1.86,-0.12,0.43
1999-08-17,000529,6.36,6.38,6.49,6.35,7678,4936499.0,2.21,0.63,0.04,0.36
1999-08-18,000529,6.38,6.6,6.6,6.35,8875,5732944.0,3.92,3.45,0.22,0.41
1999-08-19,000529,6.85,6.75,6.88,6.6,21857,14813792.0,4.24,2.27,0.15,1.01
1999-08-20,000529,6.76,6.8,6.88,6.73,16482,11206706.0,2.22,0.74,0.05,0.76
1999-08-23,000529,6.8,6.82,6.83,6.73,11070,7505466.0,1.47,0.29,0.02,0.51
1999-08-24,000529,6.85,6.9,6.97,6.83,16128,11149372.0,2.05,1.17,0.08,0.75
1999-08-25,000529,6.91,6.69,6.95,6.69,9155,6176389.0,3.77,-3.04,-0.21,0.42
1999-08-26,000529,6.64,6.72,6.75,6.61,8733,5832856.0,2.09,0.45,0.03,0.4
1999-08-27,000529,6.71,6.69,6.79,6.66,7263,4860738.5,1.93,-0.45,-0.03,0.34
1999-08-30,000529,6.7,6.59,6.72,6.55,7781,5160137.0,2.54,-1.49,-0.1,0.36
1999-08-31,000529,6.62,6.7,6.77,6.57,6703,4474425.0,3.03,1.67,0.11,0.31
1999-09-01,000529,6.75,6.57,6.77,6.53,7947,5304717.5,3.58,-1.94,-0.13,0.37
1999-09-02,000529,6.53,6.65,6.68,6.52,6659,4387008.5,2.44,1.22,0.08,0.31
1999-09-03,000529,6.66,6.52,6.7,6.5,6787,4468783.0,3.01,-1.95,-0.13,0.31
1999-09-06,000529,6.51,6.46,6.55,6.45,4994,3237075.5,1.53,-0.92,-0.06,0.23
1999-09-07,000529,6.48,6.46,6.59,6.43,5378,3493316.0,2.48,0.0,0.0,0.25
1999-09-08,000529,6.5,6.69,6.71,6.45,10023,6594637.5,4.02,3.56,0.23,0.46
1999-09-09,000529,6.75,6.97,6.97,6.7,25443,17491090.0,4.04,4.19,0.28,1.18
1999-09-10,000529,7.0,6.85,7.07,6.82,20544,14271165.0,3.59,-1.72,-0.12,0.95
1999-09-13,000529,6.85,6.96,7.0,6.83,17647,12232305.0,2.48,1.61,0.11,0.82
1999-09-14,000529,6.97,7.17,7.3,6.97,44618,31998248.0,4.74,3.02,0.21,2.07
1999-09-15,000529,7.1,7.02,7.22,6.98,16151,11406197.0,3.35,-2.09,-0.15,0.75
1999-09-16,000529,7.02,6.9,7.06,6.89,9363,6533422.0,2.42,-1.71,-0.12,0.43
1999-09-17,000529,6.88,6.91,6.97,6.81,7013,4831554.5,2.32,0.14,0.01,0.32
1999-09-20,000529,6.99,6.83,6.99,6.81,4157,2851352.0,2.6,-1.16,-0.08,0.19
1999-09-21,000529,6.8,6.77,6.85,6.74,4691,3182874.5,1.61,-0.88,-0.06,0.22
1999-09-22,000529,6.77,6.79,6.85,6.74,5021,3401872.0,1.62,0.3,0.02,0.23
1999-09-23,000529,6.79,6.68,6.81,6.68,6137,4129988.0,1.91,-1.62,-0.11,0.28
1999-09-24,000529,6.8,6.91,6.99,6.8,8707,6009070.5,2.84,3.44,0.23,0.4
1999-09-27,000529,6.96,6.78,6.96,6.78,3925,2688520.0,2.6,-1.88,-0.13,0.18
1999-09-28,000529,6.78,6.78,6.81,6.71,3940,2664953.0,1.47,0.0,0.0,0.18
1999-09-29,000529,6.9,6.71,6.9,6.7,5458,3691757.2,2.95,-1.03,-0.07,0.25
1999-09-30,000529,6.78,6.7,6.78,6.7,4078,2746412.0,1.19,-0.15,-0.01,0.19
1999-10-08,000529,6.78,6.6,6.78,6.54,4643,3072921.2,3.58,-1.49,-0.1,0.21
1999-10-11,000529,6.62,6.56,6.62,6.52,4142,2718309.8,1.52,-0.61,-0.04,0.19
1999-10-12,000529,6.58,6.6,6.69,6.55,3710,2443216.5,2.13,0.61,0.04,0.17
1999-10-13,000529,6.58,6.65,6.73,6.57,7776,5167330.5,2.42,0.76,0.05,0.36
1999-10-14,000529,6.65,6.59,6.72,6.55,4534,3002219.2,2.56,-0.9,-0.06,0.21
1999-10-15,000529,6.6,6.72,6.73,6.59,7023,4684636.0,2.12,1.97,0.13,0.33
1999-10-18,000529,6.77,6.55,6.77,6.53,5453,3600466.8,3.57,-2.53,-0.17,0.25
1999-10-19,000529,6.53,6.35,6.53,6.35,5793,3708971.0,2.75,-3.05,-0.2,0.27
1999-10-20,000529,6.5,6.45,6.55,6.34,3069,1972171.8,3.31,1.57,0.1,0.14
1999-10-21,000529,6.45,6.26,6.48,6.25,4761,3003939.5,3.57,-2.95,-0.19,0.22
1999-10-22,000529,6.28,6.36,6.45,6.28,4247,2708532.5,2.72,1.6,0.1,0.2
1999-10-25,000529,6.36,6.22,6.4,6.2,5633,3522525.8,3.14,-2.2,-0.14,0.26
1999-10-26,000529,6.25,6.27,6.35,6.21,3746,2347545.0,2.25,0.8,0.05,0.17
1999-10-27,000529,6.49,6.48,6.58,6.36,8791,5696161.0,3.51,3.35,0.21,0.41
1999-10-28,000529,6.48,6.37,6.5,6.36,4475,2860463.0,2.16,-1.7,-0.11,0.21
1999-10-29,000529,6.38,6.37,6.4,6.3,3430,2176596.0,1.57,0.0,0.0,0.16
1999-11-01,000529,6.38,6.25,6.39,6.24,5238,3287074.0,2.35,-1.88,-0.12,0.24
1999-11-02,000529,6.36,6.24,6.36,6.22,2394,1499359.2,2.24,-0.16,-0.01,0.11
1999-11-03,000529,6.26,6.26,6.26,6.21,3256,2031623.2,0.8,0.32,0.02,0.15
1999-11-04,000529,6.22,6.17,6.26,6.15,5127,3174540.0,1.76,-1.44,-0.09,0.24
1999-11-05,000529,6.18,6.4,6.42,6.18,6882,4339547.0,3.89,3.73,0.23,0.32
1999-11-08,000529,6.42,6.34,6.45,6.26,3969,2530942.0,2.97,-0.94,-0.06,0.18
1999-11-09,000529,6.34,6.3,6.43,6.27,3563,2254938.5,2.52,-0.63,-0.04,0.16
1999-11-10,000529,6.31,6.29,6.31,6.15,5321,3301476.2,2.54,-0.16,-0.01,0.25
1999-11-11,000529,6.3,6.29,6.37,6.21,3099,1954688.9,2.54,0.0,0.0,0.14
1999-11-12,000529,6.22,6.32,6.35,6.22,2445,1537707.1,2.07,0.48,0.03,0.11
1999-11-15,000529,6.35,6.5,6.55,6.22,9085,5850123.5,5.22,2.85,0.18,0.42
1999-11-16,000529,6.61,6.64,6.86,6.61,68700,46487012.0,3.85,2.15,0.14,3.18
1999-11-17,000529,6.59,6.74,6.75,6.55,17609,11756556.0,3.01,1.51,0.1,0.82
1999-11-18,000529,6.7,6.72,6.82,6.66,17596,11918083.0,2.37,-0.3,-0.02,0.81
1999-11-19,000529,6.81,6.92,7.11,6.8,59268,41477992.0,4.61,2.98,0.2,2.74
1999-11-22,000529,6.95,6.98,7.04,6.9,20569,14344961.0,2.02,0.87,0.06,0.95
1999-11-23,000529,6.94,6.84,6.97,6.81,10577,7271828.5,2.29,-2.01,-0.14,0.49
1999-11-24,000529,6.85,6.89,7.04,6.81,10222,7085788.5,3.36,0.73,0.05,0.47
1999-11-25,000529,6.88,6.68,6.88,6.68,11092,7479436.0,2.9,-3.05,-0.21,0.51
1999-11-26,000529,6.68,6.72,6.83,6.66,9539,6454738.0,2.54,0.6,0.04,0.44
1999-11-29,000529,6.75,6.65,6.76,6.65,4625,3093602.0,1.64,-1.04,-0.07,0.21
1999-11-30,000529,6.65,6.68,6.77,6.63,3940,2628298.5,2.11,0.45,0.03,0.18
1999-12-01,000529,6.68,6.73,6.78,6.68,3629,2441098.8,1.5,0.75,0.05,0.17
1999-12-02,000529,6.71,6.66,6.78,6.63,3584,2396917.5,2.23,-1.04,-0.07,0.17
1999-12-03,000529,6.67,6.69,6.75,6.6,4295,2874604.2,2.25,0.45,0.03,0.2
1999-12-06,000529,6.67,6.63,6.75,6.61,5398,3594144.5,2.09,-0.9,-0.06,0.25
1999-12-07,000529,6.62,6.54,6.68,6.54,5712,3753531.0,2.11,-1.36,-0.09,0.26
1999-12-08,000529,6.54,6.51,6.6,6.48,4613,3009191.8,1.83,-0.46,-0.03,0.21
1999-12-09,000529,6.5,6.45,6.55,6.44,4608,2980937.2,1.69,-0.92,-0.06,0.21
1999-12-10,000529,6.45,6.46,6.5,6.4,5129,3301608.0,1.55,0.16,0.01,0.24
1999-12-13,000529,6.5,6.35,6.5,6.33,5832,3714075.5,2.63,-1.7,-0.11,0.27
1999-12-14,000529,6.35,6.4,6.4,6.33,3451,2195569.2,1.1,0.79,0.05,0.16
1999-12-15,000529,6.4,6.49,6.62,6.36,7581,4947725.0,4.06,1.41,0.09,0.35
1999-12-16,000529,6.53,6.37,6.56,6.34,5615,3602596.2,3.39,-1.85,-0.12,0.26
1999-12-17,000529,6.37,6.32,6.42,6.31,3975,2521221.0,1.73,-0.78,-0.05,0.18
1999-12-21,000529,6.29,6.4,6.5,6.26,5437,3447590.0,3.8,1.27,0.08,0.25
1999-12-22,000529,6.38,6.31,6.39,6.3,2716,1715995.9,1.41,-1.41,-0.09,0.13
1999-12-23,000529,6.27,6.19,6.3,6.16,4948,3082067.2,2.22,-1.9,-0.12,0.23
1999-12-24,000529,6.13,6.14,6.19,6.1,3145,1936403.1,1.45,-0.81,-0.05,0.15
1999-12-27,000529,6.17,6.11,6.19,6.05,5381,3282967.0,2.28,-0.49,-0.03,0.25
1999-12-28,000529,6.1,6.02,6.2,5.95,4893,2964974.5,4.09,-1.47,-0.09,0.23
1999-12-29,000529,6.03,6.1,6.14,6.0,3118,1890692.2,2.33,1.33,0.08,0.14
1999-12-30,000529,6.1,6.11,6.2,6.1,3187,1953949.4,1.64,0.16,0.01,0.15
2000-01-04,000529,6.09,6.25,6.26,6.0,5197,3225236.0,4.26,2.29,0.14,0.24
2000-01-05,000529,6.25,6.18,6.34,6.16,10814,6760840.0,2.88,-1.12,-0.07,0.5
2000-01-06,000529,6.18,6.39,6.45,6.15,13102,8218290.0,4.85,3.4,0.21,0.61
2000-01-07,000529,6.4,6.6,6.75,6.4,25645,16741747.0,5.48,3.29,0.21,1.19
2000-01-10,000529,6.6,6.67,6.76,6.47,24130,15902453.0,4.39,1.06,0.07,1.12
2000-01-11,000529,6.65,6.31,6.66,6.27,15184,9763925.0,5.85,-5.4,-0.36,0.7
2000-01-12,000529,6.28,6.19,6.39,6.15,11636,7236973.5,3.8,-1.9,-0.12,0.54
2000-01-13,000529,6.18,6.21,6.32,6.16,5868,3648408.0,2.58,0.32,0.02,0.27
2000-01-14,000529,6.21,6.1,6.3,6.08,5429,3338437.8,3.54,-1.77,-0.11,0.25
2000-01-17,000529,6.05,6.17,6.22,6.0,5638,3434174.8,3.61,1.15,0.07,0.26
2000-01-18,000529,6.11,6.11,6.23,6.1,4903,3014945.2,2.11,-0.97,-0.06,0.23
2000-01-19,000529,6.11,6.16,6.18,6.1,3861,2372013.8,1.31,0.82,0.05,0.18
2000-01-20,000529,6.16,6.15,6.17,6.1,8568,5251268.5,1.14,-0.16,-0.01,0.4
2000-01-21,000529,6.15,6.13,6.25,6.05,11757,7215225.5,3.25,-0.33,-0.02,0.54
2000-01-24,000529,6.17,6.4,6.45,6.09,29451,18426754.0,5.87,4.4,0.27,1.36
2000-01-25,000529,6.41,6.28,6.42,6.22,12364,7780672.5,3.13,-1.88,-0.12,0.57
2000-01-26,000529,6.3,6.31,6.38,6.2,11436,7202691.5,2.87,0.48,0.03,0.53
2000-01-27,000529,6.3,6.21,6.35,6.18,14593,9076616.0,2.69,-1.58,-0.1,0.68
2000-01-28,000529,6.2,6.26,6.3,6.12,17566,10848065.0,2.9,0.81,0.05,0.81
2000-02-14,000529,6.4,6.71,6.73,6.3,34143,22356078.0,6.87,7.19,0.45,1.58
2000-02-15,000529,6.75,6.45,6.8,6.4,57626,38139520.0,5.96,-3.87,-0.26,2.67
2000-02-16,000529,6.42,6.4,6.45,6.25,34268,21696414.0,3.1,-0.78,-0.05,1.59
2000-02-17,000529,6.43,6.51,6.7,6.36,50806,33031348.0,5.31,1.72,0.11,2.35
2000-02-18,000529,6.51,6.32,6.51,6.29,19647,12454604.0,3.38,-2.92,-0.19,0.91
2000-02-21,000529,6.31,6.41,6.58,6.23,29263,18673580.0,5.54,1.42,0.09,1.35
2000-02-22,000529,6.45,6.33,6.61,6.3,24545,15883644.0,4.84,-1.25,-0.08,1.14
2000-02-23,000529,6.32,6.39,6.45,6.26,18637,11821296.0,3.0,0.95,0.06,0.86
2000-02-24,000529,6.39,6.38,6.45,6.3,13326,8464510.0,2.35,-0.16,-0.01,0.62
2000-02-25,000529,6.36,6.45,6.49,6.27,24228,15473216.0,3.45,1.1,0.07,1.12
2000-02-28,000529,6.52,6.58,6.62,6.45,44264,29030226.0,2.64,2.02,0.13,2.05
2000-02-29,000529,6.65,6.68,6.77,6.45,46261,30481111.0,4.86,1.52,0.1,2.14
2000-03-01,000529,6.75,6.71,6.98,6.7,70702,48294240.0,4.19,0.45,0.03,3.27
2000-03-02,000529,6.73,6.64,6.85,6.56,31369,20907672.0,4.32,-1.04,-0.07,1.45
2000-03-03,000529,6.75,6.7,6.85,6.66,37559,25386860.0,2.86,0.9,0.06,1.74
2000-03-06,000529,6.75,6.53,6.95,6.51,43539,29655716.0,6.57,-2.54,-0.17,2.02
2000-03-07,000529,6.47,6.53,6.57,6.38,20858,13434803.0,2.91,0.0,0.0,0.97
2000-03-08,000529,6.55,6.55,6.58,6.45,14928,9696672.0,1.99,0.31,0.02,0.69
2000-03-09,000529,6.6,6.62,6.63,6.45,18768,12254820.0,2.75,1.07,0.07,0.87
2000-03-10,000529,6.62,6.53,6.62,6.45,15018,9776356.0,2.57,-1.36,-0.09,0.7
2000-03-13,000529,6.53,6.93,6.98,6.45,64342,43975788.0,8.12,6.13,0.4,2.98
2000-03-14,000529,6.85,6.76,6.9,6.55,38701,26058266.0,5.05,-2.45,-0.17,1.79
2000-03-15,000529,6.76,6.87,7.06,6.75,56863,39326108.0,4.59,1.63,0.11,2.63
2000-03-16,000529,6.86,6.5,6.86,6.48,26267,17381044.0,5.53,-5.39,-0.37,1.22
2000-03-17,000529,6.5,6.63,6.75,6.48,16669,11021645.0,4.15,2.0,0.13,0.77
2000-03-20,000529,6.55,6.81,6.91,6.5,28522,19294046.0,6.18,2.71,0.18,1.32
2000-03-21,000529,6.9,7.2,7.38,6.86,129573,92949768.0,7.64,5.73,0.39,6.0
2000-03-22,000529,7.2,7.03,7.25,6.96,43663,30774374.0,4.03,-2.36,-0.17,2.02
2000-03-23,000529,7.08,7.18,7.24,7.0,45639,32529188.0,3.41,2.13,0.15,2.11
2000-03-24,000529,7.21,6.98,7.22,6.95,45160,32020732.0,3.76,-2.79,-0.2,2.09
2000-03-27,000529,7.0,7.3,7.3,6.98,61177,44202372.0,4.58,4.58,0.32,2.83
2000-03-28,000529,7.5,7.81,8.03,7.5,191521,150197088.0,7.26,6.99,0.51,8.86
2000-03-29,000529,7.8,7.59,7.8,7.38,56987,42957884.0,5.38,-2.82,-0.22,2.64
2000-03-30,000529,7.59,7.67,7.8,7.48,40240,30693636.0,4.22,1.05,0.08,1.86
2000-03-31,000529,7.66,7.47,7.67,7.4,40300,30264984.0,3.52,-2.61,-0.2,1.87
2000-04-03,000529,7.38,7.25,7.46,7.24,36173,26574660.0,2.95,-2.95,-0.22,1.67
2000-04-04,000529,7.2,6.99,7.2,6.98,39617,27927282.0,3.03,-3.59,-0.26,1.83
2000-04-05,000529,6.95,7.15,7.15,6.95,34427,24291816.0,2.86,2.29,0.16,1.59
2000-04-06,000529,7.21,7.3,7.3,7.13,31915,22985986.0,2.38,2.1,0.15,1.48
2000-04-07,000529,7.41,7.34,7.48,7.3,33442,24666448.0,2.47,0.55,0.04,1.55
2000-04-10,000529,6.99,7.0,7.1,6.72,146044,101353440.0,5.18,-4.63,-0.34,6.76
2000-04-11,000529,7.0,7.01,7.1,6.82,70506,49244452.0,4.0,0.14,0.01,3.26
2000-04-12,000529,7.0,6.88,7.06,6.8,41785,28809170.0,3.71,-1.85,-0.13,1.93
2000-04-13,000529,6.88,6.98,7.09,6.88,42247,29471648.0,3.05,1.45,0.1,1.96
2000-04-14,000529,7.0,7.14,7.21,6.96,60344,42719756.0,3.58,2.29,0.16,2.79
2000-04-17,000529,7.15,7.28,7.34,7.13,91832,66477352.0,2.94,1.96,0.14,4.25
2000-04-18,000529,7.3,7.22,7.34,7.09,33868,24376650.0,3.43,-0.82,-0.06,1.57
2000-04-19,000529,7.25,7.19,7.27,7.15,23834,17106542.0,1.66,-0.42,-0.03,1.1
2000-04-20,000529,6.82,6.91,7.15,6.68,58205,40489160.0,6.54,-3.89,-0.28,2.69
2000-04-21,000529,6.9,6.77,6.95,6.75,27769,18909122.0,2.89,-2.03,-0.14,1.29
2000-04-24,000529,6.75,6.82,6.85,6.6,43061,28784266.0,3.69,0.74,0.05,1.99
2000-04-25,000529,6.86,6.69,6.86,6.68,20180,13556450.0,2.64,-1.91,-0.13,0.93
2000-04-26,000529,6.75,6.79,6.88,6.71,20289,13780442.0,2.54,1.49,0.1,0.94
2000-04-27,000529,6.8,6.69,6.82,6.68,18357,12346846.0,2.06,-1.47,-0.1,0.85
2000-04-28,000529,6.69,6.78,6.8,6.61,24729,16471819.0,2.84,1.35,0.09,1.14
2000-05-08,000529,6.88,6.82,6.96,6.76,30633,20975652.0,2.95,0.59,0.04,1.42
2000-05-09,000529,6.82,6.69,6.88,6.65,15752,10580840.0,3.37,-1.91,-0.13,0.73
2000-05-10,000529,6.7,6.7,6.75,6.61,21428,14279694.0,2.09,0.15,0.01,0.99
2000-05-11,000529,6.72,6.82,6.85,6.67,36128,24428248.0,2.69,1.79,0.12,1.67
2000-05-12,000529,6.81,6.81,6.87,6.71,30153,20513114.0,2.35,-0.15,-0.01,1.4
2000-05-15,000529,6.83,6.69,6.88,6.68,14720,9919252.0,2.94,-1.76,-0.12,0.68
2000-05-16,000529,6.7,6.88,6.95,6.65,24773,16858254.0,4.48,2.84,0.19,1.15
2000-05-17,000529,6.9,6.91,7.05,6.82,35911,25005466.0,3.34,0.44,0.03,1.66
2000-05-18,000529,6.96,7.16,7.2,6.8,48587,34306572.0,5.79,3.62,0.25,2.25
2000-05-19,000529,7.16,7.12,7.19,7.0,41932,29762518.0,2.65,-0.56,-0.04,1.94
2000-05-23,000529,7.25,7.43,7.56,7.2,105058,77761720.0,5.06,4.35,0.31,4.86
2000-05-24,000529,7.5,7.32,7.52,7.29,49727,36737056.0,3.1,-1.48,-0.11,2.3
2000-05-25,000529,7.4,7.4,7.5,7.25,65514,48250488.0,3.42,1.09,0.08,3.03
2000-05-26,000529,7.47,7.5,7.55,7.31,72790,54019512.0,3.24,1.35,0.1,3.37
2000-05-29,000529,7.52,7.54,7.75,7.45,65504,49633352.0,4.0,0.53,0.04,3.03
2000-05-30,000529,7.54,7.19,7.54,7.18,43066,31512332.0,4.77,-4.64,-0.35,1.99
2000-05-31,000529,7.2,7.25,7.31,7.17,24839,17987396.0,1.95,0.83,0.06,1.15
2000-06-01,000529,7.25,7.26,7.26,7.11,26972,19351030.0,2.07,0.14,0.01,1.25
2000-06-02,000529,7.26,7.37,7.4,7.16,27148,19737442.0,3.31,1.52,0.11,1.26
2000-06-05,000529,7.37,7.21,7.4,7.15,33265,24253324.0,3.39,-2.17,-0.16,1.54
2000-06-06,000529,7.21,7.2,7.28,7.12,20730,14901132.0,2.22,-0.14,-0.01,0.96
2000-06-07,000529,7.2,7.38,7.42,7.2,33775,24754694.0,3.06,2.5,0.18,1.56
2000-06-08,000529,7.38,7.48,7.54,7.28,55026,40964108.0,3.52,1.36,0.1,2.55
2000-06-09,000529,7.5,7.27,7.51,7.27,22377,16463852.0,3.21,-2.81,-0.21,1.04
2000-06-12,000529,7.25,7.42,7.44,7.16,26095,19075796.0,3.85,2.06,0.15,1.21
2000-06-13,000529,7.42,7.48,7.5,7.33,31531,23474054.0,2.29,0.81,0.06,1.46
2000-06-14,000529,7.5,7.46,7.65,7.41,60345,45520124.0,3.21,-0.27,-0.02,2.79
2000-06-15,000529,7.6,7.54,7.78,7.45,52172,39702296.0,4.42,1.07,0.08,2.41
2000-06-16,000529,7.55,7.34,7.6,7.3,33682,24981182.0,3.98,-2.65,-0.2,1.56
2000-06-19,000529,7.3,7.34,7.48,7.23,20042,14783984.0,3.41,0.0,0.0,0.93
2000-06-20,000529,7.3,7.18,7.35,7.16,25616,18488704.0,2.59,-2.18,-0.16,1.19
2000-06-21,000529,7.25,7.22,7.26,7.17,17619,12677779.0,1.25,0.56,0.04,0.82
2000-06-22,000529,7.29,7.25,7.34,7.2,15618,11316445.0,1.94,0.42,0.03,0.72
2000-06-23,000529,7.29,7.23,7.3,7.19,19580,14139413.0,1.52,-0.28,-0.02,0.91
2000-06-26,000529,7.23,7.35,7.4,7.2,26202,19031294.0,2.77,1.66,0.12,1.21
2000-06-27,000529,7.39,7.4,7.45,7.3,20841,15342683.0,2.04,0.68,0.05,0.96
2000-06-28,000529,7.41,7.29,7.47,7.25,21097,15539319.0,2.97,-1.49,-0.11,0.98
2000-06-29,000529,7.27,7.14,7.3,7.11,36717,26278508.0,2.61,-2.06,-0.15,1.7
2000-06-30,000529,7.15,7.09,7.18,7.02,25968,18370594.0,2.24,-0.7,-0.05,1.2
2000-07-03,000529,7.06,6.95,7.07,6.87,21929,15312334.0,2.82,-1.97,-0.14,1.01
2000-07-04,000529,6.95,7.04,7.07,6.9,12984,9078324.0,2.45,1.29,0.09,0.6
2000-07-05,000529,7.1,6.94,7.1,6.9,12983,9058011.0,2.84,-1.42,-0.1,0.6
2000-07-06,000529,7.05,7.2,7.4,7.02,21947,15924212.0,5.48,3.75,0.26,1.02
2000-07-07,000529,7.2,7.15,7.3,7.13,14902,10710605.0,2.36,-0.69,-0.05,0.69
2000-07-10,000529,7.18,7.09,7.18,6.95,29640,20887120.0,3.22,-0.84,-0.06,1.37
2000-07-11,000529,7.05,7.12,7.18,7.02,19783,14058339.0,2.26,0.42,0.03,0.92
2000-07-12,000529,7.14,7.12,7.2,7.07,19398,13787414.0,1.83,0.0,0.0,0.9
2000-07-13,000529,7.15,7.28,7.4,7.1,35437,25753164.0,4.21,2.25,0.16,1.64
2000-07-14,000529,7.3,7.22,7.32,7.17,15960,11520987.0,2.06,-0.82,-0.06,0.74
2000-07-17,000529,6.95,7.03,7.15,6.95,33601,23697156.0,2.77,-2.63,-0.19,1.56
2000-07-18,000529,7.03,7.11,7.11,7.0,13132,9261184.0,1.56,1.14,0.08,0.61
2000-07-19,000529,7.09,7.25,7.3,7.09,19823,14306168.0,2.95,1.97,0.14,0.92
2000-07-20,000529,7.25,7.24,7.32,7.16,11539,8317427.5,2.21,-0.14,-0.01,0.53
2000-07-21,000529,7.28,7.36,7.43,7.24,41111,30253626.0,2.62,1.66,0.12,1.9
2000-07-24,000529,7.4,7.33,7.49,7.29,32915,24332704.0,2.72,-0.41,-0.03,1.52
2000-07-25,000529,7.35,7.45,7.49,7.26,28659,21180952.0,3.14,1.64,0.12,1.33
2000-07-26,000529,7.51,7.45,7.53,7.4,29804,22250620.0,1.74,0.0,0.0,1.38
2000-07-27,000529,7.49,7.46,7.54,7.39,39689,29600214.0,2.01,0.13,0.01,1.84
2000-07-28,000529,7.46,7.58,7.64,7.39,64545,48552472.0,3.35,1.61,0.12,2.99
2000-07-31,000529,7.6,7.59,7.7,7.49,40025,30415252.0,2.77,0.13,0.01,1.85
2000-08-01,000529,7.58,7.45,7.62,7.42,27668,20708180.0,2.64,-1.84,-0.14,1.28
2000-08-02,000529,7.4,7.43,7.49,7.36,19629,14554698.0,1.74,-0.27,-0.02,0.91
2000-08-03,000529,7.45,7.45,7.5,7.4,20164,15023664.0,1.35,0.27,0.02,0.93
2000-08-04,000529,7.45,7.32,7.5,7.3,17863,13177647.0,2.68,-1.74,-0.13,0.83
2000-08-07,000529,7.32,7.54,7.55,7.32,28320,21026476.0,3.14,3.01,0.22,1.31
2000-08-08,000529,7.55,7.67,7.69,7.5,47179,35907352.0,2.52,1.72,0.13,2.18
2000-08-09,000529,7.7,7.66,7.7,7.58,26483,20192384.0,1.56,-0.13,-0.01,1.23
2000-08-10,000529,7.67,7.65,7.82,7.62,57693,44591788.0,2.61,-0.13,-0.01,2.67
2000-08-11,000529,7.7,7.58,7.76,7.49,36358,27636810.0,3.53,-0.92,-0.07,1.68
2000-08-14,000529,7.58,7.62,7.68,7.54,28050,21352842.0,1.85,0.53,0.04,1.3
2000-08-15,000529,7.63,7.92,7.96,7.63,79288,61943132.0,4.33,3.94,0.3,3.67
2000-08-16,000529,7.86,7.86,8.02,7.83,71568,56780612.0,2.4,-0.76,-0.06,3.31
2000-08-17,000529,7.9,7.87,7.96,7.79,27521,21712328.0,2.16,0.13,0.01,1.27
2000-08-18,000529,7.9,8.07,8.15,7.84,61893,49548456.0,3.94,2.54,0.2,2.86
2000-08-21,000529,8.18,8.23,8.3,8.08,60738,49894576.0,2.73,1.98,0.16,2.81
2000-08-22,000529,8.28,7.91,8.3,7.85,56618,46203224.0,5.47,-3.89,-0.32,2.62
2000-08-23,000529,7.86,7.88,8.05,7.4,86615,67046404.0,8.22,-0.38,-0.03,4.01
2000-08-24,000529,7.88,7.85,7.94,7.7,41771,32664268.0,3.05,-0.38,-0.03,1.93
2000-08-25,000529,7.8,7.84,7.94,7.71,23247,18172290.0,2.93,-0.13,-0.01,1.08
2000-08-28,000529,7.84,8.07,8.09,7.84,37741,30159326.0,3.19,2.93,0.23,1.75
2000-08-29,000529,8.09,8.06,8.17,8.0,31713,25633546.0,2.11,-0.12,-0.01,1.47
2000-08-30,000529,8.06,7.8,8.1,7.75,30318,23920126.0,4.34,-3.23,-0.26,1.4
2000-08-31,000529,7.78,7.55,7.78,7.55,39265,29987104.0,2.95,-3.21,-0.25,1.82
2000-09-01,000529,7.55,7.57,7.7,7.49,24914,18881280.0,2.78,0.26,0.02,1.15
2000-09-04,000529,7.6,7.56,7.64,7.43,17339,13065646.0,2.77,-0.13,-0.01,0.8
2000-09-05,000529,7.62,7.5,7.68,7.43,33705,25665168.0,3.31,-0.79,-0.06,1.56
2000-09-06,000529,7.49,7.27,7.5,7.26,19752,14559759.0,3.2,-3.07,-0.23,0.91
2000-09-07,000529,7.28,7.37,7.45,7.28,16641,12269535.0,2.34,1.38,0.1,0.77
2000-09-08,000529,7.4,7.5,7.55,7.38,15814,11812536.0,2.31,1.76,0.13,0.73
2000-09-11,000529,7.55,7.62,7.68,7.48,15183,11547194.0,2.67,1.6,0.12,0.7
2000-09-12,000529,7.67,7.81,7.85,7.67,32954,25656622.0,2.36,2.49,0.19,1.53
2000-09-13,000529,7.81,7.77,7.84,7.7,16124,12534817.0,1.79,-0.51,-0.04,0.75
2000-09-14,000529,7.76,7.65,7.76,7.61,15310,11760498.0,1.93,-1.54,-0.12,0.71
2000-09-15,000529,7.63,7.8,7.84,7.6,14734,11380358.0,3.14,1.96,0.15,0.68
2000-09-18,000529,7.8,7.57,7.84,7.54,11406,8782519.0,3.85,-2.95,-0.23,0.53
2000-09-19,000529,7.5,7.45,7.53,7.37,14318,10656797.0,2.11,-1.59,-0.12,0.66
2000-09-20,000529,7.52,7.68,7.69,7.45,11860,8966244.0,3.22,3.09,0.23,0.55
2000-09-21,000529,7.72,7.49,7.73,7.45,6935,5249633.5,3.65,-2.47,-0.19,0.32
2000-09-22,000529,7.45,7.45,7.55,7.41,7439,5560198.5,1.87,-0.53,-0.04,0.34
2000-09-25,000529,7.46,7.38,7.55,7.37,8046,5989529.0,2.42,-0.94,-0.07,0.37
2000-09-26,000529,7.4,7.41,7.48,7.38,5689,4221508.5,1.36,0.41,0.03,0.26
2000-09-27,000529,7.4,7.5,7.5,7.38,7041,5234975.0,1.62,1.21,0.09,0.33
2000-09-28,000529,7.5,7.38,7.5,7.37,11874,8782360.0,1.73,-1.6,-0.12,0.55
2000-09-29,000529,7.36,7.5,7.5,7.36,8826,6535367.0,1.9,1.63,0.12,0.41
2000-10-09,000529,7.5,7.49,7.58,7.39,7014,5210737.0,2.53,-0.13,-0.01,0.32
2000-10-10,000529,7.49,7.55,7.58,7.42,7664,5764768.0,2.14,0.8,0.06,0.35
2000-10-11,000529,7.55,7.59,7.68,7.44,14674,11126665.0,3.18,0.53,0.04,0.68
2000-10-12,000529,7.59,7.68,7.68,7.49,14863,11245807.0,2.5,1.19,0.09,0.69
2000-10-13,000529,7.63,7.7,7.85,7.6,40418,31329532.0,3.26,0.26,0.02,1.87
2000-10-16,000529,7.65,7.83,7.85,7.65,28141,21882758.0,2.6,1.69,0.13,1.3
2000-10-17,000529,7.85,7.74,7.86,7.66,11521,8916878.0,2.55,-1.15,-0.09,0.53
2000-10-18,000529,7.78,7.71,7.78,7.66,10268,7913255.0,1.55,-0.39,-0.03,0.48
2000-10-19,000529,7.7,7.83,7.88,7.65,24091,18798042.0,2.98,1.56,0.12,1.12
2000-10-20,000529,7.85,7.76,7.85,7.7,16613,12889495.0,1.92,-0.89,-0.07,0.77
2000-10-23,000529,7.77,7.94,7.97,7.71,25317,19929816.0,3.35,2.32,0.18,1.17
2000-10-24,000529,7.95,7.89,7.97,7.81,12427,9804210.0,2.02,-0.63,-0.05,0.58
2000-10-25,000529,7.94,7.99,8.16,7.94,48502,39082052.0,2.79,1.27,0.1,2.24
2000-10-26,000529,7.99,7.82,8.03,7.81,19297,15305760.0,2.75,-2.13,-0.17,0.89
2000-10-27,000529,7.81,7.89,7.97,7.8,12765,10068319.0,2.17,0.9,0.07,0.59
2000-10-30,000529,7.9,8.01,8.07,7.88,20188,16116281.0,2.41,1.52,0.12,0.93
2000-10-31,000529,8.01,7.92,8.14,7.9,20172,16205242.0,3.0,-1.12,-0.09,0.93
2000-11-01,000529,7.95,7.88,7.95,7.81,12085,9509213.0,1.77,-0.51,-0.04,0.56
2000-11-02,000529,7.9,7.88,7.95,7.85,11397,8992542.0,1.27,0.0,0.0,0.53
2000-11-03,000529,7.95,7.87,7.97,7.83,9595,7538104.5,1.78,-0.13,-0.01,0.44
2000-11-06,000529,7.9,7.92,7.95,7.83,10320,8142473.5,1.52,0.64,0.05,0.48
2000-11-07,000529,7.95,7.86,7.95,7.83,8826,6940005.5,1.52,-0.76,-0.06,0.41
2000-11-08,000529,7.88,7.83,7.88,7.76,14711,11454882.0,1.53,-0.38,-0.03,0.68
2000-11-09,000529,7.8,7.82,7.85,7.75,19923,15515137.0,1.28,-0.13,-0.01,0.92
2000-11-10,000529,7.85,7.92,8.08,7.82,30462,24253600.0,3.32,1.28,0.1,1.41
2000-11-13,000529,7.98,7.96,8.05,7.91,24044,19156918.0,1.77,0.51,0.04,1.11
2000-11-14,000529,7.98,8.18,8.28,7.94,57864,46987700.0,4.27,2.76,0.22,2.68
2000-11-15,000529,8.18,8.07,8.22,8.03,23711,19198276.0,2.32,-1.34,-0.11,1.1
2000-11-16,000529,8.0,8.25,8.29,8.0,36240,29518940.0,3.59,2.23,0.18,1.68
2000-11-17,000529,8.33,8.25,8.4,8.18,64681,53718332.0,2.67,0.0,0.0,2.99
2000-11-20,000529,8.33,8.5,8.59,8.28,63707,53865692.0,3.76,3.03,0.25,2.95
2000-11-21,000529,8.52,8.41,8.56,8.4,40294,34181684.0,1.88,-1.06,-0.09,1.86
2000-11-22,000529,8.41,8.44,8.5,8.31,25116,21032858.0,2.26,0.36,0.03,1.16
2000-11-23,000529,8.49,8.37,8.5,8.3,23756,19881622.0,2.37,-0.83,-0.07,1.1
2000-11-24,000529,8.38,8.05,8.53,7.96,43375,35750716.0,6.81,-3.82,-0.32,2.01
2000-11-27,000529,8.0,8.1,8.12,7.9,24336,19544142.0,2.73,0.62,0.05,1.13
2000-11-28,000529,8.15,8.18,8.22,8.07,20610,16821942.0,1.85,0.99,0.08,0.95
2000-11-29,000529,8.2,8.27,8.28,8.01,21601,17541050.0,3.3,1.1,0.09,1.0
2000-11-30,000529,8.27,8.26,8.31,8.11,13352,10970294.0,2.42,-0.12,-0.01,0.62
2000-12-01,000529,8.3,8.25,8.4,8.23,11647,9658571.0,2.06,-0.12,-0.01,0.54
2000-12-04,000529,8.25,8.38,8.38,8.2,18247,15131211.0,2.18,1.58,0.13,0.84
2000-12-05,000529,8.39,8.27,8.43,8.26,12795,10623204.0,2.03,-1.31,-0.11,0.59
2000-12-06,000529,8.27,8.28,8.35,8.1,19485,16020043.0,3.02,0.12,0.01,0.9
2000-12-07,000529,8.26,8.12,8.26,8.07,14068,11459195.0,2.29,-1.93,-0.16,0.65
2000-12-08,000529,8.12,8.12,8.18,8.07,10507,8529238.0,1.35,0.0,0.0,0.49
2000-12-11,000529,8.08,7.92,8.12,7.92,15304,12224215.0,2.46,-2.46,-0.2,0.71
2000-12-12,000529,7.92,8.0,8.0,7.9,10533,8377600.5,1.26,1.01,0.08,0.49
2000-12-13,000529,8.0,7.94,8.05,7.93,8196,6536486.5,1.5,-0.75,-0.06,0.38
2000-12-14,000529,7.95,7.98,8.0,7.84,11556,9169704.0,2.02,0.5,0.04,0.53
2000-12-15,000529,8.1,7.89,8.1,7.88,8217,6502810.0,2.76,-1.13,-0.09,0.38
2000-12-18,000529,7.9,7.88,7.9,7.75,12415,9698703.0,1.9,-0.13,-0.01,0.57
2000-12-19,000529,7.9,7.92,7.95,7.83,9742,7695527.0,1.52,0.51,0.04,0.45
2000-12-20,000529,7.95,7.91,8.0,7.85,8527,6750139.0,1.89,-0.13,-0.01,0.39
2000-12-21,000529,7.98,7.94,7.99,7.87,9908,7844008.0,1.52,0.38,0.03,0.46
2000-12-22,000529,7.9,7.95,7.96,7.82,12401,9764961.0,1.76,0.13,0.01,0.57
2000-12-25,000529,8.03,7.81,8.03,7.78,14039,11005529.0,3.14,-1.76,-0.14,0.65
2000-12-26,000529,7.82,7.78,7.86,7.75,13590,10578616.0,1.41,-0.38,-0.03,0.63
2000-12-27,000529,7.79,7.79,7.82,7.68,14634,11338896.0,1.8,0.13,0.01,0.68
2000-12-28,000529,7.77,7.75,7.82,7.75,9276,7221268.5,0.9,-0.51,-0.04,0.43
2000-12-29,000529,7.76,7.79,7.85,7.76,9965,7772256.5,1.16,0.52,0.04,0.46
2001-01-03,000529,8.01,8.0,8.07,7.9,18071,14410775.0,2.18,2.7,0.21,0.84
2001-01-04,000529,8.03,7.96,8.05,7.95,13004,10403374.0,1.25,-0.5,-0.04,0.6
2001-01-05,000529,8.1,8.13,8.19,8.05,16150,13108008.0,1.76,2.14,0.17,0.75
2001-01-08,000529,8.13,8.03,8.16,7.95,15095,12106007.0,2.58,-1.23,-0.1,0.7
2001-01-09,000529,8.0,7.95,8.04,7.92,10360,8267199.0,1.49,-1.0,-0.08,0.48
2001-01-10,000529,8.0,8.08,8.1,7.92,12819,10295275.0,2.26,1.64,0.13,0.59
2001-01-11,000529,8.1,8.07,8.14,8.03,16226,13118086.0,1.36,-0.12,-0.01,0.75
2001-01-12,000529,8.07,8.08,8.13,8.02,12648,10212157.0,1.36,0.12,0.01,0.59
2001-01-15,000529,8.1,7.79,8.1,7.78,13361,10535222.0,3.96,-3.59,-0.29,0.62
2001-01-16,000529,7.75,7.83,7.86,7.63,11720,9063889.0,2.95,0.51,0.04,0.54
2001-01-17,000529,8.09,7.81,8.09,7.8,7612,6004717.5,3.7,-0.26,-0.02,0.35
2001-01-18,000529,7.88,7.8,7.9,7.8,8228,6461433.5,1.28,-0.13,-0.01,0.38
2001-01-19,000529,7.8,7.9,7.95,7.8,7571,5976277.5,1.92,1.28,0.1,0.35
2001-02-05,000529,7.96,7.78,7.96,7.75,7699,6014134.5,2.66,-1.52,-0.12,0.36
2001-02-06,000529,7.7,7.71,7.75,7.6,8651,6631274.0,1.93,-0.9,-0.07,0.4
2001-02-07,000529,7.8,7.74,7.82,7.7,3634,2816080.5,1.56,0.39,0.03,0.17
2001-02-08,000529,7.74,7.45,7.76,7.44,8525,6475986.0,4.13,-3.75,-0.29,0.39
2001-02-09,000529,7.48,7.53,7.65,7.46,5525,4157518.0,2.55,1.07,0.08,0.26
2001-02-12,000529,7.55,7.48,7.57,7.36,7073,5253058.0,2.79,-0.66,-0.05,0.33
2001-02-13,000529,7.48,7.46,7.55,7.43,5232,3915992.0,1.6,-0.27,-0.02,0.24
2001-02-14,000529,7.46,7.51,7.53,7.42,3956,2959096.0,1.47,0.67,0.05,0.18
2001-02-15,000529,7.5,7.4,7.5,7.39,3660,2726620.8,1.46,-1.46,-0.11,0.17
2001-02-16,000529,7.39,7.33,7.4,7.23,7025,5124711.0,2.3,-0.95,-0.07,0.33
2001-02-19,000529,7.33,7.41,7.47,7.21,5598,4092236.2,3.55,1.09,0.08,0.26
2001-02-20,000529,7.33,7.3,7.48,7.25,7386,5424861.5,3.1,-1.48,-0.11,0.34
2001-02-21,000529,7.25,7.05,7.26,6.98,14175,10055945.0,3.84,-3.42,-0.25,0.66
2001-02-22,000529,7.01,7.02,7.12,6.99,6708,4728939.5,1.84,-0.43,-0.03,0.31
2001-02-23,000529,7.02,7.05,7.07,6.9,12355,8648505.0,2.42,0.43,0.03,0.57
2001-02-26,000529,7.05,7.18,7.25,7.03,7204,5142849.0,3.12,1.84,0.13,0.33
2001-02-27,000529,7.2,7.22,7.26,7.18,4362,3150067.2,1.11,0.56,0.04,0.2
2001-02-28,000529,7.27,7.33,7.4,7.24,7318,5364103.5,2.22,1.52,0.11,0.34
2001-03-01,000529,7.32,7.36,7.38,7.3,4301,3160083.5,1.09,0.41,0.03,0.2
2001-03-02,000529,7.38,7.37,7.44,7.36,6647,4915938.0,1.09,0.14,0.01,0.31
2001-03-05,000529,7.38,7.31,7.4,7.29,5870,4308981.0,1.49,-0.81,-0.06,0.27
2001-03-06,000529,7.31,7.29,7.33,7.21,4631,3364449.2,1.64,-0.27,-0.02,0.21
2001-03-07,000529,7.26,7.33,7.4,7.25,4569,3354120.5,2.06,0.55,0.04,0.21
2001-03-08,000529,7.3,7.37,7.43,7.28,7816,5755422.0,2.05,0.55,0.04,0.36
2001-03-09,000529,7.35,7.39,7.41,7.3,9736,7164116.0,1.49,0.27,0.02,0.45
2001-03-12,000529,7.39,7.51,7.57,7.36,8606,6448964.0,2.84,1.62,0.12,0.4
2001-03-13,000529,7.54,7.41,7.54,7.31,7720,5703875.0,3.06,-1.33,-0.1,0.36
2001-03-14,000529,7.41,7.65,7.71,7.38,17603,13419099.0,4.45,3.24,0.24,0.81
2001-03-15,000529,7.65,7.62,7.66,7.52,6450,4897536.5,1.83,-0.39,-0.03,0.3
2001-03-16,000529,7.61,7.69,7.72,7.55,12583,9631371.0,2.23,0.92,0.07,0.58
2001-03-19,000529,7.69,7.68,7.72,7.58,8867,6772365.5,1.82,-0.13,-0.01,0.41
2001-03-20,000529,7.68,7.7,7.75,7.6,7624,5849541.5,1.95,0.26,0.02,0.35
2001-03-21,000529,7.7,7.7,7.75,7.65,8454,6494449.5,1.3,0.0,0.0,0.39
2001-03-22,000529,7.7,7.76,7.84,7.66,17660,13642823.0,2.34,0.78,0.06,0.82
2001-03-23,000529,7.77,7.53,7.8,7.5,14424,11031911.0,3.87,-2.96,-0.23,0.67
2001-03-26,000529,7.49,7.63,7.66,7.48,8183,6218972.5,2.39,1.33,0.1,0.38
2001-03-27,000529,7.63,7.69,7.75,7.6,10712,8239661.5,1.97,0.79,0.06,0.5
2001-03-28,000529,7.7,7.79,7.88,7.69,18887,14745696.0,2.47,1.3,0.1,0.87
2001-03-29,000529,7.88,7.89,8.08,7.86,32371,25679326.0,2.82,1.28,0.1,1.5
2001-03-30,000529,7.9,7.85,7.97,7.8,12974,10186630.0,2.15,-0.51,-0.04,0.6
2001-04-02,000529,7.85,7.8,7.9,7.78,14087,11009013.0,1.53,-0.64,-0.05,0.65
2001-04-03,000529,7.81,7.74,7.85,7.74,12422,9665092.0,1.41,-0.77,-0.06,0.57
2001-04-04,000529,7.75,7.63,7.8,7.6,12824,9890949.0,2.58,-1.42,-0.11,0.59
2001-04-05,000529,7.63,7.76,7.76,7.6,7914,6063905.5,2.1,1.7,0.13,0.37
2001-04-06,000529,7.76,7.72,7.79,7.65,8307,6401957.5,1.8,-0.52,-0.04,0.38
2001-04-09,000529,7.68,7.79,7.85,7.6,10015,7723447.5,3.24,0.91,0.07,0.46
2001-04-10,000529,7.79,7.79,7.85,7.76,6359,4961879.5,1.16,0.0,0.0,0.29
2001-04-11,000529,7.79,7.94,7.99,7.79,19370,15280187.0,2.57,1.93,0.15,0.9
2001-04-12,000529,8.0,7.89,8.0,7.8,11680,9233480.0,2.52,-0.63,-0.05,0.54
2001-04-13,000529,7.89,7.94,7.98,7.85,18734,14798186.0,1.65,0.63,0.05,0.87
2001-04-16,000529,7.91,7.87,7.98,7.85,15733,12432606.0,1.64,-0.88,-0.07,0.73
2001-04-17,000529,7.9,7.79,7.91,7.77,17018,13314098.0,1.78,-1.02,-0.08,0.79
2001-04-18,000529,7.81,7.85,7.87,7.76,13156,10262825.0,1.41,0.77,0.06,0.61
2001-04-19,000529,7.89,7.84,7.96,7.77,19562,15402376.0,2.42,-0.13,-0.01,0.91
2001-04-20,000529,7.84,7.79,7.95,7.75,18931,14825952.0,2.55,-0.64,-0.05,0.88
2001-04-23,000529,7.85,7.7,7.85,7.68,11776,9122496.0,2.18,-1.16,-0.09,0.55
2001-04-24,000529,7.7,7.67,7.78,7.63,9766,7502699.5,1.95,-0.39,-0.03,0.45
2001-04-25,000529,7.67,7.51,7.72,7.5,13858,10505736.0,2.87,-2.09,-0.16,0.64
2001-04-26,000529,7.51,7.43,7.56,7.39,11837,8810451.0,2.26,-1.07,-0.08,0.55
2001-04-27,000529,7.44,7.48,7.54,7.44,7203,5391269.5,1.35,0.67,0.05,0.33
2001-04-30,000529,7.49,7.43,7.53,7.42,3921,2919656.2,1.47,-0.67,-0.05,0.18
2001-05-08,000529,7.45,7.5,7.57,7.45,3620,2714807.0,1.62,0.94,0.07,0.17
2001-05-09,000529,7.51,7.5,7.57,7.45,5512,4141632.8,1.6,0.0,0.0,0.26
2001-05-10,000529,7.51,7.58,7.66,7.51,5069,3854801.5,2.0,1.07,0.08,0.23
2001-05-11,000529,7.58,7.49,7.58,7.45,6859,5146597.5,1.72,-1.19,-0.09,0.32
2001-05-14,000529,7.51,7.63,7.78,7.5,6954,5269103.5,3.74,1.87,0.14,0.32
2001-05-15,000529,7.62,7.63,7.66,7.56,6866,5228556.5,1.31,0.0,0.0,0.32
2001-05-16,000529,7.64,7.67,7.72,7.5,11878,9040164.0,2.88,0.52,0.04,0.55
2001-05-17,000529,7.68,7.55,7.7,7.55,6341,4817044.5,1.96,-1.56,-0.12,0.29
2001-05-18,000529,7.55,7.57,7.62,7.5,10303,7763419.0,1.59,0.26,0.02,0.48
2001-05-21,000529,7.55,7.56,7.58,7.48,12687,9535326.0,1.32,-0.13,-0.01,0.59
2001-05-22,000529,7.57,7.69,7.76,7.57,14891,11383522.0,2.51,1.72,0.13,0.69
2001-05-23,000529,7.85,8.05,8.07,7.85,140757,112410712.0,2.86,4.68,0.36,6.51
2001-05-24,000529,8.06,8.0,8.09,7.95,46423,37283148.0,1.74,-0.62,-0.05,2.15
2001-05-25,000529,8.0,7.91,8.03,7.85,23868,18890638.0,2.25,-1.13,-0.09,1.1
2001-05-28,000529,7.91,8.08,8.15,7.85,32088,25636198.0,3.79,2.15,0.17,1.49
2001-05-29,000529,8.08,8.04,8.15,8.0,21110,17086552.0,1.86,-0.5,-0.04,0.98
2001-05-30,000529,8.04,8.03,8.05,7.95,12393,9921803.0,1.24,-0.12,-0.01,0.57
2001-05-31,000529,8.03,7.94,8.04,7.91,11937,9518047.0,1.62,-1.12,-0.09,0.55
2001-06-01,000529,7.94,7.91,7.97,7.87,12917,10208227.0,1.26,-0.38,-0.03,0.6
2001-06-04,000529,7.91,8.01,8.1,7.91,15683,12554328.0,2.4,1.26,0.1,0.73
2001-06-05,000529,8.05,7.97,8.06,7.93,12043,9631415.0,1.62,-0.5,-0.04,0.56
2001-06-06,000529,7.97,8.19,8.2,7.95,41534,33711824.0,3.14,2.76,0.22,1.92
2001-06-07,000529,8.19,8.14,8.24,8.11,15246,12437065.0,1.59,-0.61,-0.05,0.71
2001-06-08,000529,8.13,8.08,8.19,8.0,14007,11343817.0,2.33,-0.74,-0.06,0.65
2001-06-11,000529,8.13,8.17,8.29,8.1,17894,14646266.0,2.35,1.11,0.09,0.83
2001-06-12,000529,8.2,8.15,8.22,8.12,11190,9145547.0,1.22,-0.24,-0.02,0.52
2001-06-13,000529,8.18,8.26,8.32,8.15,23351,19293140.0,2.09,1.35,0.11,1.08
2001-06-14,000529,8.26,8.08,8.33,8.05,22089,18092384.0,3.39,-2.18,-0.18,1.02
2001-06-15,000529,8.08,8.1,8.15,7.98,19150,15411589.0,2.1,0.25,0.02,0.89
2001-06-18,000529,8.1,7.9,8.14,7.86,15862,12634017.0,3.46,-2.47,-0.2,0.73
2001-06-19,000529,7.9,7.95,8.03,7.86,8246,6543202.0,2.15,0.63,0.05,0.38
2001-06-20,000529,7.96,7.9,8.01,7.87,7329,5806995.0,1.76,-0.63,-0.05,0.34
2001-06-21,000529,7.9,8.0,8.05,7.88,6766,5401501.0,2.15,1.27,0.1,0.31
2001-06-22,000529,8.02,8.09,8.14,7.98,11268,9054412.0,2.0,1.13,0.09,0.52
2001-06-25,000529,8.12,8.19,8.25,8.09,16123,13195740.0,1.98,1.24,0.1,0.75
2001-06-26,000529,8.25,8.31,8.43,8.19,41550,34636052.0,2.93,1.47,0.12,1.92
2001-06-27,000529,8.39,8.4,8.52,8.33,37758,31823526.0,2.29,1.08,0.09,1.75
2001-06-28,000529,8.45,8.32,8.48,8.28,19386,16157223.0,2.38,-0.95,-0.08,0.9
2001-06-29,000529,8.32,8.29,8.39,8.27,12141,10096803.0,1.44,-0.36,-0.03,0.56
2001-07-02,000529,8.29,8.22,8.32,8.2,11776,9716062.0,1.45,-0.84,-0.07,0.55
2001-07-03,000529,8.21,8.24,8.25,8.15,10329,8466121.0,1.22,0.24,0.02,0.48
2001-07-04,000529,8.24,8.21,8.4,8.2,11355,9429978.0,2.43,-0.36,-0.03,0.53
2001-07-05,000529,8.23,8.15,8.28,8.07,12635,10280252.0,2.56,-0.73,-0.06,0.58
2001-07-06,000529,8.13,8.15,8.22,8.07,8011,6533212.5,1.84,0.0,0.0,0.37
2001-07-09,000529,8.15,8.17,8.2,8.1,6600,5374164.5,1.23,0.25,0.02,0.31
2001-07-10,000529,8.17,8.25,8.27,8.16,8176,6731092.0,1.35,0.98,0.08,0.38
2001-07-11,000529,8.29,8.11,8.3,8.09,7673,6291487.0,2.55,-1.7,-0.14,0.36
2001-07-12,000529,8.1,8.06,8.12,8.05,7453,6024311.0,0.86,-0.62,-0.05,0.34
2001-07-13,000529,8.1,8.05,8.17,8.05,3503,2840665.0,1.49,-0.12,-0.01,0.16
2001-07-16,000529,8.08,8.06,8.2,8.04,7962,6435252.5,1.99,0.12,0.01,0.37
2001-07-17,000529,8.06,8.03,8.08,7.9,9775,7795134.5,2.23,-0.37,-0.03,0.45
2001-07-18,000529,8.05,8.1,8.12,7.97,7947,6387310.5,1.87,0.87,0.07,0.37
2001-07-19,000529,8.15,8.07,8.15,8.0,5249,4241079.0,1.85,-0.37,-0.03,0.24
2001-07-20,000529,8.12,8.25,8.26,8.08,12254,10038932.0,2.23,2.23,0.18,0.57
2001-07-23,000529,8.26,8.32,8.39,8.22,19369,16095900.0,2.06,0.85,0.07,0.9
2001-07-24,000529,8.35,8.15,8.35,8.11,12161,9969525.0,2.88,-2.04,-0.17,0.56
2001-07-25,000529,8.11,8.15,8.2,8.07,9030,7352476.0,1.6,0.0,0.0,0.42
2001-07-26,000529,8.15,8.06,8.18,8.02,11660,9432801.0,1.96,-1.1,-0.09,0.54
2001-07-27,000529,8.07,8.0,8.14,8.0,8723,7030676.5,1.74,-0.74,-0.06,0.4
2001-07-30,000529,7.94,7.58,7.95,7.58,16830,13056073.0,4.63,-5.25,-0.42,0.78
2001-07-31,000529,7.3,7.42,7.7,7.28,12182,9153109.0,5.54,-2.11,-0.16,0.56
2001-08-01,000529,7.55,7.72,7.75,7.5,9934,7582857.0,3.37,4.04,0.3,0.46
2001-08-02,000529,7.72,7.6,7.77,7.3,10121,7607470.0,6.09,-1.55,-0.12,0.47
2001-08-03,000529,7.62,7.64,7.69,7.52,4036,3071831.2,2.24,0.53,0.04,0.19
2001-08-06,000529,7.65,7.42,7.69,7.35,9349,6968467.0,4.45,-2.88,-0.22,0.43
2001-08-07,000529,7.42,7.56,7.58,7.38,6292,4704897.0,2.7,1.89,0.14,0.29
2001-08-08,000529,7.57,7.51,7.6,7.47,3831,2884145.8,1.72,-0.66,-0.05,0.18
2001-08-09,000529,7.52,7.69,7.69,7.5,4523,3447113.5,2.53,2.4,0.18,0.21
2001-08-10,000529,7.69,7.72,7.77,7.68,6358,4915388.0,1.17,0.39,0.03,0.29
2001-08-13,000529,7.7,7.66,7.78,7.65,5932,4573788.0,1.68,-0.78,-0.06,0.27
2001-08-14,000529,7.66,7.65,7.78,7.54,4293,3279295.8,3.13,-0.13,-0.01,0.2
2001-08-15,000529,7.65,7.67,7.7,7.61,2113,1619118.2,1.18,0.26,0.02,0.1
2001-08-16,000529,7.67,7.59,7.8,7.55,1971,1509626.8,3.26,-1.04,-0.08,0.09
2001-08-17,000529,7.58,7.53,7.6,7.46,5542,4166775.0,1.84,-0.79,-0.06,0.26
2001-08-20,000529,7.5,7.6,7.7,7.5,3718,2815241.2,2.66,0.93,0.07,0.17
2001-08-21,000529,7.67,7.64,7.68,7.6,2345,1792918.8,1.05,0.53,0.04,0.11
2001-08-22,000529,7.62,7.48,7.62,7.43,5783,4333231.0,2.49,-2.09,-0.16,0.27
2001-08-23,000529,7.45,7.4,7.48,7.3,11350,8369835.5,2.41,-1.07,-0.08,0.53
2001-08-24,000529,7.44,7.41,7.5,7.38,3148,2340935.8,1.62,0.14,0.01,0.15
2001-08-27,000529,7.37,7.07,7.37,7.0,12247,8774139.0,4.99,-4.59,-0.34,0.57
2001-08-28,000529,7.06,7.15,7.17,6.95,10753,7551145.5,3.11,1.13,0.08,0.5
2001-08-29,000529,7.17,7.13,7.23,7.13,3726,2670937.0,1.4,-0.28,-0.02,0.17
2001-08-30,000529,7.12,7.02,7.15,7.02,2805,1983493.4,1.82,-1.54,-0.11,0.13
2001-08-31,000529,7.0,7.05,7.1,7.0,2444,1722675.4,1.42,0.43,0.03,0.11
2001-09-03,000529,7.05,7.02,7.07,7.0,2890,2031918.1,0.99,-0.43,-0.03,0.13
2001-09-04,000529,7.02,7.17,7.2,7.0,3388,2409921.0,2.85,2.14,0.15,0.16
2001-09-05,000529,7.2,7.17,7.3,7.17,3304,2379326.0,1.81,0.0,0.0,0.15
2001-09-06,000529,7.17,7.15,7.28,7.11,1985,1425960.8,2.37,-0.28,-0.02,0.09
2001-09-07,000529,7.13,6.98,7.13,6.97,7134,5006813.0,2.24,-2.38,-0.17,0.33
2001-09-10,000529,6.91,7.3,7.35,6.9,7931,5685426.0,6.45,4.58,0.32,0.37
2001-09-11,000529,7.3,7.34,7.38,7.25,6407,4694443.5,1.78,0.55,0.04,0.3
2001-09-12,000529,7.1,7.15,7.25,7.02,8786,6269764.0,3.13,-2.59,-0.19,0.41
2001-09-13,000529,7.28,7.13,7.28,7.1,1881,1347029.1,2.52,-0.28,-0.02,0.09
2001-09-14,000529,7.2,7.18,7.34,7.13,4293,3099793.0,2.95,0.7,0.05,0.2
2001-09-17,000529,7.18,7.01,7.2,6.99,6759,4753244.5,2.92,-2.37,-0.17,0.31
2001-09-18,000529,7.03,7.08,7.2,6.99,3067,2163179.5,3.0,1.0,0.07,0.14
2001-09-19,000529,7.11,7.11,7.17,7.01,1742,1233386.0,2.26,0.42,0.03,0.08
2001-09-20,000529,7.15,7.08,7.18,7.06,2768,1972924.6,1.69,-0.42,-0.03,0.13
2001-09-21,000529,7.1,7.0,7.1,6.99,3608,2533012.5,1.55,-1.13,-0.08,0.17
2001-09-24,000529,6.98,6.93,7.04,6.91,3880,2695694.8,1.86,-1.0,-0.07,0.18
2001-09-25,000529,6.96,6.85,7.02,6.83,4691,3239813.0,2.74,-1.15,-0.08,0.22
2001-09-26,000529,6.82,6.63,6.85,6.6,7476,5008118.5,3.65,-3.21,-0.22,0.35
2001-09-27,000529,6.61,6.6,6.7,6.52,4864,3214952.2,2.71,-0.45,-0.03,0.23
2001-09-28,000529,6.7,6.69,6.76,6.6,2266,1510510.6,2.42,1.36,0.09,0.1
2001-10-08,000529,6.71,6.59,6.8,6.56,2568,1699561.0,3.59,-1.49,-0.1,0.12
2001-10-09,000529,6.55,6.61,6.65,6.54,2370,1566817.5,1.67,0.3,0.02,0.11
2001-10-10,000529,6.61,6.3,6.63,6.2,6042,3872133.5,6.51,-4.69,-0.31,0.28
2001-10-11,000529,6.35,6.1,6.35,6.08,5051,3111608.5,4.29,-3.17,-0.2,0.23
2001-10-12,000529,6.08,6.31,6.38,6.0,6561,4060679.0,6.23,3.44,0.21,0.3
2001-10-15,000529,6.33,6.28,6.38,6.2,3105,1950850.9,2.85,-0.48,-0.03,0.14
2001-10-16,000529,6.35,6.2,6.35,6.18,2203,1377174.1,2.71,-1.27,-0.08,0.1
2001-10-17,000529,6.19,6.21,6.25,6.12,1442,891772.0,2.1,0.16,0.01,0.07
2001-10-18,000529,6.21,6.13,6.28,6.11,2664,1648285.0,2.74,-1.29,-0.08,0.12
2001-10-19,000529,6.11,5.95,6.11,5.85,6771,4040244.5,4.24,-2.94,-0.18,0.31
2001-10-22,000529,5.9,5.88,6.05,5.83,3709,2195644.2,3.7,-1.18,-0.07,0.17
2001-10-23,000529,6.16,6.47,6.47,6.16,15526,9956554.0,5.27,10.03,0.59,0.72
2001-10-24,000529,6.67,6.58,6.7,6.4,22122,14528919.0,4.64,1.7,0.11,1.02
2001-10-25,000529,6.5,6.36,6.5,6.35,9328,5986064.5,2.28,-3.34,-0.22,0.43
2001-10-26,000529,6.36,6.29,6.38,6.1,9012,5616490.0,4.4,-1.1,-0.07,0.42
2001-10-29,000529,6.35,6.4,6.4,6.2,4914,3116250.2,3.18,1.75,0.11,0.23
2001-10-30,000529,6.39,6.34,6.41,6.29,3709,2354334.5,1.88,-0.94,-0.06,0.17
2001-10-31,000529,6.27,6.63,6.66,6.22,9281,6027361.0,6.94,4.57,0.29,0.43
2001-11-01,000529,6.65,6.56,6.7,6.5,10319,6815913.5,3.02,-1.06,-0.07,0.48
2001-11-02,000529,6.56,6.6,6.65,6.53,6007,3960104.5,1.83,0.61,0.04,0.28
2001-11-05,000529,6.6,6.61,6.75,6.58,5515,3672844.2,2.58,0.15,0.01,0.26
2001-11-06,000529,6.6,6.5,6.67,6.45,5147,3366594.2,3.33,-1.66,-0.11,0.24
2001-11-07,000529,6.45,6.2,6.5,6.15,6777,4261617.5,5.38,-4.62,-0.3,0.31
2001-11-08,000529,6.1,6.31,6.33,5.95,5649,3507322.0,6.13,1.77,0.11,0.26
2001-11-09,000529,6.32,6.32,6.38,6.2,5272,3317523.5,2.85,0.16,0.01,0.24
2001-11-12,000529,6.35,6.16,6.35,6.16,4959,3084967.2,3.01,-2.53,-0.16,0.23
2001-11-13,000529,6.12,6.17,6.23,6.1,3011,1857469.2,2.11,0.16,0.01,0.14
2001-11-14,000529,6.15,6.21,6.25,6.11,2123,1322462.1,2.27,0.65,0.04,0.1
2001-11-15,000529,6.28,6.18,6.28,6.14,1446,893786.2,2.25,-0.48,-0.03,0.07
2001-11-16,000529,6.75,6.25,6.77,6.23,7302,4689122.5,8.74,1.13,0.07,0.34
2001-11-19,000529,6.26,6.35,6.36,6.26,7302,4689122.0,1.6,1.6,0.1,0.34
2001-11-20,000529,6.35,6.44,6.5,6.3,3187,2010959.0,3.15,1.42,0.09,0.15
2001-11-21,000529,6.47,6.52,6.55,6.38,9190,5927892.5,2.64,1.24,0.08,0.43
2001-11-22,000529,6.52,6.56,6.59,6.48,8173,5344207.5,1.69,0.61,0.04,0.38
2001-11-23,000529,6.53,6.6,6.63,6.53,11680,7694245.5,1.52,0.61,0.04,0.54
2001-11-26,000529,6.65,6.62,6.73,6.6,18897,12600035.0,1.97,0.3,0.02,0.87
2001-11-27,000529,6.64,6.65,6.67,6.56,7591,5024099.0,1.66,0.45,0.03,0.35
2001-11-28,000529,6.67,6.67,6.7,6.62,10408,6931344.0,1.2,0.3,0.02,0.48
2001-11-29,000529,6.67,6.62,6.68,6.58,7808,5167924.0,1.5,-0.75,-0.05,0.36
2001-11-30,000529,6.62,6.65,6.67,6.58,7268,4816858.5,1.36,0.45,0.03,0.34
2001-12-03,000529,6.68,6.68,6.75,6.66,12970,8691307.0,1.35,0.45,0.03,0.6
2001-12-04,000529,6.68,6.68,6.72,6.6,9347,6206935.0,1.8,0.0,0.0,0.43
2001-12-05,000529,6.66,6.54,6.71,6.54,12326,8157209.0,2.54,-2.1,-0.14,0.57
2001-12-06,000529,6.54,6.59,6.61,6.5,5495,3599726.8,1.68,0.76,0.05,0.25
2001-12-07,000529,6.65,6.69,6.71,6.55,8552,5700546.5,2.43,1.52,0.1,0.4
2001-12-10,000529,6.69,6.71,6.72,6.62,4492,3002081.5,1.49,0.3,0.02,0.21
2001-12-11,000529,6.71,6.58,6.75,6.55,5223,3469803.8,2.98,-1.94,-0.13,0.24
2001-12-12,000529,6.58,6.53,6.61,6.5,3367,2205117.5,1.67,-0.76,-0.05,0.16
2001-12-13,000529,6.5,6.36,6.55,6.35,6682,4299988.5,3.06,-2.6,-0.17,0.31
2001-12-14,000529,6.37,6.31,6.37,6.24,4317,2723288.5,2.04,-0.79,-0.05,0.2
2001-12-17,000529,6.31,6.24,6.32,6.22,3378,2114247.0,1.58,-1.11,-0.07,0.16
2001-12-18,000529,6.26,6.32,6.33,6.21,3069,1923809.0,1.92,1.28,0.08,0.14
2001-12-19,000529,6.28,6.28,6.36,6.27,3923,2479139.8,1.42,-0.63,-0.04,0.18
2001-12-20,000529,6.25,6.23,6.25,6.1,6108,3763323.2,2.39,-0.8,-0.05,0.28
2001-12-21,000529,6.3,6.29,6.34,6.25,5453,3425470.2,1.44,0.96,0.06,0.25
2001-12-24,000529,6.3,6.12,6.3,6.11,3359,2073604.2,3.02,-2.7,-0.17,0.16
2001-12-25,000529,6.15,6.1,6.19,6.08,3246,1988508.9,1.8,-0.33,-0.02,0.15
2001-12-26,000529,6.11,6.18,6.2,6.09,2911,1788814.2,1.8,1.31,0.08,0.13
2001-12-27,000529,6.2,6.12,6.2,6.1,4562,2800402.8,1.62,-0.97,-0.06,0.21
2001-12-28,000529,6.1,6.1,6.13,6.05,4983,3033387.2,1.31,-0.33,-0.02,0.23
2001-12-31,000529,6.1,6.22,6.23,6.1,4328,2670816.8,2.13,1.97,0.12,0.2
2002-01-04,000529,6.24,6.1,6.24,6.06,2740,1677091.0,2.89,-1.93,-0.12,0.13
2002-01-07,000529,6.03,6.05,6.06,5.94,4257,2552563.0,1.97,-0.82,-0.05,0.2
2002-01-08,000529,6.05,6.01,6.07,5.98,2117,1273845.1,1.49,-0.66,-0.04,0.1
2002-01-09,000529,5.95,5.47,5.99,5.41,17003,9544349.0,9.65,-8.99,-0.54,0.79
2002-01-10,000529,5.45,5.51,5.54,5.12,14258,7561540.0,7.68,0.73,0.04,0.66
2002-01-11,000529,5.47,5.25,5.47,5.25,7030,3735072.5,3.99,-4.72,-0.26,0.33
2002-01-14,000529,5.19,5.15,5.2,5.09,6474,3326064.8,2.1,-1.9,-0.1,0.3
2002-01-15,000529,5.15,5.16,5.24,5.1,5878,3045357.8,2.72,0.19,0.01,0.27
2002-01-16,000529,5.16,5.28,5.3,5.15,4949,2595060.2,2.91,2.33,0.12,0.23
2002-01-17,000529,5.28,4.99,5.28,4.96,8917,4537328.5,6.06,-5.49,-0.29,0.41
2002-01-18,000529,4.93,4.97,5.04,4.76,8607,4255826.0,5.61,-0.4,-0.02,0.4
2002-01-21,000529,5.0,4.52,5.0,4.47,12991,6023564.0,10.66,-9.05,-0.45,0.6
2002-01-22,000529,4.54,4.42,4.68,4.36,9646,4334264.0,7.08,-2.21,-0.1,0.45
2002-01-23,000529,4.42,4.85,4.86,4.42,17693,8234573.5,9.95,9.73,0.43,0.82
2002-01-24,000529,4.83,4.96,5.15,4.61,23648,11702122.0,11.13,2.27,0.11,1.09
2002-01-25,000529,5.01,5.26,5.35,5.01,32637,17032366.0,6.85,6.05,0.3,1.51
2002-01-28,000529,5.3,4.95,5.35,4.91,29457,15076245.0,8.37,-5.89,-0.31,1.36
2002-01-29,000529,4.9,5.17,5.2,4.85,15742,7978322.0,7.07,4.44,0.22,0.73
2002-01-30,000529,5.02,5.08,5.15,4.9,29336,14790542.0,4.84,-1.74,-0.09,1.36
2002-01-31,000529,5.05,5.34,5.42,5.01,55974,29647490.0,8.07,5.12,0.26,2.59
2002-02-01,000529,5.3,5.24,5.42,5.23,26065,13796977.0,3.56,-1.87,-0.1,1.21
2002-02-04,000529,5.24,5.36,5.37,5.21,15623,8284847.0,3.05,2.29,0.12,0.72
2002-02-05,000529,5.39,5.58,5.69,5.32,48051,26657110.0,6.9,4.1,0.22,2.22
2002-02-06,000529,5.6,5.31,5.6,5.27,21080,11432920.0,5.91,-4.84,-0.27,0.98
2002-02-07,000529,5.26,5.34,5.42,5.26,13669,7325012.0,3.01,0.56,0.03,0.63
2002-02-08,000529,5.45,5.31,5.45,5.3,10166,5437708.0,2.81,-0.56,-0.03,0.47
2002-02-25,000529,5.49,5.42,5.53,5.36,9197,4983249.5,3.2,2.07,0.11,0.43
2002-02-26,000529,5.42,5.41,5.45,5.3,9003,4840969.0,2.77,-0.18,-0.01,0.42
2002-02-27,000529,5.4,5.45,5.48,5.34,9018,4895633.5,2.59,0.74,0.04,0.42
2002-02-28,000529,5.45,5.39,5.51,5.36,7817,4240292.0,2.75,-1.1,-0.06,0.36
2002-03-01,000529,5.38,5.24,5.38,5.23,7949,4206819.5,2.78,-2.78,-0.15,0.37
2002-03-04,000529,5.22,5.33,5.34,5.19,6826,3586754.2,2.86,1.72,0.09,0.32
2002-03-05,000529,5.31,5.43,5.48,5.29,11574,6265546.0,3.56,1.88,0.1,0.54
2002-03-06,000529,5.45,5.49,5.67,5.44,25819,14362836.0,4.24,1.1,0.06,1.2
2002-03-07,000529,5.5,5.74,5.77,5.48,31011,17619448.0,5.28,4.55,0.25,1.44
2002-03-08,000529,5.78,5.89,6.01,5.69,56255,32939290.0,5.57,2.61,0.15,2.6
2002-03-11,000529,6.12,6.48,6.48,6.12,112666,71592440.0,6.11,10.02,0.59,5.21
2002-03-12,000529,6.54,6.35,6.69,6.34,96789,63138984.0,5.4,-2.01,-0.13,4.48
2002-03-13,000529,6.3,6.13,6.48,6.09,37200,23357900.0,6.14,-3.46,-0.22,1.72
2002-03-14,000529,6.12,6.35,6.39,6.1,20047,12450456.0,4.73,3.59,0.22,0.93
2002-03-15,000529,6.38,6.01,6.45,5.99,21039,13053419.0,7.24,-5.35,-0.34,0.97
2002-03-18,000529,6.05,6.02,6.23,5.91,21446,12974342.0,5.32,0.17,0.01,0.99
2002-03-19,000529,5.9,6.11,6.13,5.9,17604,10601965.0,3.82,1.5,0.09,0.81
2002-03-20,000529,6.11,6.14,6.19,6.0,17818,10870343.0,3.11,0.49,0.03,0.82
2002-03-21,000529,6.15,6.1,6.22,6.08,15219,9352557.0,2.28,-0.65,-0.04,0.7
2002-03-22,000529,6.08,6.05,6.11,6.01,11637,7028712.0,1.64,-0.82,-0.05,0.54
2002-03-25,000529,6.0,6.03,6.08,5.98,9639,5802735.0,1.65,-0.33,-0.02,0.45
2002-03-26,000529,6.02,5.91,6.03,5.9,11466,6811860.0,2.16,-1.99,-0.12,0.53
2002-03-27,000529,5.91,6.0,6.0,5.78,12097,7114266.0,3.72,1.52,0.09,0.56
2002-03-28,000529,5.99,6.0,6.05,5.9,8297,4965468.5,2.5,0.0,0.0,0.38
2002-03-29,000529,5.96,5.76,5.97,5.73,10280,5983640.0,4.0,-4.0,-0.24,0.48
2002-04-01,000529,5.74,5.7,5.78,5.56,10690,6048135.5,3.82,-1.04,-0.06,0.49
2002-04-02,000529,5.68,5.58,5.74,5.55,9062,5097589.5,3.33,-2.11,-0.12,0.42
2002-04-03,000529,5.67,5.95,5.97,5.6,22740,13190894.0,6.63,6.63,0.37,1.05
2002-04-04,000529,5.89,6.03,6.06,5.8,16877,10040084.0,4.37,1.34,0.08,0.78
2002-04-05,000529,6.05,5.92,6.08,5.9,9390,5602586.5,2.99,-1.82,-0.11,0.43
2002-04-08,000529,5.85,6.12,6.14,5.85,17940,10837179.0,4.9,3.38,0.2,0.83
2002-04-09,000529,6.12,6.25,6.28,6.09,29792,18496810.0,3.1,2.12,0.13,1.38
2002-04-10,000529,6.26,6.25,6.32,6.16,22032,13765819.0,2.56,0.0,0.0,1.02
2002-04-11,000529,6.25,6.26,6.38,6.19,47599,29899254.0,3.04,0.16,0.01,2.2
2002-04-12,000529,6.3,6.36,6.41,6.25,45105,28679596.0,2.56,1.6,0.1,2.09
2002-04-15,000529,6.39,6.48,6.65,6.29,88442,57258392.0,5.66,1.89,0.12,4.09
2002-04-16,000529,6.48,6.67,6.86,6.46,166538,111572256.0,6.17,2.93,0.19,7.71
2002-04-17,000529,6.64,6.58,6.82,6.48,137739,91910576.0,5.1,-1.35,-0.09,6.38
2002-04-18,000529,6.6,6.58,6.89,6.55,119143,80410496.0,5.17,0.0,0.0,5.51
2002-04-19,000529,6.55,6.34,6.55,6.23,43888,27973874.0,4.86,-3.65,-0.24,2.03
2002-04-22,000529,6.34,6.38,6.49,6.25,36522,23348366.0,3.79,0.63,0.04,1.69
2002-04-23,000529,6.38,6.33,6.44,6.27,15901,10105101.0,2.66,-0.78,-0.05,0.74
2002-04-24,000529,6.35,6.38,6.47,6.25,22961,14712032.0,3.48,0.79,0.05,1.06
2002-04-25,000529,6.34,6.36,6.42,6.3,9451,5997604.5,1.88,-0.31,-0.02,0.44
2002-04-26,000529,6.36,6.54,6.65,6.36,44913,29408430.0,4.56,2.83,0.18,2.08
2002-04-29,000529,6.54,6.62,6.78,6.5,41639,27725188.0,4.28,1.22,0.08,1.93
2002-04-30,000529,6.68,6.8,6.86,6.62,81180,54964124.0,3.63,2.72,0.18,3.76
2002-05-08,000529,6.85,6.94,6.98,6.76,101698,70224624.0,3.24,2.06,0.14,4.71
2002-05-09,000529,6.98,6.82,7.08,6.8,105506,73382032.0,4.03,-1.73,-0.12,4.88
2002-05-10,000529,6.8,6.73,6.86,6.69,23082,15624650.0,2.49,-1.32,-0.09,1.07
2002-05-13,000529,6.7,6.91,7.14,6.66,92384,64294100.0,7.13,2.67,0.18,4.28
2002-05-14,000529,6.9,6.87,6.97,6.8,24428,16811508.0,2.46,-0.58,-0.04,1.13
2002-05-15,000529,6.84,6.81,6.9,6.74,20919,14262297.0,2.33,-0.87,-0.06,0.97
2002-05-16,000529,6.88,6.75,7.01,6.6,61008,41683428.0,6.02,-0.88,-0.06,2.82
2002-05-17,000529,6.7,6.7,6.84,6.64,41455,27880846.0,2.96,-0.74,-0.05,1.92
2002-05-21,000529,6.8,6.85,6.99,6.66,102022,70115688.0,4.93,2.24,0.15,4.72
2002-05-22,000529,6.85,6.67,7.0,6.65,34650,23382322.0,5.11,-2.63,-0.18,1.6
2002-05-23,000529,6.75,6.71,6.85,6.68,22648,15306899.0,2.55,0.6,0.04,1.05
2002-05-24,000529,6.78,6.73,6.86,6.68,24891,16828238.0,2.68,0.3,0.02,1.15
2002-05-27,000529,6.73,6.68,6.82,6.59,15930,10598285.0,3.42,-0.74,-0.05,0.74
2002-05-28,000529,6.76,6.88,6.89,6.68,49231,33636116.0,3.14,2.99,0.2,2.28
2002-05-29,000529,6.88,6.75,6.9,6.63,20230,13620322.0,3.92,-1.89,-0.13,0.94
2002-05-30,000529,6.75,6.88,6.89,6.75,48835,33397608.0,2.07,1.93,0.13,2.26
2002-05-31,000529,6.9,6.92,6.95,6.84,37201,25715158.0,1.6,0.58,0.04,1.72
2002-06-03,000529,6.91,6.68,6.96,6.37,55484,36816940.0,8.53,-3.47,-0.24,2.57
2002-06-04,000529,6.5,6.52,6.65,6.38,25467,16598642.0,4.04,-2.4,-0.16,1.18
2002-06-05,000529,6.5,6.12,6.59,6.11,22405,14138344.0,7.36,-6.13,-0.4,1.04
2002-06-06,000529,6.11,6.55,6.65,6.03,67725,43155796.0,10.13,7.03,0.43,3.13
2002-06-07,000529,6.5,6.45,6.63,6.32,67504,43709496.0,4.73,-1.53,-0.1,3.12
2002-06-10,000529,6.42,6.39,6.49,6.3,13897,8829308.0,2.95,-0.93,-0.06,0.64
2002-06-11,000529,6.39,6.58,6.75,6.33,89144,58774324.0,6.57,2.97,0.19,4.13
2002-06-12,000529,6.51,6.54,6.67,6.41,10795,7048608.5,3.95,-0.61,-0.04,0.5
2002-06-13,000529,6.56,6.48,6.67,6.42,22941,15064275.0,3.82,-0.92,-0.06,1.06
2002-06-14,000529,6.63,6.48,6.67,6.45,24929,16393653.0,3.4,0.0,0.0,1.15
2002-06-17,000529,6.42,6.31,6.48,6.25,12330,7807603.0,3.55,-2.62,-0.17,0.57
2002-06-18,000529,6.35,6.36,6.49,6.32,40602,25945260.0,2.69,0.79,0.05,1.88
2002-06-19,000529,6.36,6.2,6.38,6.18,15442,9676602.0,3.14,-2.52,-0.16,0.71
2002-06-20,000529,6.17,6.24,6.3,6.17,14318,8925467.0,2.1,0.65,0.04,0.66
2002-06-21,000529,6.24,6.52,6.63,6.23,36114,23491636.0,6.41,4.49,0.28,1.67
2002-06-24,000529,7.17,7.17,7.17,6.8,140695,99360240.0,5.67,9.97,0.65,6.51
2002-06-25,000529,7.1,6.96,7.4,6.95,108238,77206824.0,6.28,-2.93,-0.21,5.01
2002-06-26,000529,6.95,7.02,7.05,6.85,37902,26389198.0,2.87,0.86,0.06,1.75
2002-06-27,000529,6.95,6.96,7.08,6.85,26901,18670032.0,3.28,-0.85,-0.06,1.25
2002-06-28,000529,7.0,6.81,7.05,6.7,57220,38790660.0,5.03,-2.16,-0.15,2.65
2002-07-01,000529,6.82,6.75,6.84,6.7,12733,8610877.0,2.06,-0.88,-0.06,0.59
2002-07-02,000529,6.75,6.87,6.87,6.7,12873,8744123.0,2.52,1.78,0.12,0.6
2002-07-03,000529,6.89,6.81,6.94,6.78,11201,7643500.0,2.33,-0.87,-0.06,0.52
2002-07-04,000529,6.8,6.74,6.83,6.7,12440,8415782.0,1.91,-1.03,-0.07,0.58
2002-07-05,000529,6.74,6.8,6.81,6.67,6022,4079071.8,2.08,0.89,0.06,0.28
2002-07-08,000529,6.8,7.01,7.03,6.76,46429,32227222.0,3.97,3.09,0.21,2.15
2002-07-09,000529,7.08,6.93,7.09,6.9,42427,29556900.0,2.71,-1.14,-0.08,1.96
2002-07-10,000529,6.9,6.79,7.0,6.78,19273,13258366.0,3.17,-2.02,-0.14,0.89
2002-07-11,000529,6.76,6.78,6.84,6.74,8662,5880824.0,1.47,-0.15,-0.01,0.4
2002-07-12,000529,6.8,6.73,6.83,6.7,8532,5768488.0,1.92,-0.74,-0.05,0.39
2002-07-15,000529,6.72,6.61,6.73,6.6,9686,6436136.0,1.93,-1.78,-0.12,0.45
2002-07-16,000529,6.58,6.6,6.7,6.58,8335,5516587.0,1.82,-0.15,-0.01,0.39
2002-07-17,000529,6.59,6.61,6.65,6.54,6456,4255090.5,1.67,0.15,0.01,0.3
2002-07-18,000529,6.69,6.63,6.73,6.59,8999,5999230.0,2.12,0.3,0.02,0.42
2002-07-19,000529,6.64,6.67,6.69,6.6,5031,3350276.0,1.36,0.6,0.04,0.23
2002-07-22,000529,6.66,6.7,6.75,6.63,8116,5423660.5,1.8,0.45,0.03,0.38
2002-07-23,000529,6.7,6.64,6.75,6.59,7018,4681539.5,2.39,-0.9,-0.06,0.32
2002-07-24,000529,6.68,6.57,6.68,6.55,4171,2747838.8,1.96,-1.05,-0.07,0.19
2002-07-25,000529,6.57,6.47,6.64,6.46,8472,5520791.5,2.74,-1.52,-0.1,0.39
2002-07-26,000529,6.49,6.38,6.5,6.38,6947,4457009.5,1.85,-1.39,-0.09,0.32
2002-07-29,000529,6.38,6.55,6.58,6.35,11252,7301832.0,3.61,2.66,0.17,0.52
2002-07-30,000529,6.57,6.52,6.58,6.45,3424,2228950.5,1.98,-0.46,-0.03,0.16
2002-07-31,000529,6.53,6.48,6.61,6.47,7794,5098964.5,2.15,-0.61,-0.04,0.36
2002-08-01,000529,6.45,6.42,6.49,6.39,3427,2202920.0,1.54,-0.93,-0.06,0.16
2002-08-02,000529,6.45,6.54,6.62,6.42,14337,9417383.0,3.12,1.87,0.12,0.66
2002-08-05,000529,6.54,6.54,6.65,6.5,3873,2542506.0,2.29,0.0,0.0,0.18
2002-08-06,000529,6.5,6.57,6.63,6.5,8319,5478266.0,1.99,0.46,0.03,0.39
2002-08-07,000529,6.6,6.6,6.63,6.57,4985,3290046.5,0.91,0.46,0.03,0.23
2002-08-08,000529,6.6,6.5,6.63,6.48,3659,2393716.5,2.27,-1.52,-0.1,0.17
2002-08-09,000529,6.5,6.42,6.5,6.38,6364,4080515.8,1.85,-1.23,-0.08,0.29
2002-08-12,000529,6.41,6.36,6.43,6.32,4185,2668780.2,1.71,-0.93,-0.06,0.19
2002-08-13,000529,6.38,6.3,6.44,6.25,5629,3564897.8,2.99,-0.94,-0.06,0.26
2002-08-14,000529,6.3,6.35,6.38,6.24,7934,4999898.0,2.22,0.79,0.05,0.37
2002-08-15,000529,6.35,6.25,6.35,6.25,3209,2017229.8,1.57,-1.57,-0.1,0.15
2002-08-16,000529,6.25,6.3,6.35,6.23,4498,2828180.2,1.92,0.8,0.05,0.21
2002-08-19,000529,6.35,6.31,6.4,6.3,4436,2815538.2,1.59,0.16,0.01,0.21
2002-08-20,000529,6.31,6.42,6.42,6.31,5754,3672968.2,1.74,1.74,0.11,0.27
2002-08-21,000529,6.48,6.43,6.49,6.41,7364,4751346.5,1.25,0.16,0.01,0.34
2002-08-22,000529,6.48,6.46,6.5,6.4,7740,4990330.0,1.56,0.47,0.03,0.36
2002-08-23,000529,6.48,6.41,6.48,6.4,4956,3183984.2,1.24,-0.77,-0.05,0.23
2002-08-26,000529,6.41,6.3,6.41,6.28,7534,4756284.5,2.03,-1.72,-0.11,0.35
2002-08-27,000529,6.28,6.31,6.34,6.28,6594,4154678.2,0.95,0.16,0.01,0.31
2002-08-28,000529,6.31,6.3,6.34,6.29,4253,2681050.0,0.79,-0.16,-0.01,0.2
2002-08-29,000529,6.35,6.35,6.38,6.28,4603,2908876.5,1.59,0.79,0.05,0.21
2002-08-30,000529,6.35,6.33,6.37,6.3,1987,1256491.1,1.1,-0.31,-0.02,0.09
2002-09-02,000529,6.3,6.29,6.31,6.26,3697,2321102.8,0.79,-0.63,-0.04,0.17
2002-09-03,000529,6.29,6.29,6.33,6.27,2832,1784915.4,0.95,0.0,0.0,0.13
2002-09-04,000529,6.37,6.29,6.37,6.27,2775,1747430.0,1.59,0.0,0.0,0.13
2002-09-05,000529,6.29,6.17,6.29,6.15,6408,3973452.2,2.23,-1.91,-0.12,0.3
2002-09-06,000529,6.18,6.09,6.2,6.08,6290,3844597.0,1.94,-1.3,-0.08,0.29
2002-09-09,000529,6.09,6.0,6.09,5.99,7706,4638051.0,1.64,-1.48,-0.09,0.36
2002-09-10,000529,6.0,6.0,6.08,5.99,5326,3198597.5,1.5,0.0,0.0,0.25
2002-09-11,000529,6.01,6.0,6.05,5.93,3467,2073216.0,2.0,0.0,0.0,0.16
2002-09-12,000529,6.05,6.05,6.07,5.97,3227,1944745.5,1.67,0.83,0.05,0.15
2002-09-13,000529,6.03,5.97,6.05,5.96,2589,1554117.6,1.49,-1.32,-0.08,0.12
2002-09-16,000529,5.9,5.83,5.98,5.82,4558,2679284.5,2.68,-2.35,-0.14,0.21
2002-09-17,000529,5.83,5.81,5.89,5.76,4183,2430550.5,2.23,-0.34,-0.02,0.19
2002-09-18,000529,5.81,5.69,5.86,5.67,5262,3014412.2,3.27,-2.07,-0.12,0.24
2002-09-19,000529,5.68,5.86,5.92,5.61,5119,2944878.5,5.45,2.99,0.17,0.24
2002-09-20,000529,5.83,5.8,5.9,5.78,3801,2224268.0,2.05,-1.02,-0.06,0.18
2002-09-23,000529,5.77,5.73,5.78,5.71,3354,1929057.8,1.21,-1.21,-0.07,0.16
2002-09-24,000529,5.73,5.67,5.75,5.65,5328,3030984.2,1.75,-1.05,-0.06,0.25
2002-09-25,000529,5.69,5.71,5.8,5.65,6181,3534995.2,2.65,0.71,0.04,0.29
2002-09-26,000529,5.72,5.63,5.77,5.62,4701,2662676.0,2.63,-1.4,-0.08,0.22
2002-09-27,000529,5.63,5.66,5.75,5.6,3186,1796177.9,2.66,0.53,0.03,0.15
2002-10-08,000529,5.62,5.61,5.62,5.51,2479,1382283.4,1.94,-0.88,-0.05,0.11
2002-10-09,000529,5.63,5.48,5.63,5.4,4469,2462396.0,4.1,-2.32,-0.13,0.21
2002-10-10,000529,5.48,5.48,5.55,5.41,3080,1690469.9,2.55,0.0,0.0,0.14
2002-10-11,000529,5.47,5.48,5.52,5.41,3130,1710319.6,2.01,0.0,0.0,0.14
2002-10-14,000529,5.48,5.52,5.53,5.38,3819,2078913.0,2.74,0.73,0.04,0.18
2002-10-15,000529,5.5,5.51,5.54,5.46,2097,1153153.1,1.45,-0.18,-0.01,0.1
2002-10-16,000529,5.51,5.57,5.65,5.51,3952,2205210.2,2.54,1.09,0.06,0.18
2002-10-17,000529,5.57,5.47,5.62,5.44,2771,1525971.5,3.23,-1.8,-0.1,0.13
2002-10-18,000529,5.46,5.69,5.7,5.42,28166,15618860.0,5.12,4.02,0.22,1.3
2002-10-21,000529,5.59,5.75,5.79,5.59,15634,8919062.0,3.51,1.05,0.06,0.72
2002-10-22,000529,5.75,5.77,5.79,5.7,13395,7714175.0,1.57,0.35,0.02,0.62
2002-10-23,000529,5.72,5.76,5.77,5.68,7482,4286111.0,1.56,-0.17,-0.01,0.35
2002-10-24,000529,5.76,5.67,5.77,5.66,4557,2598613.0,1.91,-1.56,-0.09,0.21
2002-10-25,000529,5.68,5.59,5.74,5.57,5154,2913806.5,3.0,-1.41,-0.08,0.24
2002-10-28,000529,5.55,5.43,5.62,5.41,6270,3445405.0,3.76,-2.86,-0.16,0.29
2002-10-29,000529,5.5,5.54,5.55,5.41,3877,2120939.8,2.58,2.03,0.11,0.18
2002-10-30,000529,5.54,5.55,5.62,5.49,5152,2865487.8,2.35,0.18,0.01,0.24
2002-10-31,000529,5.55,5.56,5.64,5.55,3047,1702137.5,1.62,0.18,0.01,0.14
2002-11-01,000529,5.56,5.54,5.56,5.48,2362,1299941.1,1.44,-0.36,-0.02,0.11
2002-11-04,000529,5.6,5.64,5.65,5.51,4088,2297637.8,2.53,1.81,0.1,0.19
2002-11-05,000529,5.65,5.73,5.75,5.64,7208,4116434.5,1.95,1.6,0.09,0.33
2002-11-06,000529,5.73,5.69,5.73,5.65,3352,1904768.1,1.4,-0.7,-0.04,0.16
2002-11-07,000529,5.65,5.72,5.73,5.62,3906,2217072.2,1.93,0.53,0.03,0.18
2002-11-08,000529,5.75,5.48,5.79,5.47,6846,3827729.8,5.59,-4.2,-0.24,0.32
2002-11-11,000529,5.5,5.45,5.55,5.42,3022,1652107.9,2.37,-0.55,-0.03,0.14
2002-11-12,000529,5.52,5.24,5.52,5.2,7491,3984173.0,5.87,-3.85,-0.21,0.35
2002-11-13,000529,5.25,5.2,5.25,5.05,7039,3622185.5,3.82,-0.76,-0.04,0.33
2002-11-14,000529,5.19,5.06,5.2,5.04,6044,3089239.5,3.08,-2.69,-0.14,0.28
2002-11-15,000529,5.02,5.08,5.2,5.0,6034,3076302.8,3.95,0.4,0.02,0.28
2002-11-18,000529,5.08,5.03,5.14,4.98,4989,2506716.5,3.15,-0.98,-0.05,0.23
2002-11-19,000529,5.04,5.08,5.09,4.98,3711,1867981.5,2.19,0.99,0.05,0.17
2002-11-20,000529,5.08,4.91,5.08,4.9,4113,2044583.9,3.54,-3.35,-0.17,0.19
2002-11-21,000529,4.91,4.65,4.91,4.63,7520,3599165.8,5.7,-5.3,-0.26,0.35
2002-11-22,000529,4.72,4.75,4.84,4.62,7484,3548451.2,4.73,2.15,0.1,0.35
2002-11-25,000529,4.7,4.8,4.87,4.63,3753,1796302.8,5.05,1.05,0.05,0.17
2002-11-26,000529,4.78,4.62,4.84,4.61,5811,2746792.8,4.79,-3.75,-0.18,0.27
2002-11-27,000529,4.55,4.74,4.8,4.5,7981,3723822.0,6.49,2.6,0.12,0.37
2002-11-28,000529,4.7,4.91,4.93,4.7,12971,6285098.5,4.85,3.59,0.17,0.6
2002-11-29,000529,4.93,4.97,5.06,4.86,20444,10153380.0,4.07,1.22,0.06,0.95
2002-12-02,000529,4.97,4.79,4.97,4.79,6922,3369702.8,3.62,-3.62,-0.18,0.32
2002-12-03,000529,4.78,4.88,4.93,4.78,3862,1880922.4,3.13,1.88,0.09,0.18
2002-12-04,000529,4.9,4.89,5.0,4.87,5834,2878216.8,2.66,0.2,0.01,0.27
2002-12-05,000529,4.86,4.79,4.89,4.76,4694,2261077.2,2.66,-2.04,-0.1,0.22
2002-12-06,000529,4.79,4.79,4.85,4.71,3783,1806114.2,2.92,0.0,0.0,0.18
2002-12-09,000529,4.76,4.8,4.83,4.74,2301,1103743.2,1.88,0.21,0.01,0.11
2002-12-10,000529,4.8,4.71,4.85,4.7,4108,1945386.9,3.13,-1.88,-0.09,0.19
2002-12-11,000529,4.7,4.69,4.73,4.64,3291,1536357.9,1.91,-0.42,-0.02,0.15
2002-12-12,000529,4.73,4.72,4.79,4.69,4195,1984325.5,2.13,0.64,0.03,0.19
2002-12-13,000529,4.68,4.81,4.9,4.58,4897,2322688.5,6.78,1.91,0.09,0.23
2002-12-16,000529,4.82,4.87,4.9,4.78,6506,3164691.5,2.49,1.25,0.06,0.3
2002-12-17,000529,4.87,4.89,4.94,4.83,4860,2376513.5,2.26,0.41,0.02,0.22
2002-12-18,000529,4.9,4.84,4.95,4.84,4984,2438249.0,2.25,-1.02,-0.05,0.23
2002-12-19,000529,4.84,4.88,4.89,4.79,3677,1777069.5,2.07,0.83,0.04,0.17
2002-12-20,000529,4.9,4.93,4.95,4.85,6400,3144173.5,2.05,1.02,0.05,0.3
2002-12-23,000529,4.93,4.98,5.1,4.9,14177,7119414.5,4.06,1.01,0.05,0.66
2002-12-24,000529,4.95,4.94,4.99,4.87,9862,4846164.0,2.41,-0.8,-0.04,0.46
2002-12-25,000529,4.94,4.89,4.97,4.89,4535,2235699.5,1.62,-1.01,-0.05,0.21
2002-12-26,000529,4.85,4.7,4.88,4.69,6528,3121027.2,3.89,-3.89,-0.19,0.3
2002-12-27,000529,4.66,4.69,4.75,4.62,5912,2764755.0,2.77,-0.21,-0.01,0.27
2002-12-30,000529,4.68,4.65,4.7,4.6,5697,2646333.5,2.13,-0.85,-0.04,0.26
2002-12-31,000529,4.69,4.57,4.69,4.55,6681,3079976.5,3.01,-1.72,-0.08,0.31
2003-01-02,000529,4.57,4.48,4.59,4.46,4846,2183445.5,2.84,-1.97,-0.09,0.22
2003-01-03,000529,4.49,4.52,4.54,4.48,2765,1247497.2,1.34,0.89,0.04,0.13
2003-01-06,000529,4.54,4.61,4.62,4.45,4019,1828190.6,3.76,1.99,0.09,0.19
2003-01-07,000529,4.65,4.58,4.65,4.54,2981,1368691.2,2.39,-0.65,-0.03,0.14
2003-01-08,000529,4.59,4.72,4.73,4.53,5570,2585468.8,4.37,3.06,0.14,0.26
2003-01-09,000529,4.77,4.78,4.83,4.68,11110,5295626.5,3.18,1.27,0.06,0.51
2003-01-10,000529,4.78,4.75,4.89,4.7,12162,5829107.0,3.97,-0.63,-0.03,0.56
2003-01-13,000529,4.71,4.75,4.76,4.69,6318,2979814.0,1.47,0.0,0.0,0.29
2003-01-14,000529,4.79,4.98,5.06,4.75,30668,15150237.0,6.53,4.84,0.23,1.42
2003-01-15,000529,4.97,5.05,5.17,4.88,45266,22622252.0,5.82,1.41,0.07,2.1
2003-01-16,000529,5.03,5.08,5.08,4.95,20300,10188506.0,2.57,0.59,0.03,0.94
2003-01-17,000529,5.12,5.02,5.12,5.01,14104,7125301.0,2.17,-1.18,-0.06,0.65
2003-01-20,000529,4.99,5.1,5.11,4.92,12942,6471174.5,3.78,1.59,0.08,0.6
2003-01-21,000529,5.09,4.94,5.12,4.94,9253,4635356.0,3.53,-3.14,-0.16,0.43
2003-01-22,000529,4.9,4.96,5.0,4.9,7048,3490488.8,2.02,0.4,0.02,0.33
2003-01-23,000529,4.95,4.95,5.02,4.91,6519,3236002.5,2.22,-0.2,-0.01,0.3
2003-01-24,000529,4.94,5.01,5.05,4.9,8571,4267490.5,3.03,1.21,0.06,0.4
2003-01-27,000529,5.0,5.1,5.12,4.98,16239,8244864.5,2.79,1.8,0.09,0.75
2003-01-28,000529,5.1,5.12,5.14,5.06,14232,7270689.5,1.57,0.39,0.02,0.66
2003-01-29,000529,5.06,4.96,5.08,4.94,32577,16280285.0,2.73,-3.13,-0.16,1.51
2003-02-10,000529,4.95,4.93,4.97,4.9,6028,2971212.2,1.41,-0.6,-0.03,0.28
2003-02-11,000529,4.87,4.98,5.01,4.87,5681,2809149.2,2.84,1.01,0.05,0.26
2003-02-12,000529,4.96,5.04,5.05,4.94,11124,5571381.0,2.21,1.2,0.06,0.51
2003-02-13,000529,5.04,5.01,5.07,5.0,12576,6327482.0,1.39,-0.6,-0.03,0.58
2003-02-14,000529,5.01,5.02,5.07,5.0,11122,5589181.0,1.4,0.2,0.01,0.51
2003-02-17,000529,5.01,5.03,5.08,5.0,12667,6379874.5,1.59,0.2,0.01,0.59
2003-02-18,000529,5.04,5.06,5.08,5.01,20013,10094248.0,1.39,0.6,0.03,0.93
2003-02-19,000529,5.08,5.2,5.21,5.05,38156,19610200.0,3.16,2.77,0.14,1.77
2003-02-20,000529,5.2,5.13,5.2,5.12,15452,7958534.5,1.54,-1.35,-0.07,0.72
2003-02-21,000529,5.1,4.97,5.12,4.97,18765,9439051.0,2.92,-3.12,-0.16,0.87
2003-02-24,000529,4.95,4.97,5.02,4.95,6859,3414926.2,1.41,0.0,0.0,0.32
2003-02-25,000529,4.98,5.06,5.07,4.98,8785,4425222.0,1.81,1.81,0.09,0.41
2003-02-26,000529,5.06,5.03,5.07,5.0,6439,3234632.0,1.38,-0.59,-0.03,0.3
2003-02-27,000529,5.03,5.04,5.07,5.0,5476,2755413.0,1.39,0.2,0.01,0.25
2003-02-28,000529,5.03,5.03,5.05,4.98,5997,3004802.5,1.39,-0.2,-0.01,0.28
2003-03-03,000529,5.02,5.01,5.05,4.95,9674,4831141.0,1.99,-0.4,-0.02,0.45
2003-03-04,000529,5.02,4.99,5.04,4.96,8619,4300614.5,1.6,-0.4,-0.02,0.4
2003-03-05,000529,4.99,4.96,5.0,4.92,7479,3705705.0,1.6,-0.6,-0.03,0.35
2003-03-06,000529,4.94,4.89,4.97,4.86,9254,4537927.5,2.22,-1.41,-0.07,0.43
2003-03-07,000529,4.88,4.81,4.92,4.78,10524,5082796.5,2.86,-1.64,-0.08,0.49
2003-03-10,000529,4.78,4.72,4.84,4.69,8351,3954302.8,3.12,-1.87,-0.09,0.39
2003-03-11,000529,4.7,4.7,4.75,4.68,4346,2044476.8,1.48,-0.42,-0.02,0.2
2003-03-12,000529,4.7,4.73,4.76,4.61,6004,2812446.8,3.19,0.64,0.03,0.28
2003-03-13,000529,4.7,4.7,4.73,4.68,3981,1873046.6,1.06,-0.63,-0.03,0.18
2003-03-14,000529,4.7,4.72,4.75,4.69,3252,1534913.5,1.28,0.43,0.02,0.15
2003-03-17,000529,4.72,4.65,4.72,4.6,5609,2600213.5,2.54,-1.48,-0.07,0.26
2003-03-18,000529,4.61,4.62,4.72,4.61,3530,1645424.0,2.37,-0.65,-0.03,0.16
2003-03-19,000529,4.62,4.64,4.65,4.58,4247,1958886.6,1.52,0.43,0.02,0.2
2003-03-20,000529,4.63,4.56,4.65,4.54,8456,3873112.2,2.37,-1.72,-0.08,0.39
2003-03-21,000529,4.54,4.61,4.62,4.54,3497,1608970.1,1.75,1.1,0.05,0.16
2003-03-24,000529,4.7,4.63,4.7,4.58,4667,2162248.0,2.6,0.43,0.02,0.22
2003-03-25,000529,4.67,4.63,4.67,4.6,3764,1740912.1,1.51,0.0,0.0,0.17
2003-03-26,000529,4.64,4.59,4.64,4.57,2592,1192228.5,1.51,-0.86,-0.04,0.12
2003-03-27,000529,4.59,4.68,4.75,4.5,7588,3511717.0,5.45,1.96,0.09,0.35
2003-03-28,000529,4.68,4.67,4.7,4.62,7370,3449374.5,1.71,-0.21,-0.01,0.34
2003-03-31,000529,4.65,4.68,4.69,4.62,6798,3164200.8,1.5,0.21,0.01,0.31
2003-04-01,000529,4.66,4.74,4.74,4.64,8300,3903207.8,2.14,1.28,0.06,0.38
2003-04-02,000529,4.74,4.7,4.74,4.68,5274,2479626.2,1.27,-0.84,-0.04,0.24
2003-04-03,000529,4.7,4.62,4.72,4.6,5181,2407194.5,2.55,-1.7,-0.08,0.24
2003-04-04,000529,4.62,4.65,4.66,4.6,4796,2221232.5,1.3,0.65,0.03,0.22
2003-04-07,000529,4.65,4.55,4.65,4.54,13176,6036002.0,2.37,-2.15,-0.1,0.61
2003-04-08,000529,4.54,4.54,4.59,4.52,11290,5134455.5,1.54,-0.22,-0.01,0.52
2003-04-09,000529,4.57,4.5,4.58,4.46,17252,7752587.5,2.64,-0.88,-0.04,0.8
2003-04-10,000529,4.5,4.49,4.53,4.25,26544,11688091.0,6.22,-0.22,-0.01,1.23
2003-04-11,000529,4.48,4.63,4.66,4.42,20346,9236433.0,5.35,3.12,0.14,0.94
2003-04-14,000529,4.65,4.75,4.78,4.63,26040,12274043.0,3.24,2.59,0.12,1.21
2003-04-15,000529,4.78,4.7,4.8,4.65,21408,10081059.0,3.16,-1.05,-0.05,0.99
2003-04-16,000529,4.7,4.54,4.73,4.52,27995,12862241.0,4.47,-3.4,-0.16,1.3
2003-04-17,000529,4.52,4.5,4.52,4.43,20260,9055107.0,1.98,-0.88,-0.04,0.94
2003-04-18,000529,4.5,4.47,4.5,4.4,25269,11181720.0,2.22,-0.67,-0.03,1.17
2003-04-22,000529,4.25,4.25,4.3,4.25,31355,13335013.0,1.12,-4.92,-0.22,1.45
2003-04-23,000529,4.04,4.04,4.06,4.04,28583,11548634.0,0.47,-4.94,-0.21,1.32
2003-04-24,000529,3.86,4.01,4.02,3.86,59467,23519562.0,3.96,-0.74,-0.03,2.75
2003-04-25,000529,3.98,4.03,4.08,3.94,29302,11774651.0,3.49,0.5,0.02,1.36
2003-04-28,000529,4.02,4.02,4.03,3.94,23013,9160731.0,2.23,-0.25,-0.01,1.07
2003-04-29,000529,4.08,4.07,4.22,4.04,28082,11656984.0,4.48,1.24,0.05,1.3
2003-04-30,000529,4.08,3.92,4.11,3.89,25051,9952898.0,5.41,-3.69,-0.15,1.16
2003-05-12,000529,3.92,3.72,3.92,3.72,24025,9012377.0,5.1,-5.1,-0.2,1.11
2003-05-13,000529,3.62,3.68,3.78,3.56,28994,10597701.0,5.91,-1.08,-0.04,1.34
2003-05-14,000529,3.66,3.79,3.8,3.62,21007,7865551.0,4.89,2.99,0.11,0.97
2003-05-15,000529,3.8,3.81,3.89,3.71,19785,7498541.5,4.75,0.53,0.02,0.92
2003-05-16,000529,3.81,3.86,3.87,3.77,17931,6857781.0,2.62,1.31,0.05,0.83
2003-05-19,000529,3.85,3.95,4.01,3.85,23485,9273218.0,4.15,2.33,0.09,1.09
2003-05-20,000529,3.93,3.95,4.0,3.93,14286,5651172.0,1.77,0.0,0.0,0.66
2003-05-21,000529,3.96,4.0,4.02,3.88,21930,8707461.0,3.54,1.27,0.05,1.02
2003-05-22,000529,4.0,3.97,4.02,3.94,9538,3790403.2,2.0,-0.75,-0.03,0.44
2003-05-23,000529,3.95,3.93,3.99,3.91,17136,6744505.5,2.02,-1.01,-0.04,0.79
2003-05-26,000529,3.96,4.09,4.13,3.92,33158,13518745.0,5.34,4.07,0.16,1.53
2003-05-27,000529,4.09,4.09,4.14,4.05,15435,6325020.5,2.2,0.0,0.0,0.71
2003-05-28,000529,4.09,4.15,4.25,4.07,27931,11672233.0,4.4,1.47,0.06,1.29
2003-05-30,000529,4.12,4.15,4.26,4.05,29899,12368537.0,5.06,0.0,0.0,1.38
2003-06-02,000529,4.14,4.22,4.24,4.14,17563,7371392.5,2.41,1.69,0.07,0.81
2003-06-03,000529,4.25,4.26,4.34,4.22,30361,13044342.0,2.84,0.95,0.04,1.41
2003-06-04,000529,4.26,4.15,4.29,4.1,19463,8092645.5,4.46,-2.58,-0.11,0.9
2003-06-05,000529,4.11,4.13,4.2,4.1,10180,4221557.5,2.41,-0.48,-0.02,0.47
2003-06-06,000529,4.1,4.13,4.18,4.09,13070,5399909.0,2.18,0.0,0.0,0.6
2003-06-09,000529,4.13,4.07,4.16,4.06,7254,2972318.2,2.42,-1.45,-0.06,0.34
2003-06-10,000529,4.09,4.17,4.18,4.09,7093,2924486.2,2.21,2.46,0.1,0.33
2003-06-11,000529,4.15,4.19,4.19,4.14,6083,2537359.0,1.2,0.48,0.02,0.28
2003-06-12,000529,4.2,4.2,4.25,4.18,7833,3295518.0,1.67,0.24,0.01,0.36
2003-06-13,000529,4.18,4.18,4.25,4.14,8530,3559365.8,2.62,-0.48,-0.02,0.39
2003-06-16,000529,4.2,4.24,4.25,4.18,12074,5098381.5,1.67,1.44,0.06,0.56
2003-06-17,000529,4.25,4.15,4.28,4.12,8199,3429522.5,3.77,-2.12,-0.09,0.38
2003-06-18,000529,4.15,4.16,4.19,4.13,4690,1948670.6,1.45,0.24,0.01,0.22
2003-06-19,000529,4.16,4.09,4.18,4.07,12285,5046051.5,2.64,-1.68,-0.07,0.57
2003-06-20,000529,4.09,4.12,4.24,4.07,10854,4527624.5,4.16,0.73,0.03,0.5
2003-06-23,000529,4.1,4.12,4.18,4.07,6641,2724245.5,2.67,0.0,0.0,0.31
2003-06-24,000529,4.1,4.12,4.15,4.09,4103,1688897.9,1.46,0.0,0.0,0.19
2003-06-25,000529,4.12,4.21,4.24,4.12,20042,8418616.0,2.91,2.18,0.09,0.93
2003-06-26,000529,4.23,4.24,4.25,4.16,20688,8725545.0,2.14,0.71,0.03,0.96
2003-06-27,000529,4.23,4.32,4.45,4.17,61109,26571036.0,6.6,1.89,0.08,2.83
2003-06-30,000529,4.34,4.21,4.34,4.2,21226,8995313.0,3.24,-2.55,-0.11,0.98
2003-07-01,000529,4.2,4.19,4.23,4.14,16574,6915806.0,2.14,-0.48,-0.02,0.77
2003-07-02,000529,4.16,4.07,4.19,3.98,30624,12459493.0,5.01,-2.86,-0.12,1.42
2003-07-03,000529,4.07,4.1,4.14,4.05,8071,3300735.2,2.21,0.74,0.03,0.37
2003-07-04,000529,4.08,4.01,4.16,3.99,13859,5603935.0,4.15,-2.2,-0.09,0.64
2003-07-07,000529,4.01,4.03,4.09,4.0,6507,2630062.5,2.24,0.5,0.02,0.3
2003-07-08,000529,4.03,4.1,4.12,4.01,6783,2766526.2,2.73,1.74,0.07,0.31
2003-07-09,000529,4.1,4.09,4.12,4.06,4548,1859505.4,1.46,-0.24,-0.01,0.21
2003-07-10,000529,4.07,4.06,4.09,4.02,10063,4076896.8,1.71,-0.73,-0.03,0.47
2003-07-11,000529,4.08,4.09,4.12,4.06,8050,3285536.8,1.48,0.74,0.03,0.37
2003-07-14,000529,4.1,4.09,4.12,4.06,5565,2279514.5,1.47,0.0,0.0,0.26
2003-07-15,000529,4.09,4.08,4.12,4.07,5807,2370823.8,1.22,-0.24,-0.01,0.27
2003-07-16,000529,4.08,4.09,4.1,4.06,3484,1420595.6,0.98,0.25,0.01,0.16
2003-07-17,000529,4.07,4.06,4.11,4.04,9620,3913540.2,1.71,-0.73,-0.03,0.45
2003-07-18,000529,4.07,4.0,4.1,3.95,14704,5903961.0,3.69,-1.48,-0.06,0.68
2003-07-21,000529,3.98,3.87,3.98,3.8,11286,4376462.5,4.5,-3.25,-0.13,0.52
2003-07-22,000529,3.88,3.92,3.96,3.83,6764,2636895.5,3.36,1.29,0.05,0.31
2003-07-23,000529,3.93,3.97,3.99,3.92,7273,2876289.8,1.79,1.28,0.05,0.34
2003-07-24,000529,3.97,3.91,3.97,3.89,5581,2184156.8,2.02,-1.51,-0.06,0.26
2003-07-25,000529,3.82,3.86,3.92,3.82,8846,3426725.2,2.56,-1.28,-0.05,0.41
2003-07-28,000529,3.86,3.85,3.88,3.81,3604,1384313.5,1.81,-0.26,-0.01,0.17
2003-07-29,000529,3.82,3.89,3.95,3.75,5200,1987367.2,5.19,1.04,0.04,0.24
2003-07-30,000529,3.9,3.93,3.96,3.81,8095,3155395.0,3.86,1.03,0.04,0.37
2003-07-31,000529,3.93,3.9,3.93,3.88,2399,934441.0,1.27,-0.76,-0.03,0.11
2003-08-01,000529,3.9,3.88,3.9,3.82,5091,1965037.1,2.05,-0.51,-0.02,0.24
2003-08-04,000529,3.86,3.91,3.92,3.83,3733,1445708.5,2.32,0.77,0.03,0.17
2003-08-05,000529,3.95,4.06,4.06,3.91,14124,5681196.0,3.84,3.84,0.15,0.65
2003-08-06,000529,4.08,3.98,4.08,3.96,9065,3628482.0,2.96,-1.97,-0.08,0.42
2003-08-07,000529,3.95,4.0,4.03,3.93,4358,1738256.0,2.51,0.5,0.02,0.2
2003-08-08,000529,4.02,3.95,4.02,3.93,6280,2499821.0,2.25,-1.25,-0.05,0.29
2003-08-11,000529,3.95,3.95,3.97,3.92,2192,862749.3,1.27,0.0,0.0,0.1
2003-08-12,000529,3.93,3.96,3.97,3.92,3436,1356045.6,1.27,0.25,0.01,0.16
2003-08-13,000529,3.99,3.9,3.99,3.89,3497,1373006.6,2.53,-1.52,-0.06,0.16
2003-08-14,000529,3.92,3.86,3.94,3.85,4098,1592415.8,2.31,-1.03,-0.04,0.19
2003-08-15,000529,3.86,3.85,3.88,3.82,2910,1119372.9,1.55,-0.26,-0.01,0.13
2003-08-18,000529,3.88,3.86,3.88,3.84,2877,1111571.2,1.04,0.26,0.01,0.13
2003-08-19,000529,3.85,3.85,3.93,3.85,2437,943171.9,2.07,-0.26,-0.01,0.11
2003-08-20,000529,3.85,3.89,3.9,3.85,2891,1119349.8,1.3,1.04,0.04,0.13
2003-08-21,000529,3.87,3.84,3.88,3.84,2956,1139774.5,1.03,-1.29,-0.05,0.14
2003-08-22,000529,3.83,3.88,3.9,3.82,2532,977709.6,2.08,1.04,0.04,0.12
2003-08-25,000529,3.86,3.8,3.86,3.78,3681,1403338.0,2.06,-2.06,-0.08,0.17
2003-08-26,000529,3.78,3.81,3.83,3.78,2837,1079604.2,1.32,0.26,0.01,0.13
2003-08-27,000529,3.79,3.82,3.85,3.78,2024,772121.6,1.84,0.26,0.01,0.09
2003-08-28,000529,3.82,3.78,3.85,3.78,2080,795595.1,1.83,-1.05,-0.04,0.1
2003-08-29,000529,3.76,3.74,3.79,3.65,3412,1266551.0,3.7,-1.06,-0.04,0.16
2003-09-01,000529,3.74,3.8,3.81,3.7,2868,1076921.0,2.94,1.6,0.06,0.13
2003-09-02,000529,3.76,3.76,3.79,3.74,2491,935392.5,1.32,-1.05,-0.04,0.12
2003-09-03,000529,3.74,3.82,3.84,3.7,5785,2176678.2,3.72,1.6,0.06,0.27
2003-09-04,000529,3.82,3.76,3.82,3.75,4926,1860726.9,1.83,-1.57,-0.06,0.23
2003-09-05,000529,3.76,3.73,3.78,3.72,2884,1081246.6,1.6,-0.8,-0.03,0.13
2003-09-08,000529,3.73,3.86,3.9,3.71,9983,3832010.5,5.09,3.49,0.13,0.46
2003-09-09,000529,3.86,3.87,3.91,3.82,7110,2755459.2,2.33,0.26,0.01,0.33
2003-09-10,000529,3.89,3.81,3.89,3.79,2864,1093778.2,2.58,-1.55,-0.06,0.13
2003-09-11,000529,3.8,3.85,3.86,3.8,2062,791379.6,1.57,1.05,0.04,0.1
2003-09-12,000529,3.85,3.8,3.87,3.77,3424,1299026.4,2.6,-1.3,-0.05,0.16
2003-09-15,000529,3.78,3.71,3.79,3.71,3532,1321363.0,2.11,-2.37,-0.09,0.16
2003-09-16,000529,3.73,3.77,3.78,3.71,2732,1021507.6,1.89,1.62,0.06,0.13
2003-09-17,000529,3.77,3.69,3.77,3.69,2730,1014478.8,2.12,-2.12,-0.08,0.13
2003-09-18,000529,3.67,3.73,3.73,3.67,2108,779869.0,1.63,1.08,0.04,0.1
2003-09-19,000529,3.71,3.7,3.73,3.67,2761,1017503.8,1.61,-0.8,-0.03,0.13
2003-09-22,000529,3.71,3.68,3.75,3.67,1667,614951.7,2.16,-0.54,-0.02,0.08
2003-09-23,000529,3.71,3.82,3.82,3.68,4276,1603075.8,3.8,3.8,0.14,0.2
2003-09-24,000529,4.01,3.88,4.01,3.86,21709,8494962.0,3.93,1.57,0.06,1.0
2003-09-25,000529,3.9,3.78,3.91,3.75,9278,3548051.0,4.12,-2.58,-0.1,0.43
2003-09-26,000529,3.85,3.97,3.97,3.8,33872,13346626.0,4.5,5.03,0.19,1.57
2003-09-29,000529,4.0,4.0,4.01,3.89,17787,7017993.0,3.02,0.76,0.03,0.82
2003-09-30,000529,3.98,3.94,3.99,3.92,11231,4439448.0,1.75,-1.5,-0.06,0.52
2003-10-08,000529,3.93,3.9,3.94,3.88,11193,4375583.5,1.52,-1.02,-0.04,0.52
2003-10-09,000529,3.9,3.92,3.94,3.89,7606,2977489.0,1.28,0.51,0.02,0.35
2003-10-10,000529,3.91,4.0,4.0,3.9,15060,5957184.5,2.55,2.04,0.08,0.7
2003-10-13,000529,4.01,3.97,4.03,3.94,12817,5090235.5,2.25,-0.75,-0.03,0.59
2003-10-14,000529,3.96,4.0,4.01,3.94,7395,2946356.2,1.76,0.76,0.03,0.34
2003-10-15,000529,4.01,3.98,4.04,3.96,8312,3320349.2,2.0,-0.5,-0.02,0.38
2003-10-16,000529,3.9,3.78,3.9,3.78,17579,6697940.0,3.02,-5.03,-0.2,0.81
2003-10-17,000529,3.76,3.82,3.83,3.66,15024,5628476.0,4.5,1.06,0.04,0.7
2003-10-20,000529,3.84,3.99,4.01,3.82,31807,12589014.0,4.97,4.45,0.17,1.47
2003-10-21,000529,4.0,3.97,4.02,3.92,11967,4745130.5,2.51,-0.5,-0.02,0.55
2003-10-22,000529,3.95,3.93,3.98,3.78,15758,6132240.5,5.04,-1.01,-0.04,0.73
2003-10-23,000529,3.93,3.94,4.0,3.91,8961,3551054.2,2.29,0.25,0.01,0.41
2003-10-24,000529,3.97,3.85,3.98,3.83,8782,3412905.5,3.81,-2.28,-0.09,0.41
2003-10-27,000529,3.85,3.76,3.85,3.69,8342,3122508.2,4.16,-2.34,-0.09,0.39
2003-10-28,000529,3.75,3.73,3.8,3.72,8681,3256656.5,2.13,-0.8,-0.03,0.4
2003-10-29,000529,3.71,3.61,3.76,3.54,13865,5055641.5,5.9,-3.22,-0.12,0.64
2003-10-30,000529,3.6,3.45,3.62,3.43,15574,5414495.5,5.26,-4.43,-0.16,0.72
2003-10-31,000529,3.45,3.49,3.55,3.45,4942,1728782.4,2.9,1.16,0.04,0.23
2003-11-03,000529,3.5,3.51,3.54,3.46,3227,1129308.5,2.29,0.57,0.02,0.15
2003-11-04,000529,3.51,3.55,3.58,3.45,12910,4509888.0,3.7,1.14,0.04,0.6
2003-11-05,000529,3.52,3.37,3.52,3.37,17176,5845847.0,4.23,-5.07,-0.18,0.79
2003-11-06,000529,3.31,3.2,3.31,3.2,23616,7585169.0,3.26,-5.04,-0.17,1.09
2003-11-07,000529,3.06,3.14,3.19,3.04,10131,3153308.8,4.69,-1.88,-0.06,0.47
2003-11-10,000529,3.09,3.13,3.14,3.08,3232,1006539.4,1.91,-0.32,-0.01,0.15
2003-11-11,000529,3.15,3.17,3.18,3.1,3181,999096.9,2.56,1.28,0.04,0.15
2003-11-12,000529,3.17,3.1,3.17,3.08,3195,994187.8,2.84,-2.21,-0.07,0.15
2003-11-13,000529,3.11,3.13,3.16,3.08,4279,1336140.8,2.58,0.97,0.03,0.2
2003-11-14,000529,3.12,3.15,3.16,3.11,2819,884288.6,1.6,0.64,0.02,0.13
2003-11-17,000529,3.12,3.12,3.17,3.11,3601,1130798.2,1.9,-0.95,-0.03,0.17
2003-11-18,000529,3.13,3.14,3.16,3.1,2837,890741.4,1.92,0.64,0.02,0.13
2003-11-19,000529,3.13,3.18,3.24,3.13,5782,1849561.4,3.5,1.27,0.04,0.27
2003-11-20,000529,3.15,3.26,3.27,3.15,8138,2626367.5,3.77,2.52,0.08,0.38
2003-11-21,000529,3.27,3.22,3.34,3.2,9170,2993259.2,4.29,-1.23,-0.04,0.42
2003-11-24,000529,3.26,3.27,3.29,3.22,6656,2168283.0,2.17,1.55,0.05,0.31
2003-11-25,000529,3.28,3.32,3.32,3.25,12770,4201643.5,2.14,1.53,0.05,0.59
2003-11-26,000529,3.32,3.3,3.36,3.27,7176,2376127.0,2.71,-0.6,-0.02,0.33
2003-11-27,000529,3.3,3.14,3.3,3.14,12283,3900297.5,4.85,-4.85,-0.16,0.57
2003-11-28,000529,3.1,3.17,3.17,3.08,6933,2175220.0,2.87,0.96,0.03,0.32
2003-12-01,000529,3.17,3.18,3.21,3.12,8168,2586521.5,2.84,0.32,0.01,0.38
2003-12-02,000529,3.18,3.23,3.23,3.12,11605,3686402.5,3.46,1.57,0.05,0.54
2003-12-03,000529,3.23,3.25,3.26,3.18,8384,2692944.2,2.48,0.62,0.02,0.39
2003-12-05,000529,3.41,3.41,3.41,3.37,27086,9233086.0,1.23,4.92,0.16,1.25
2003-12-08,000529,3.45,3.48,3.56,3.4,29857,10374785.0,4.69,2.05,0.07,1.38
2003-12-09,000529,3.46,3.46,3.6,3.44,19769,6910265.0,4.6,-0.57,-0.02,0.91
2003-12-10,000529,3.45,3.42,3.49,3.39,13100,4489062.0,2.89,-1.16,-0.04,0.61
2003-12-11,000529,3.4,3.42,3.44,3.39,5724,1953061.8,1.46,0.0,0.0,0.26
2003-12-12,000529,3.43,3.43,3.55,3.41,7404,2576878.2,4.09,0.29,0.01,0.34
2003-12-15,000529,3.42,3.41,3.45,3.4,4805,1642701.0,1.46,-0.58,-0.02,0.22
2003-12-16,000529,3.41,3.37,3.47,3.34,6782,2295090.8,3.81,-1.17,-0.04,0.31
2003-12-17,000529,3.36,3.37,3.4,3.35,4583,1546820.5,1.48,0.0,0.0,0.21
2003-12-18,000529,3.34,3.23,3.37,3.2,16433,5321232.0,5.04,-4.15,-0.14,0.76
2003-12-19,000529,3.18,3.1,3.2,3.07,14180,4404438.5,4.02,-4.02,-0.13,0.66
2003-12-22,000529,3.08,3.1,3.11,2.95,18499,5542037.0,5.16,0.0,0.0,0.86
2003-12-23,000529,3.09,3.13,3.17,3.02,7113,2215363.2,4.84,0.97,0.03,0.33
2003-12-24,000529,3.14,3.07,3.17,3.05,13910,4288852.0,3.83,-1.92,-0.06,0.64
2003-12-25,000529,3.1,3.22,3.22,3.07,13950,4392451.0,4.89,4.89,0.15,0.65
2003-12-26,000529,3.38,3.38,3.38,3.38,8257,2790744.2,0.0,4.97,0.16,0.38
2003-12-29,000529,3.53,3.43,3.55,3.39,52049,18075998.0,4.73,1.48,0.05,2.41
2003-12-30,000529,3.44,3.35,3.48,3.31,16668,5616855.0,4.96,-2.33,-0.08,0.77
2003-12-31,000529,3.35,3.33,3.38,3.28,10624,3526351.8,2.99,-0.6,-0.02,0.49
2004-01-02,000529,3.33,3.38,3.39,3.28,8127,2700768.5,3.3,1.5,0.05,0.38
2004-01-05,000529,3.38,3.37,3.38,3.3,10529,3510052.0,2.37,-0.3,-0.01,0.49
2004-01-06,000529,3.38,3.43,3.45,3.3,16037,5391490.0,4.45,1.78,0.06,0.74
2004-01-07,000529,3.4,3.37,3.44,3.31,10327,3483068.2,3.79,-1.75,-0.06,0.48
2004-01-08,000529,3.34,3.35,3.39,3.33,10008,3361823.2,1.78,-0.59,-0.02,0.46
2004-01-09,000529,3.34,3.39,3.42,3.32,11286,3818464.8,2.99,1.19,0.04,0.52
2004-01-12,000529,3.39,3.42,3.45,3.34,12638,4315934.0,3.24,0.88,0.03,0.58
2004-01-13,000529,3.41,3.5,3.51,3.41,13972,4846282.5,2.92,2.34,0.08,0.65
2004-01-14,000529,3.48,3.52,3.56,3.43,12725,4445239.5,3.71,0.57,0.02,0.59
2004-01-15,000529,3.5,3.47,3.54,3.46,8660,3021227.2,2.27,-1.42,-0.05,0.4
2004-01-16,000529,3.44,3.45,3.48,3.43,9533,3291354.5,1.44,-0.58,-0.02,0.44
2004-01-29,000529,3.45,3.51,3.55,3.43,11746,4126208.2,3.48,1.74,0.06,0.54
2004-01-30,000529,3.51,3.58,3.59,3.47,17034,6005140.0,3.42,1.99,0.07,0.79
2004-02-02,000529,3.6,3.67,3.73,3.54,30355,11034497.0,5.31,2.51,0.09,1.4
2004-02-03,000529,3.58,3.68,3.71,3.58,15584,5674508.0,3.54,0.27,0.01,0.72
2004-02-04,000529,3.68,3.73,3.75,3.64,17444,6463578.0,2.99,1.36,0.05,0.81
2004-02-05,000529,3.73,3.85,3.91,3.69,32720,12534581.0,5.9,3.22,0.12,1.51
2004-02-06,000529,3.85,3.74,3.88,3.73,26766,10163862.0,3.9,-2.86,-0.11,1.24
2004-02-09,000529,3.72,3.8,3.87,3.63,17333,6552116.5,6.42,1.6,0.06,0.8
2004-02-10,000529,3.8,3.89,3.92,3.77,23343,9003997.0,3.95,2.37,0.09,1.08
2004-02-11,000529,3.89,3.92,3.95,3.85,24511,9557921.0,2.57,0.77,0.03,1.13
2004-02-12,000529,3.92,4.02,4.11,3.88,37248,14949837.0,5.87,2.55,0.1,1.72
2004-02-13,000529,4.02,3.87,4.02,3.83,25401,9882231.0,4.73,-3.73,-0.15,1.18
2004-02-16,000529,3.88,3.93,3.95,3.88,11932,4679632.0,1.81,1.55,0.06,0.55
2004-02-17,000529,3.93,3.97,4.1,3.93,34492,13804139.0,4.33,1.02,0.04,1.6
2004-02-18,000529,3.97,3.95,4.01,3.88,34258,13443957.0,3.27,-0.5,-0.02,1.59
2004-02-19,000529,3.97,3.93,3.97,3.9,16356,6434849.0,1.77,-0.51,-0.02,0.76
2004-02-20,000529,3.93,4.03,4.05,3.93,39718,15968496.0,3.05,2.54,0.1,1.84
2004-02-23,000529,4.08,4.05,4.09,4.0,31930,12952393.0,2.23,0.5,0.02,1.48
2004-02-24,000529,4.05,4.06,4.11,3.98,36126,14574027.0,3.21,0.25,0.01,1.67
2004-02-25,000529,4.1,4.25,4.26,4.09,123258,51673448.0,4.19,4.68,0.19,5.7
2004-02-26,000529,4.25,4.04,4.25,4.04,60856,24904582.0,4.94,-4.94,-0.21,2.82
2004-02-27,000529,3.99,4.0,4.07,3.84,34084,13495047.0,5.69,-0.99,-0.04,1.58
2004-03-01,000529,4.0,4.03,4.03,3.92,15090,6009079.5,2.75,0.75,0.03,0.7
2004-03-02,000529,4.03,4.01,4.08,3.99,18457,7425729.0,2.23,-0.5,-0.02,0.85
2004-03-03,000529,3.98,3.89,4.03,3.89,15780,6243429.0,3.49,-2.99,-0.12,0.73
2004-03-04,000529,3.88,3.97,3.98,3.87,12402,4849618.5,2.83,2.06,0.08,0.57
2004-03-05,000529,3.97,3.95,3.97,3.91,9186,3620588.5,1.51,-0.5,-0.02,0.43
2004-03-08,000529,3.91,3.78,3.92,3.78,14239,5472578.0,3.54,-4.3,-0.17,0.66
2004-03-09,000529,3.75,3.77,3.84,3.75,10264,3891594.0,2.38,-0.26,-0.01,0.48
2004-03-10,000529,3.76,3.81,3.82,3.74,8829,3346927.2,2.12,1.06,0.04,0.41
2004-03-11,000529,3.79,3.9,3.91,3.79,11802,4590671.0,3.15,2.36,0.09,0.55
2004-03-12,000529,3.88,3.89,3.92,3.86,8160,3174851.2,1.54,-0.26,-0.01,0.38
2004-03-15,000529,3.9,3.97,3.99,3.9,11222,4450679.5,2.31,2.06,0.08,0.52
2004-03-16,000529,3.99,4.05,4.08,3.97,22549,9093867.0,2.77,2.02,0.08,1.04
2004-03-17,000529,4.08,4.02,4.08,3.99,19975,8050154.0,2.22,-0.74,-0.03,0.92
2004-03-18,000529,4.0,3.96,4.05,3.9,23288,9192987.0,3.73,-1.49,-0.06,1.08
2004-03-19,000529,4.0,4.0,4.03,3.95,21615,8617209.0,2.02,1.01,0.04,1.0
2004-03-22,000529,4.02,4.13,4.15,3.99,37480,15174249.0,4.0,3.25,0.13,1.73
2004-03-23,000529,4.13,4.34,4.34,4.09,135477,58226840.0,6.05,5.08,0.21,6.27
2004-03-25,000529,4.4,4.21,4.42,4.17,77516,33055364.0,5.76,-3.0,-0.13,3.59
2004-03-26,000529,4.2,4.13,4.23,4.11,25851,10694524.0,2.85,-1.9,-0.08,1.2
2004-03-29,000529,4.1,4.1,4.18,4.09,20231,8345008.5,2.18,-0.73,-0.03,0.94
2004-03-30,000529,4.1,4.07,4.15,4.04,13862,5643420.0,2.68,-0.73,-0.03,0.64
2004-03-31,000529,4.07,4.09,4.13,4.07,15917,6524872.0,1.47,0.49,0.02,0.74
2004-04-01,000529,4.1,4.13,4.17,4.1,17076,7044065.0,1.71,0.98,0.04,0.79
2004-04-02,000529,4.15,4.15,4.16,4.09,20864,8585447.0,1.69,0.48,0.02,0.97
2004-04-05,000529,4.15,4.2,4.24,4.13,28161,11817309.0,2.65,1.2,0.05,1.3
2004-04-06,000529,4.2,4.24,4.24,4.15,18257,7656308.5,2.14,0.95,0.04,0.85
2004-04-07,000529,4.22,4.2,4.24,4.15,19334,8111244.5,2.12,-0.94,-0.04,0.89
2004-04-08,000529,4.18,4.19,4.25,4.17,22620,9512820.0,1.9,-0.24,-0.01,1.05
2004-04-09,000529,4.17,4.02,4.19,4.0,25523,10431685.0,4.53,-4.06,-0.17,1.18
2004-04-12,000529,4.02,4.0,4.07,3.97,21568,8636540.0,2.49,-0.5,-0.02,1.0
2004-04-13,000529,4.0,3.99,4.04,3.97,10196,4077235.2,1.75,-0.25,-0.01,0.47
2004-04-14,000529,3.98,3.85,3.98,3.79,24218,9371379.0,4.76,-3.51,-0.14,1.12
2004-04-15,000529,3.85,3.81,3.9,3.8,10440,4013711.0,2.6,-1.04,-0.04,0.48
2004-04-16,000529,3.81,3.8,3.83,3.68,16461,6174828.5,3.94,-0.26,-0.01,0.76
2004-04-19,000529,3.85,3.78,3.87,3.76,10458,3985039.2,2.89,-0.53,-0.02,0.48
2004-04-20,000529,3.78,3.84,3.84,3.73,7668,2915286.5,2.91,1.59,0.06,0.35
2004-04-21,000529,3.83,3.82,3.83,3.73,7610,2875641.8,2.6,-0.52,-0.02,0.35
2004-04-22,000529,3.82,3.79,3.82,3.7,8670,3254590.5,3.14,-0.79,-0.03,0.4
2004-04-23,000529,3.78,3.62,3.78,3.6,13955,5112553.0,4.75,-4.49,-0.17,0.65
2004-04-26,000529,3.6,3.63,3.68,3.6,5432,1972920.1,2.21,0.28,0.01,0.25
2004-04-27,000529,3.64,3.52,3.68,3.5,9528,3409939.0,4.96,-3.03,-0.11,0.44
2004-04-28,000529,3.5,3.68,3.7,3.5,13312,4798999.5,5.68,4.55,0.16,0.62
2004-04-29,000529,3.65,3.59,3.68,3.59,7583,2749075.8,2.45,-2.45,-0.09,0.35
2004-04-30,000529,3.65,3.61,3.68,3.5,6005,2153455.5,5.01,0.56,0.02,0.28
2004-05-10,000529,3.61,3.57,3.65,3.55,4365,1572064.6,2.77,-1.11,-0.04,0.2
2004-05-11,000529,3.57,3.63,3.64,3.5,5962,2128738.8,3.92,1.68,0.06,0.28
2004-05-12,000529,3.6,3.68,3.7,3.56,9042,3306272.8,3.86,1.38,0.05,0.42
2004-05-13,000529,3.68,3.65,3.68,3.63,3696,1350781.6,1.36,-0.82,-0.03,0.17
2004-05-14,000529,3.66,3.59,3.66,3.57,5099,1840109.4,2.47,-1.64,-0.06,0.24
2004-05-17,000529,3.57,3.57,3.61,3.56,3784,1356899.6,1.39,-0.56,-0.02,0.18
2004-05-18,000529,3.55,3.62,3.62,3.53,3843,1378102.6,2.52,1.4,0.05,0.18
2004-05-19,000529,3.6,3.63,3.68,3.6,4394,1597724.0,2.21,0.28,0.01,0.2
2004-05-20,000529,3.63,3.58,3.64,3.55,3419,1230034.5,2.48,-1.38,-0.05,0.16
2004-05-21,000529,3.58,3.63,3.64,3.55,3458,1233319.6,2.51,1.4,0.05,0.16
2004-05-24,000529,3.63,3.56,3.63,3.55,2375,848987.4,2.2,-1.93,-0.07,0.11
2004-05-25,000529,3.56,3.38,3.56,3.38,12167,4203906.0,5.06,-5.06,-0.18,0.56
2004-05-26,000529,3.36,3.39,3.4,3.33,4155,1400174.9,2.07,0.3,0.01,0.19
2004-05-27,000529,3.4,3.44,3.45,3.34,4470,1525975.9,3.24,1.47,0.05,0.21
2004-05-28,000529,3.42,3.41,3.45,3.4,3901,1334841.2,1.45,-0.87,-0.03,0.18
2004-05-31,000529,3.41,3.39,3.42,3.35,3675,1246824.8,2.05,-0.59,-0.02,0.17
2004-06-01,000529,3.36,3.43,3.43,3.35,5253,1786268.8,2.36,1.18,0.04,0.24
2004-06-02,000529,3.43,3.35,3.43,3.33,8215,2765840.5,2.92,-2.33,-0.08,0.38
2004-06-03,000529,3.35,3.38,3.4,3.33,6097,2039465.9,2.09,0.9,0.03,0.28
2004-06-04,000529,3.34,3.34,3.37,3.33,4031,1348579.5,1.18,-1.18,-0.04,0.19
2004-06-07,000529,3.34,3.32,3.39,3.27,8295,2758183.8,3.59,-0.6,-0.02,0.38
2004-06-08,000529,3.32,3.25,3.34,3.25,5539,1822912.8,2.71,-2.11,-0.07,0.26
2004-06-09,000529,3.25,3.14,3.27,3.13,16162,5141257.5,4.31,-3.38,-0.11,0.75
2004-06-10,000529,3.14,3.15,3.18,3.12,5406,1699332.1,1.91,0.32,0.01,0.25
2004-06-11,000529,3.15,3.13,3.19,3.12,5188,1638185.5,2.22,-0.63,-0.02,0.24
2004-06-14,000529,3.1,3.0,3.12,2.97,9407,2830144.0,4.79,-4.15,-0.13,0.44
2004-06-15,000529,3.0,3.06,3.06,2.96,6083,1832583.4,3.33,2.0,0.06,0.28
2004-06-16,000529,3.04,3.06,3.08,3.0,4213,1283114.5,2.61,0.0,0.0,0.2
2004-06-17,000529,3.02,3.0,3.06,2.98,4638,1399638.1,2.61,-1.96,-0.06,0.21
2004-06-18,000529,3.0,3.0,3.02,2.97,4362,1304624.0,1.67,0.0,0.0,0.2
2004-06-21,000529,3.0,3.04,3.04,3.0,2739,826154.2,1.33,1.33,0.04,0.13
2004-06-22,000529,3.03,3.06,3.08,3.03,2829,865705.6,1.64,0.66,0.02,0.13
2004-06-23,000529,3.05,3.03,3.06,2.99,3283,989045.6,2.29,-0.98,-0.03,0.15
2004-06-24,000529,3.03,3.01,3.06,3.0,2870,866324.0,1.98,-0.66,-0.02,0.13
2004-06-25,000529,3.0,2.98,3.03,2.96,5250,1566210.6,2.33,-1.0,-0.03,0.24
2004-06-28,000529,2.96,2.86,2.97,2.84,6223,1792853.6,4.36,-4.03,-0.12,0.29
2004-06-29,000529,2.86,2.89,2.9,2.83,3529,1011538.8,2.45,1.05,0.03,0.16
2004-07-01,000529,2.85,2.96,2.97,2.81,8098,2374265.8,5.54,2.42,0.07,0.37
2004-07-02,000529,2.96,2.98,2.99,2.94,3973,1175956.9,1.69,0.68,0.02,0.18
2004-07-05,000529,2.98,2.97,2.98,2.92,1885,554611.0,2.01,-0.34,-0.01,0.09
2004-07-06,000529,2.99,3.02,3.05,2.97,5028,1515156.8,2.69,1.68,0.05,0.23
2004-07-07,000529,3.02,3.0,3.07,2.98,4418,1333746.9,2.98,-0.66,-0.02,0.2
2004-07-08,000529,3.01,2.99,3.01,2.95,2368,705106.1,2.0,-0.33,-0.01,0.11
2004-07-09,000529,2.96,2.93,3.0,2.92,3672,1083122.8,2.68,-2.01,-0.06,0.17
2004-07-12,000529,2.91,2.88,2.91,2.86,2432,700875.1,1.71,-1.71,-0.05,0.11
2004-07-13,000529,2.9,2.9,2.93,2.86,2326,672577.6,2.43,0.69,0.02,0.11
2004-07-14,000529,2.9,2.84,2.92,2.81,3750,1068180.0,3.79,-2.07,-0.06,0.17
2004-07-15,000529,2.84,2.88,2.89,2.83,3543,1012939.2,2.11,1.41,0.04,0.16
2004-07-16,000529,2.86,2.97,2.98,2.83,6680,1952518.4,5.21,3.13,0.09,0.31
2004-07-19,000529,2.96,2.97,2.97,2.92,4083,1202042.8,1.68,0.0,0.0,0.19
2004-07-20,000529,2.95,2.92,2.97,2.9,4236,1238062.8,2.36,-1.68,-0.05,0.2
2004-07-21,000529,2.91,2.94,2.96,2.91,2695,790406.8,1.71,0.68,0.02,0.12
2004-07-22,000529,2.95,2.92,3.0,2.91,5683,1684325.1,3.06,-0.68,-0.02,0.26
2004-07-23,000529,2.92,3.05,3.06,2.89,9571,2859201.0,5.82,4.45,0.13,0.44
2004-07-26,000529,3.04,3.13,3.14,2.98,15896,4885975.0,5.25,2.62,0.08,0.74
2004-07-27,000529,3.14,3.25,3.29,3.06,50023,16138482.0,7.35,3.83,0.12,2.32
2004-07-28,000529,3.16,3.09,3.17,3.09,16349,5082772.5,2.46,-4.92,-0.16,0.76
2004-07-29,000529,3.04,3.02,3.05,2.94,21145,6302786.5,3.56,-2.27,-0.07,0.98
2004-07-30,000529,3.02,2.99,3.03,2.98,6068,1816490.2,1.66,-0.99,-0.03,0.28
2004-08-02,000529,2.98,2.92,2.98,2.91,4898,1438843.1,2.34,-2.34,-0.07,0.23
2004-08-03,000529,2.92,2.94,2.95,2.89,3726,1089863.8,2.05,0.68,0.02,0.17
2004-08-04,000529,2.94,3.0,3.01,2.92,10140,3020421.8,3.06,2.04,0.06,0.47
2004-08-05,000529,2.99,2.97,3.03,2.95,5159,1536132.2,2.67,-1.0,-0.03,0.24
2004-08-06,000529,2.98,2.97,2.99,2.93,5009,1479597.2,2.02,0.0,0.0,0.23
2004-08-09,000529,2.95,2.98,2.98,2.93,3867,1140781.2,1.68,0.34,0.01,0.18
2004-08-10,000529,2.98,2.98,2.99,2.95,3155,938466.9,1.34,0.0,0.0,0.15
2004-08-11,000529,2.98,2.94,2.98,2.93,3013,886606.5,1.68,-1.34,-0.04,0.14
2004-08-12,000529,2.94,2.93,2.95,2.88,7399,2147086.8,2.38,-0.34,-0.01,0.34
2004-08-13,000529,2.92,2.98,2.98,2.92,7943,2349199.8,2.05,1.71,0.05,0.37
2004-08-16,000529,2.96,2.91,2.97,2.9,2633,770821.9,2.35,-2.35,-0.07,0.12
2004-08-17,000529,2.91,2.91,2.95,2.88,2227,649778.3,2.41,0.0,0.0,0.1
2004-08-18,000529,2.9,2.89,2.94,2.89,2757,802460.8,1.72,-0.69,-0.02,0.13
2004-08-19,000529,2.88,2.85,2.91,2.82,5742,1640928.5,3.11,-1.38,-0.04,0.27
2004-08-20,000529,2.84,2.87,2.95,2.83,4784,1374326.2,4.21,0.7,0.02,0.22
2004-08-23,000529,2.87,2.92,2.93,2.87,2873,831917.2,2.09,1.74,0.05,0.13
2004-08-24,000529,2.92,3.02,3.07,2.92,13935,4168896.0,5.14,3.42,0.1,0.64
2004-08-25,000529,3.04,2.99,3.05,2.98,8715,2626536.2,2.32,-0.99,-0.03,0.4
2004-08-26,000529,3.0,2.95,3.0,2.94,2938,871932.0,2.01,-1.34,-0.04,0.14
2004-08-27,000529,2.94,2.92,2.97,2.9,3509,1023720.0,2.37,-1.02,-0.03,0.16
2004-08-30,000529,2.88,2.94,2.95,2.88,2142,625751.9,2.4,0.68,0.02,0.1
2004-08-31,000529,2.95,2.99,3.05,2.95,9492,2835554.2,3.4,1.7,0.05,0.44
2004-09-01,000529,2.99,2.93,3.0,2.92,2998,883260.5,2.68,-2.01,-0.06,0.14
2004-09-02,000529,2.92,2.99,3.0,2.91,3022,896293.7,3.07,2.05,0.06,0.14
2004-09-03,000529,3.0,3.02,3.03,2.97,7357,2216468.2,2.01,1.0,0.03,0.34
2004-09-06,000529,3.01,3.04,3.08,3.01,7913,2410202.0,2.32,0.66,0.02,0.37
2004-09-07,000529,3.04,3.04,3.06,3.01,5231,1584787.0,1.64,0.0,0.0,0.24
2004-09-08,000529,3.03,3.04,3.06,3.01,4411,1336207.9,1.64,0.0,0.0,0.2
2004-09-09,000529,3.02,2.98,3.04,2.97,3727,1120045.5,2.3,-1.97,-0.06,0.17
2004-09-10,000529,2.99,3.02,3.05,2.95,3147,945512.1,3.36,1.34,0.04,0.15
2004-09-13,000529,3.01,2.98,3.03,2.98,4427,1328426.1,1.66,-1.32,-0.04,0.2
2004-09-14,000529,2.98,3.08,3.09,2.98,13602,4154838.0,3.69,3.36,0.1,0.63
2004-09-15,000529,3.07,3.18,3.23,3.06,29589,9343368.0,5.52,3.25,0.1,1.37
2004-09-16,000529,3.18,3.15,3.19,3.1,15614,4906643.0,2.83,-0.94,-0.03,0.72
2004-09-17,000529,3.16,3.21,3.21,3.13,18862,5988170.0,2.54,1.9,0.06,0.87
2004-09-20,000529,3.23,3.28,3.29,3.17,26883,8669024.0,3.74,2.18,0.07,1.24
2004-09-21,000529,3.28,3.22,3.28,3.2,22297,7208080.0,2.44,-1.83,-0.06,1.03
2004-09-22,000529,3.22,3.13,3.24,3.12,17806,5638566.5,3.73,-2.8,-0.09,0.82
2004-09-23,000529,3.13,3.19,3.2,3.12,10750,3399997.2,2.56,1.92,0.06,0.5
2004-09-24,000529,3.21,3.11,3.24,3.11,18175,5750428.5,4.08,-2.51,-0.08,0.84
2004-09-27,000529,3.12,3.08,3.17,3.05,11453,3543176.8,3.86,-0.96,-0.03,0.53
2004-09-28,000529,3.08,3.08,3.1,3.06,5782,1779430.5,1.3,0.0,0.0,0.27
2004-09-29,000529,3.08,3.1,3.12,3.07,10494,3248581.0,1.62,0.65,0.02,0.49
2004-09-30,000529,3.1,3.07,3.12,3.07,6117,1890964.0,1.61,-0.97,-0.03,0.28
2004-10-08,000529,3.09,3.14,3.17,3.06,11003,3439542.5,3.58,2.28,0.07,0.51
2004-10-11,000529,3.15,3.18,3.22,3.1,17348,5529113.5,3.82,1.27,0.04,0.8
2004-10-12,000529,3.18,3.19,3.19,3.14,8107,2564011.5,1.57,0.31,0.01,0.38
2004-10-13,000529,3.17,3.16,3.19,3.11,7302,2304289.5,2.51,-0.94,-0.03,0.34
2004-10-14,000529,3.15,3.0,3.15,3.0,11073,3374064.0,4.75,-5.06,-0.16,0.51
2004-10-15,000529,2.98,2.91,3.0,2.86,8074,2366733.2,4.67,-3.0,-0.09,0.37
2004-10-18,000529,2.91,2.93,2.95,2.88,3115,908205.5,2.41,0.69,0.02,0.14
2004-10-19,000529,3.04,2.99,3.07,2.95,8575,2580534.2,4.1,2.05,0.06,0.4
2004-10-20,000529,2.97,2.94,3.0,2.9,3141,922999.3,3.34,-1.67,-0.05,0.15
2004-10-21,000529,2.95,2.79,2.95,2.79,12276,3473759.0,5.44,-5.1,-0.15,0.57
2004-10-22,000529,2.75,2.72,2.75,2.65,18276,4880242.5,3.58,-2.51,-0.07,0.85
2004-10-25,000529,2.7,2.63,2.7,2.58,11427,3022211.5,4.41,-3.31,-0.09,0.53
2004-10-26,000529,2.62,2.68,2.68,2.5,9243,2368087.8,6.84,1.9,0.05,0.43
2004-10-27,000529,2.65,2.79,2.81,2.63,10299,2821183.8,6.72,4.1,0.11,0.48
2004-10-28,000529,2.79,2.7,2.79,2.68,9397,2545119.5,3.94,-3.23,-0.09,0.43
2004-10-29,000529,2.64,2.59,2.68,2.57,8693,2283766.0,4.07,-4.07,-0.11,0.4
2004-11-01,000529,2.59,2.66,2.68,2.55,5035,1310976.2,5.02,2.7,0.07,0.23
2004-11-02,000529,2.66,2.65,2.66,2.58,4505,1178341.0,3.01,-0.38,-0.01,0.21
2004-11-03,000529,2.65,2.66,2.68,2.61,3598,953003.9,2.64,0.38,0.01,0.17
2004-11-04,000529,2.68,2.63,2.7,2.58,5628,1479732.5,4.51,-1.13,-0.03,0.26
2004-11-05,000529,2.58,2.61,2.62,2.58,1455,378468.5,1.52,-0.76,-0.02,0.07
2004-11-08,000529,2.58,2.59,2.62,2.57,1704,442040.8,1.92,-0.77,-0.02,0.08
2004-11-09,000529,2.62,2.6,2.62,2.57,3250,843743.2,1.93,0.39,0.01,0.15
2004-11-10,000529,2.6,2.67,2.68,2.59,6849,1808960.1,3.46,2.69,0.07,0.32
2004-11-11,000529,2.67,2.67,2.72,2.63,14654,3926620.5,3.37,0.0,0.0,0.68
2004-11-12,000529,2.67,2.68,2.69,2.63,6509,1732753.2,2.25,0.37,0.01,0.3
2004-11-15,000529,2.7,2.7,2.72,2.66,5428,1458781.9,2.24,0.75,0.02,0.25
2004-11-16,000529,2.7,2.77,2.78,2.67,11378,3119642.2,4.07,2.59,0.07,0.53
2004-11-17,000529,2.74,2.74,2.77,2.71,10309,2831758.8,2.17,-1.08,-0.03,0.48
2004-11-18,000529,2.73,2.75,2.77,2.73,4741,1305336.9,1.46,0.36,0.01,0.22
2004-11-19,000529,2.77,2.76,2.77,2.72,6680,1835062.6,1.82,0.36,0.01,0.31
2004-11-22,000529,2.79,2.79,2.81,2.75,8632,2411857.8,2.17,1.09,0.03,0.4
2004-11-23,000529,2.9,2.93,2.93,2.86,52084,15176459.0,2.51,5.02,0.14,2.41
2004-11-24,000529,2.95,2.79,2.98,2.79,31825,9206331.0,6.48,-4.78,-0.14,1.47
2004-11-25,000529,2.78,2.76,2.78,2.72,9862,2720551.8,2.15,-1.08,-0.03,0.46
2004-11-26,000529,2.73,2.78,2.81,2.73,4941,1374817.1,2.9,0.72,0.02,0.23
2004-11-29,000529,2.78,2.81,2.84,2.75,4244,1185905.0,3.24,1.08,0.03,0.2
2004-11-30,000529,2.81,2.76,2.82,2.73,6570,1816878.6,3.2,-1.78,-0.05,0.3
2004-12-01,000529,2.76,2.77,2.79,2.74,2749,759828.4,1.81,0.36,0.01,0.13
2004-12-02,000529,2.76,2.77,2.78,2.73,4438,1218818.8,1.81,0.0,0.0,0.21
2004-12-03,000529,2.77,2.79,2.8,2.75,7253,2012614.9,1.81,0.72,0.02,0.34
2004-12-06,000529,2.8,2.84,2.86,2.78,4892,1381440.4,2.87,1.79,0.05,0.23
2004-12-07,000529,2.83,2.76,2.84,2.75,6927,1942399.8,3.17,-2.82,-0.08,0.32
2004-12-08,000529,2.74,2.79,2.8,2.74,3865,1073693.0,2.17,1.09,0.03,0.18
2004-12-09,000529,2.8,2.78,2.83,2.74,6823,1897078.1,3.23,-0.36,-0.01,0.32
2004-12-10,000529,2.78,2.78,2.8,2.76,3087,856569.0,1.44,0.0,0.0,0.14
2004-12-13,000529,2.7,2.73,2.75,2.7,4396,1196592.0,1.8,-1.8,-0.05,0.2
2004-12-14,000529,2.71,2.72,2.74,2.66,3532,958505.1,2.93,-0.37,-0.01,0.16
2004-12-15,000529,2.68,2.66,2.7,2.63,4046,1075323.0,2.57,-2.21,-0.06,0.19
2004-12-16,000529,2.67,2.72,2.74,2.63,7606,2019307.6,4.14,2.26,0.06,0.35
2004-12-17,000529,2.71,2.67,2.71,2.67,12280,3301969.5,1.47,-1.84,-0.05,0.57
2004-12-20,000529,2.68,2.67,2.7,2.63,4320,1147544.8,2.62,0.0,0.0,0.2
2004-12-21,000529,2.65,2.66,2.69,2.61,2692,713240.4,3.0,-0.37,-0.01,0.12
2004-12-22,000529,2.65,2.71,2.72,2.65,3178,854911.4,2.63,1.88,0.05,0.15
2004-12-23,000529,2.71,2.64,2.73,2.64,2564,683589.4,3.32,-2.58,-0.07,0.12
2004-12-24,000529,2.62,2.67,2.68,2.62,2928,772724.1,2.27,1.14,0.03,0.14
2004-12-27,000529,2.67,2.7,2.72,2.65,6243,1667864.5,2.62,1.12,0.03,0.29
2004-12-28,000529,2.72,2.77,2.78,2.69,21903,5995724.5,3.33,2.59,0.07,1.01
2004-12-29,000529,2.75,2.73,2.75,2.72,5586,1526337.6,1.08,-1.44,-0.04,0.26
2004-12-30,000529,2.72,2.72,2.74,2.7,2686,728971.0,1.47,-0.37,-0.01,0.12
2004-12-31,000529,2.71,2.64,2.72,2.64,4116,1096476.4,2.94,-2.94,-0.08,0.19
2005-01-04,000529,2.62,2.56,2.62,2.51,4419,1133204.0,4.17,-3.03,-0.08,0.2
2005-01-05,000529,2.54,2.6,2.62,2.53,3240,834684.5,3.52,1.56,0.04,0.15
2005-01-06,000529,2.6,2.56,2.61,2.55,2668,686972.3,2.31,-1.54,-0.04,0.12
2005-01-07,000529,2.56,2.6,2.62,2.55,2380,617736.5,2.73,1.56,0.04,0.11
2005-01-10,000529,2.58,2.63,2.65,2.55,5052,1307307.1,3.85,1.15,0.03,0.23
2005-01-11,000529,2.6,2.62,2.64,2.56,4117,1076750.0,3.04,-0.38,-0.01,0.19
2005-01-12,000529,2.62,2.62,2.65,2.58,3100,808329.2,2.67,0.0,0.0,0.14
2005-01-13,000529,2.6,2.59,2.6,2.58,4263,1103166.5,0.76,-1.15,-0.03,0.2
2005-01-14,000529,2.59,2.57,2.62,2.55,3937,1019378.5,2.7,-0.77,-0.02,0.18
2005-01-17,000529,2.5,2.48,2.56,2.44,8116,2004564.2,4.67,-3.5,-0.09,0.38
2005-01-18,000529,2.48,2.6,2.6,2.43,9346,2347569.0,6.85,4.84,0.12,0.43
2005-01-19,000529,2.62,2.57,2.65,2.55,11603,3019555.2,3.85,-1.15,-0.03,0.54
2005-01-20,000529,2.55,2.56,2.59,2.53,4452,1135093.1,2.33,-0.39,-0.01,0.21
2005-01-21,000529,2.54,2.6,2.61,2.5,6374,1635460.0,4.3,1.56,0.04,0.3
2005-01-24,000529,2.61,2.65,2.65,2.61,8104,2126563.5,1.54,1.92,0.05,0.38
2005-01-25,000529,2.63,2.61,2.64,2.6,3140,821840.6,1.51,-1.51,-0.04,0.15
2005-01-26,000529,2.59,2.67,2.68,2.57,10826,2836842.2,4.21,2.3,0.06,0.5
2005-01-27,000529,2.65,2.65,2.69,2.63,22780,6052115.0,2.25,-0.75,-0.02,1.05
2005-01-28,000529,2.64,2.54,2.65,2.52,9457,2446409.2,4.91,-4.15,-0.11,0.44
2005-01-31,000529,2.51,2.46,2.52,2.44,6027,1485829.0,3.15,-3.15,-0.08,0.28
2005-02-01,000529,2.45,2.4,2.47,2.38,5649,1371208.2,3.66,-2.44,-0.06,0.26
2005-02-02,000529,2.41,2.49,2.51,2.41,8528,2102123.2,4.17,3.75,0.09,0.39
2005-02-03,000529,2.5,2.43,2.52,2.42,6048,1494094.0,4.02,-2.41,-0.06,0.28
2005-02-04,000529,2.45,2.48,2.49,2.42,4108,1010909.1,2.88,2.06,0.05,0.19
2005-02-16,000529,2.5,2.5,2.52,2.48,7690,1921614.8,1.61,0.81,0.02,0.36
2005-02-17,000529,2.51,2.5,2.51,2.48,3110,775266.5,1.2,0.0,0.0,0.14
2005-02-18,000529,2.53,2.46,2.53,2.45,4046,1004980.1,3.2,-1.6,-0.04,0.19
2005-02-21,000529,2.46,2.5,2.51,2.46,4332,1080305.5,2.03,1.63,0.04,0.2
2005-02-22,000529,2.5,2.54,2.56,2.5,7103,1800047.6,2.4,1.6,0.04,0.33
2005-02-23,000529,2.55,2.56,2.58,2.53,7862,2011495.8,1.97,0.79,0.02,0.36
2005-02-24,000529,2.55,2.57,2.59,2.54,6293,1614810.8,1.95,0.39,0.01,0.29
2005-02-25,000529,2.57,2.55,2.61,2.55,8343,2155762.8,2.33,-0.78,-0.02,0.39
2005-02-28,000529,2.56,2.57,2.59,2.54,5279,1354305.5,1.96,0.78,0.02,0.24
2005-03-01,000529,2.56,2.59,2.59,2.49,7759,1978027.2,3.89,0.78,0.02,0.36
2005-03-02,000529,2.57,2.54,2.6,2.54,7504,1921611.6,2.32,-1.93,-0.05,0.35
2005-03-03,000529,2.52,2.53,2.55,2.51,7360,1860622.1,1.57,-0.39,-0.01,0.34
2005-03-04,000529,2.55,2.61,2.66,2.55,31848,8349198.5,4.35,3.16,0.08,1.47
2005-03-07,000529,2.62,2.59,2.62,2.59,7452,1936868.4,1.15,-0.77,-0.02,0.34
2005-03-08,000529,2.58,2.72,2.72,2.58,26020,6963019.0,5.41,5.02,0.13,1.2
2005-03-09,000529,2.73,2.68,2.74,2.67,54705,14821444.0,2.57,-1.47,-0.04,2.53
2005-03-10,000529,2.68,2.63,2.69,2.62,12333,3271885.5,2.61,-1.87,-0.05,0.57
2005-03-11,000529,2.63,2.64,2.65,2.61,8301,2187156.2,1.52,0.38,0.01,0.38
2005-03-14,000529,2.64,2.62,2.68,2.61,10117,2665929.5,2.65,-0.76,-0.02,0.47
2005-03-15,000529,2.62,2.54,2.64,2.49,12910,3290493.0,5.73,-3.05,-0.08,0.6
2005-03-16,000529,2.53,2.57,2.57,2.48,8995,2280945.8,3.54,1.18,0.03,0.42
2005-03-17,000529,2.55,2.55,2.57,2.52,4894,1246455.9,1.95,-0.78,-0.02,0.23
2005-03-18,000529,2.58,2.49,2.58,2.49,6993,1764235.2,3.53,-2.35,-0.06,0.32
2005-03-21,000529,2.5,2.55,2.55,2.5,4767,1204595.8,2.01,2.41,0.06,0.22
2005-03-22,000529,2.58,2.51,2.58,2.46,16228,4049478.2,4.71,-1.57,-0.04,0.75
2005-03-23,000529,2.51,2.38,2.51,2.38,18615,4481179.5,5.18,-5.18,-0.13,0.86
2005-03-24,000529,2.35,2.39,2.4,2.26,39855,9098755.0,5.88,0.42,0.01,1.84
2005-03-25,000529,2.27,2.27,2.27,2.27,16591,3766157.0,0.0,-5.02,-0.12,0.77
2005-03-28,000529,2.16,2.16,2.16,2.16,1356,292896.0,0.0,-4.85,-0.11,0.06
2005-03-29,000529,2.05,2.05,2.05,2.05,1188,243540.0,0.0,-5.09,-0.11,0.05
2005-03-30,000529,1.95,1.95,1.95,1.95,1995,389025.0,0.0,-4.88,-0.1,0.09
2005-03-31,000529,1.85,1.85,1.85,1.85,1369,253265.0,0.0,-5.13,-0.1,0.06
2005-04-04,000529,1.76,1.88,1.94,1.76,123114,22275430.0,9.73,1.62,0.03,5.7
2005-04-05,000529,1.79,1.88,1.89,1.79,66611,12120003.0,5.32,0.0,0.0,3.08
2005-04-06,000529,1.88,1.92,1.94,1.82,45610,8557314.0,6.38,2.13,0.04,2.11
2005-04-07,000529,1.95,1.93,1.97,1.89,36248,6986743.0,4.17,0.52,0.01,1.68
2005-04-08,000529,1.95,1.94,1.96,1.91,43538,8423073.0,2.59,0.52,0.01,2.02
2005-04-11,000529,2.04,2.04,2.04,2.04,15886,3240842.0,0.0,5.15,0.1,0.74
2005-04-12,000529,2.14,2.06,2.14,1.94,122611,25310626.0,9.8,0.98,0.02,5.67
2005-04-13,000529,2.06,2.05,2.11,1.98,131944,26830254.0,6.31,-0.49,-0.01,6.11
2005-04-14,000529,2.04,1.97,2.04,1.95,40634,8049873.5,4.39,-3.9,-0.08,1.88
2005-04-15,000529,1.96,1.87,1.96,1.87,33965,6396716.5,4.57,-5.08,-0.1,1.57
2005-04-18,000529,1.85,1.84,1.9,1.78,30201,5461657.5,6.42,-1.6,-0.03,1.4
2005-04-20,000529,1.75,1.75,1.83,1.75,20964,3694469.5,4.35,-4.89,-0.09,0.97
2005-04-21,000529,1.68,1.66,1.7,1.66,10933,1816842.0,2.29,-5.14,-0.09,0.51
2005-04-22,000529,1.58,1.58,1.58,1.58,3865,610670.0,0.0,-4.82,-0.08,0.18
2005-04-25,000529,1.5,1.5,1.5,1.5,1623,243450.0,0.0,-5.06,-0.08,0.08
2005-04-26,000529,1.43,1.43,1.43,1.43,5593,799799.0,0.0,-4.67,-0.07,0.26
2005-04-27,000529,1.36,1.39,1.49,1.36,42104,5885205.5,9.09,-2.8,-0.04,1.95
2005-04-28,000529,1.32,1.36,1.39,1.32,29250,3962832.2,5.04,-2.16,-0.03,1.35
2005-05-25,000529,1.29,1.36,1.39,1.29,83771,11027192.0,7.35,0.0,0.0,3.88
2005-05-26,000529,1.31,1.3,1.34,1.29,74930,9850947.0,3.68,-4.41,-0.06,3.47
2005-05-27,000529,1.28,1.24,1.31,1.24,53267,6737230.0,5.38,-4.62,-0.06,2.47
2005-05-30,000529,1.2,1.22,1.24,1.19,47644,5783988.5,4.03,-1.61,-0.02,2.21
2005-05-31,000529,1.22,1.28,1.28,1.22,64892,8228539.0,4.92,4.92,0.06,3.0
2005-06-01,000529,1.3,1.26,1.3,1.23,39071,4929492.0,5.47,-1.56,-0.02,1.81
2005-06-02,000529,1.25,1.22,1.25,1.2,27002,3309123.0,3.97,-3.17,-0.04,1.25
2005-06-03,000529,1.2,1.21,1.22,1.16,28839,3437977.5,4.92,-0.82,-0.01,1.33
2005-06-06,000529,1.21,1.2,1.21,1.16,27239,3213484.5,4.13,-0.83,-0.01,1.26
2005-06-07,000529,1.2,1.19,1.23,1.16,36389,4354891.5,5.83,-0.83,-0.01,1.68
2005-06-08,000529,1.18,1.25,1.25,1.17,74022,9086700.0,6.72,5.04,0.06,3.43
2005-06-09,000529,1.25,1.23,1.27,1.22,67214,8317733.5,4.0,-1.6,-0.02,3.11
2005-06-10,000529,1.22,1.24,1.26,1.22,48590,6022628.5,3.25,0.81,0.01,2.25
2005-06-13,000529,1.24,1.24,1.26,1.21,35204,4351264.5,4.03,0.0,0.0,1.63
2005-06-14,000529,1.24,1.26,1.29,1.22,68377,8643068.0,5.65,1.61,0.02,3.16
2005-06-15,000529,1.25,1.2,1.25,1.2,30632,3734552.0,3.97,-4.76,-0.06,1.42
2005-06-16,000529,1.18,1.16,1.19,1.14,50695,5854804.0,4.17,-3.33,-0.04,2.35
2005-06-17,000529,1.15,1.1,1.16,1.1,47631,5283149.0,5.17,-5.17,-0.06,2.2
2005-06-20,000529,1.06,1.07,1.09,1.05,50687,5370183.0,3.64,-2.73,-0.03,2.35
2005-06-21,000529,1.07,1.09,1.11,1.07,36308,3957624.2,3.74,1.87,0.02,1.68
2005-06-22,000529,1.08,1.14,1.14,1.07,71045,8028845.5,6.42,4.59,0.05,3.29
2005-06-23,000529,1.14,1.2,1.2,1.14,72970,8572112.0,5.26,5.26,0.06,3.38
2005-06-24,000529,1.24,1.17,1.25,1.15,100875,11989728.0,8.33,-2.5,-0.03,4.67
2005-06-27,000529,1.17,1.22,1.23,1.17,112236,13686151.0,5.13,4.27,0.05,5.19
2005-06-28,000529,1.2,1.16,1.21,1.16,37643,4449555.0,4.1,-4.92,-0.06,1.74
2005-06-29,000529,1.15,1.21,1.22,1.15,32645,3916237.0,6.03,4.31,0.05,1.51
2005-07-01,000529,1.18,1.15,1.19,1.15,28433,3294024.0,3.31,-4.96,-0.06,1.32
2005-07-04,000529,1.09,1.09,1.13,1.09,18719,2047299.4,3.48,-5.22,-0.06,0.87
2005-07-05,000529,1.06,1.08,1.1,1.04,17777,1904107.8,5.5,-0.92,-0.01,0.82
2005-07-06,000529,1.08,1.11,1.13,1.07,21303,2346794.5,5.56,2.78,0.03,0.99
2005-07-07,000529,1.1,1.09,1.11,1.08,14027,1523746.2,2.7,-1.8,-0.02,0.65
2005-07-08,000529,1.08,1.04,1.08,1.04,28328,2962196.2,3.67,-4.59,-0.05,1.31
2005-07-11,000529,1.02,0.99,1.04,0.99,61517,6127464.0,4.81,-4.81,-0.05,2.85
2005-07-12,000529,0.98,0.98,1.0,0.94,51518,4933480.5,6.06,-1.01,-0.01,2.38
2005-07-13,000529,0.98,1.0,1.02,0.98,38692,3870186.5,4.08,2.04,0.02,1.79
2005-07-14,000529,0.99,0.99,1.0,0.95,33071,3216690.2,5.0,-1.0,-0.01,1.53
2005-07-15,000529,0.99,1.0,1.03,0.95,53277,5290998.5,8.08,1.01,0.01,2.47
2005-07-18,000529,1.01,1.01,1.02,0.97,42597,4218691.5,5.0,1.0,0.01,1.97
2005-07-19,000529,1.01,1.0,1.01,0.98,20226,2014936.5,2.97,-0.99,-0.01,0.94
2005-07-20,000529,1.0,1.01,1.01,0.98,22113,2211200.5,3.0,1.0,0.01,1.02
2005-07-21,000529,1.01,1.01,1.04,0.99,73445,7418970.0,4.95,0.0,0.0,3.4
2005-07-22,000529,1.02,1.04,1.04,1.01,76052,7806112.5,2.97,2.97,0.03,3.52
2005-07-25,000529,1.04,1.01,1.04,1.0,30104,3045013.2,3.85,-2.88,-0.03,1.39
2005-07-26,000529,1.0,1.04,1.04,1.0,45401,4616338.0,3.96,2.97,0.03,2.1
2005-07-27,000529,1.03,1.02,1.03,1.01,31765,3237597.8,1.92,-1.92,-0.02,1.47
2005-07-28,000529,1.02,1.06,1.06,1.02,66882,6981315.5,3.92,3.92,0.04,3.1
2005-07-29,000529,1.06,1.03,1.06,1.02,29761,3075608.2,3.77,-2.83,-0.03,1.38
2005-08-01,000529,1.01,1.03,1.03,1.01,17900,1824456.2,1.94,0.0,0.0,0.83
2005-08-02,000529,1.03,1.04,1.04,1.01,22751,2329344.5,2.91,0.97,0.01,1.05
2005-08-03,000529,1.04,1.09,1.09,1.02,62920,6690640.5,6.73,4.81,0.05,2.91
2005-08-04,000529,1.14,1.14,1.14,1.14,13888,1583268.5,0.0,4.59,0.05,0.64
2005-08-05,000529,1.2,1.15,1.2,1.09,129105,14805198.0,9.65,0.88,0.01,5.98
2005-08-08,000529,1.14,1.14,1.16,1.12,34931,3970838.2,3.48,-0.87,-0.01,1.62
2005-08-09,000529,1.13,1.17,1.17,1.13,36967,4257897.0,3.51,2.63,0.03,1.71
2005-08-10,000529,1.17,1.22,1.23,1.16,64743,7784160.5,5.98,4.27,0.05,3.0
2005-08-11,000529,1.22,1.23,1.26,1.21,60861,7506498.0,4.1,0.82,0.01,2.82
2005-08-12,000529,1.23,1.17,1.24,1.17,45209,5410295.5,5.69,-4.88,-0.06,2.09
2005-08-15,000529,1.15,1.16,1.16,1.11,38003,4307382.0,4.27,-0.85,-0.01,1.76
2005-08-16,000529,1.15,1.16,1.19,1.15,42390,4965047.0,3.45,0.0,0.0,1.96
2005-08-17,000529,1.15,1.17,1.18,1.14,36375,4219923.5,3.45,0.86,0.01,1.68
2005-08-18,000529,1.16,1.19,1.23,1.14,92995,11357159.0,7.69,1.71,0.02,4.3
2005-08-19,000529,1.16,1.17,1.22,1.14,37729,4447727.5,6.72,-1.68,-0.02,1.75
2005-08-22,000529,1.16,1.2,1.2,1.14,31543,3697116.8,5.13,2.56,0.03,1.46
2005-08-23,000529,1.2,1.26,1.26,1.19,89496,11115679.0,5.83,5.0,0.06,4.14
2005-08-24,000529,1.28,1.24,1.29,1.2,52149,6447206.5,7.14,-1.59,-0.02,2.41
2005-08-25,000529,1.24,1.3,1.3,1.24,80006,10316311.0,4.84,4.84,0.06,3.7
2005-08-26,000529,1.31,1.37,1.37,1.3,58387,7925892.5,5.38,5.38,0.07,2.7
2005-08-29,000529,1.42,1.35,1.44,1.3,116322,16162141.0,10.22,-1.46,-0.02,5.38
2005-08-30,000529,1.29,1.28,1.32,1.28,62453,8033476.5,2.96,-5.19,-0.07,2.89
2005-08-31,000529,1.24,1.24,1.27,1.22,63939,7874911.0,3.91,-3.13,-0.04,2.96
2005-09-01,000529,1.24,1.29,1.3,1.24,35633,4550048.0,4.84,4.03,0.05,1.65
2005-09-02,000529,1.28,1.34,1.35,1.27,39492,5231502.0,6.2,3.88,0.05,1.83
2005-09-05,000529,1.34,1.41,1.41,1.34,40992,5717028.0,5.22,5.22,0.07,1.9
2005-09-06,000529,1.42,1.42,1.48,1.4,113016,16406730.0,5.67,0.71,0.01,5.23
2005-09-07,000529,1.41,1.49,1.49,1.36,73987,10763716.0,9.15,4.93,0.07,3.42
2005-09-08,000529,1.48,1.52,1.52,1.46,61949,9243365.0,4.03,2.01,0.03,2.87
2005-09-09,000529,1.5,1.56,1.57,1.49,62657,9629223.0,5.26,2.63,0.04,2.9
2005-09-12,000529,1.56,1.64,1.64,1.54,84447,13592560.0,6.41,5.13,0.08,3.91
2005-09-13,000529,1.68,1.72,1.72,1.65,55440,9436499.0,4.27,4.88,0.08,2.57
2005-09-14,000529,1.78,1.63,1.79,1.63,124284,20685976.0,9.3,-5.23,-0.09,5.75
2005-09-15,000529,1.57,1.71,1.71,1.55,96216,15918416.0,9.82,4.91,0.08,4.45
2005-09-16,000529,1.72,1.8,1.8,1.69,67085,11923845.0,6.43,5.26,0.09,3.1
2005-09-19,000529,1.88,1.88,1.89,1.81,87308,16369024.0,4.44,4.44,0.08,4.04
2005-09-20,000529,1.9,1.93,1.96,1.8,110177,20982984.0,8.51,2.66,0.05,5.1
2005-09-21,000529,1.93,1.83,1.94,1.83,182613,34044148.0,5.7,-5.18,-0.1,8.45
2005-09-22,000529,1.77,1.74,1.78,1.74,35358,6188431.5,2.19,-4.92,-0.09,1.64
2005-09-23,000529,1.65,1.65,1.65,1.65,12900,2128500.0,0.0,-5.17,-0.09,0.6
2005-09-26,000529,1.57,1.57,1.57,1.57,7318,1148926.0,0.0,-4.85,-0.08,0.34
2005-09-27,000529,1.49,1.53,1.65,1.49,123661,18842250.0,10.19,-2.55,-0.04,5.72
2005-09-28,000529,1.52,1.45,1.53,1.45,40549,5915451.5,5.23,-5.23,-0.08,1.88
2005-09-29,000529,1.41,1.5,1.52,1.41,46401,6859108.0,7.59,3.45,0.05,2.15
2005-09-30,000529,1.44,1.47,1.51,1.43,50019,7341402.5,5.33,-2.0,-0.03,2.32
2005-10-10,000529,1.4,1.4,1.47,1.4,30087,4255034.0,4.76,-4.76,-0.07,1.39
2005-10-11,000529,1.36,1.37,1.47,1.33,62623,8726920.0,10.0,-2.14,-0.03,2.9
2005-10-12,000529,1.44,1.44,1.44,1.44,13246,1907413.9,0.0,5.11,0.07,0.61
2005-10-13,000529,1.51,1.51,1.51,1.37,210696,30040076.0,9.72,4.86,0.07,9.75
2005-10-14,000529,1.44,1.45,1.51,1.43,100395,14717892.0,5.3,-3.97,-0.06,4.65
2005-10-17,000529,1.45,1.51,1.51,1.45,48268,7201928.5,4.14,4.14,0.06,2.23
2005-10-18,000529,1.57,1.59,1.59,1.55,88398,14022591.0,2.65,5.3,0.08,4.09
2005-10-19,000529,1.59,1.59,1.65,1.57,43292,6990981.0,5.03,0.0,0.0,2.0
2005-10-20,000529,1.57,1.61,1.63,1.54,29819,4717432.5,5.66,1.26,0.02,1.38
2005-10-21,000529,1.61,1.59,1.62,1.54,28625,4491199.0,4.97,-1.24,-0.02,1.32
2005-10-24,000529,1.59,1.53,1.59,1.51,47592,7318176.5,5.03,-3.77,-0.06,2.2
2005-10-25,000529,1.51,1.46,1.52,1.46,20649,3053604.8,3.92,-4.58,-0.07,0.96
2005-10-26,000529,1.45,1.39,1.47,1.39,31266,4380311.5,5.48,-4.79,-0.07,1.45
2005-10-27,000529,1.33,1.4,1.41,1.33,22213,3074274.5,5.76,0.72,0.01,1.03
2005-10-31,000529,1.39,1.42,1.43,1.36,19102,2678209.0,5.0,1.43,0.02,0.88
2005-11-01,000529,1.41,1.4,1.41,1.35,17236,2369859.8,4.23,-1.41,-0.02,0.8
2005-11-02,000529,1.4,1.45,1.46,1.36,28169,4007416.8,7.14,3.57,0.05,1.3
2005-11-03,000529,1.52,1.52,1.52,1.5,22698,3445359.8,1.38,4.83,0.07,1.05
2005-11-04,000529,1.58,1.53,1.58,1.45,72439,11042710.0,8.55,0.66,0.01,3.35
2005-11-07,000529,1.53,1.49,1.53,1.45,26439,3906577.8,5.23,-2.61,-0.04,1.22
2005-11-08,000529,1.5,1.51,1.51,1.45,22231,3301883.2,4.03,1.34,0.02,1.03
2005-11-09,000529,1.51,1.47,1.51,1.47,17625,2629407.5,2.65,-2.65,-0.04,0.82
2005-11-10,000529,1.45,1.4,1.45,1.4,18160,2560717.0,3.4,-4.76,-0.07,0.84
2005-11-11,000529,1.36,1.4,1.41,1.34,19182,2640117.0,5.0,0.0,0.0,0.89
2005-11-14,000529,1.37,1.41,1.44,1.37,7963,1121709.9,5.0,0.71,0.01,0.37
2005-11-15,000529,1.4,1.42,1.44,1.4,9687,1374066.8,2.84,0.71,0.01,0.45
2005-11-16,000529,1.44,1.44,1.45,1.38,9946,1400410.0,4.93,1.41,0.02,0.46
2005-11-17,000529,1.43,1.44,1.46,1.42,9405,1352217.1,2.78,0.0,0.0,0.44
2005-11-18,000529,1.45,1.46,1.46,1.42,19315,2785725.8,2.78,1.39,0.02,0.89
2005-11-21,000529,1.45,1.45,1.48,1.44,12419,1806640.8,2.74,-0.68,-0.01,0.57
2005-11-22,000529,1.46,1.38,1.46,1.38,10610,1498517.0,5.52,-4.83,-0.07,0.49
2005-11-23,000529,1.39,1.4,1.41,1.36,8910,1239942.5,3.62,1.45,0.02,0.41
2005-11-24,000529,1.39,1.43,1.43,1.38,21548,3017720.2,3.57,2.14,0.03,1.0
2005-11-25,000529,1.44,1.5,1.5,1.43,86005,12813734.0,4.9,4.9,0.07,3.98
2005-11-28,000529,1.51,1.5,1.57,1.49,65995,10044835.0,5.33,0.0,0.0,3.05
2005-11-29,000529,1.48,1.43,1.48,1.43,50246,7252630.0,3.33,-4.67,-0.07,2.33
2005-11-30,000529,1.4,1.43,1.45,1.38,19976,2824762.5,4.9,0.0,0.0,0.92
2005-12-01,000529,1.43,1.4,1.44,1.39,16452,2322416.8,3.5,-2.1,-0.03,0.76
2005-12-02,000529,1.38,1.4,1.41,1.38,21149,2944197.8,2.14,0.0,0.0,0.98
2005-12-05,000529,1.4,1.35,1.4,1.33,28821,3877489.5,5.0,-3.57,-0.05,1.33
2005-12-09,000529,1.42,1.42,1.42,1.42,6317,897018.2,0.0,5.19,0.07,0.29
2005-12-12,000529,1.49,1.41,1.49,1.41,45611,6565114.0,5.63,-0.7,-0.01,2.11
2005-12-13,000529,1.4,1.42,1.42,1.37,20539,2858125.5,3.55,0.71,0.01,0.95
2005-12-14,000529,1.41,1.45,1.45,1.39,42491,6011185.0,4.23,2.11,0.03,1.97
2005-12-15,000529,1.47,1.44,1.48,1.42,52829,7706856.0,4.14,-0.69,-0.01,2.45
2005-12-16,000529,1.42,1.43,1.45,1.41,13938,1995815.5,2.78,-0.69,-0.01,0.65
2005-12-19,000529,1.42,1.44,1.44,1.39,18091,2573857.0,3.5,0.7,0.01,0.84
2005-12-20,000529,1.43,1.42,1.44,1.41,10721,1522458.2,2.08,-1.39,-0.02,0.5
2005-12-21,000529,1.4,1.38,1.42,1.36,21652,3013177.0,4.23,-2.82,-0.04,1.0
2005-12-22,000529,1.38,1.37,1.4,1.35,31802,4361408.5,3.62,-0.72,-0.01,1.47
2005-12-23,000529,1.36,1.41,1.43,1.36,38080,5328808.5,5.11,2.92,0.04,1.76
2005-12-26,000529,1.41,1.4,1.41,1.39,22829,3194416.5,1.42,-0.71,-0.01,1.06
2005-12-27,000529,1.33,1.33,1.33,1.33,10680,1420440.0,0.0,-5.0,-0.07,0.49
2005-12-28,000529,1.26,1.26,1.26,1.26,14448,1820448.0,0.0,-5.26,-0.07,0.67
2005-12-29,000529,1.2,1.21,1.26,1.2,139730,16930166.0,4.76,-3.97,-0.05,6.47
2005-12-30,000529,1.19,1.16,1.19,1.15,73591,8600429.0,3.31,-4.13,-0.05,3.41
2006-01-04,000529,1.15,1.18,1.21,1.14,46081,5472021.0,6.03,1.72,0.02,2.13
2006-01-05,000529,1.19,1.2,1.2,1.16,34620,4078533.8,3.39,1.69,0.02,1.6
2006-01-06,000529,1.19,1.19,1.19,1.16,33098,3882967.8,2.5,-0.83,-0.01,1.53
2006-01-09,000529,1.19,1.18,1.19,1.16,42820,5019325.5,2.52,-0.84,-0.01,1.98
2006-01-10,000529,1.17,1.24,1.24,1.16,82775,9997598.0,6.78,5.08,0.06,3.83
2006-01-11,000529,1.23,1.21,1.25,1.2,40461,4919663.5,4.03,-2.42,-0.03,1.87
2006-01-12,000529,1.21,1.19,1.21,1.18,31537,3754332.5,2.48,-1.65,-0.02,1.46
2006-01-13,000529,1.19,1.21,1.21,1.18,27358,3264321.0,2.52,1.68,0.02,1.27
2006-01-17,000529,1.19,1.21,1.23,1.16,35857,4296428.0,5.79,0.0,0.0,1.66
2006-01-18,000529,1.21,1.2,1.21,1.19,27561,3296617.5,1.65,-0.83,-0.01,1.28
2006-01-19,000529,1.19,1.17,1.2,1.16,44431,5239152.5,3.33,-2.5,-0.03,2.06
2006-01-20,000529,1.17,1.15,1.18,1.14,34929,4052183.5,3.42,-1.71,-0.02,1.62
2006-01-23,000529,1.15,1.17,1.21,1.15,40591,4803331.0,5.22,1.74,0.02,1.88
2006-01-24,000529,1.19,1.13,1.19,1.12,35220,4068024.0,5.98,-3.42,-0.04,1.63
2006-01-25,000529,1.13,1.07,1.13,1.07,48901,5279724.5,5.31,-5.31,-0.06,2.26
2006-02-06,000529,1.06,1.09,1.11,1.03,31486,3393041.0,7.48,1.87,0.02,1.46
2006-02-07,000529,1.09,1.1,1.11,1.06,29300,3163908.5,4.59,0.92,0.01,1.36
2006-02-08,000529,1.1,1.09,1.11,1.07,30217,3294093.2,3.64,-0.91,-0.01,1.4
2006-02-09,000529,1.11,1.14,1.14,1.1,62206,7070491.0,3.67,4.59,0.05,2.88
2006-02-10,000529,1.14,1.18,1.2,1.12,77868,9165293.0,7.02,3.51,0.04,3.6
2006-02-13,000529,1.19,1.17,1.19,1.14,29339,3403951.0,4.24,-0.85,-0.01,1.36
2006-02-14,000529,1.15,1.16,1.17,1.15,21518,2491487.8,1.71,-0.85,-0.01,1.0
2006-02-15,000529,1.16,1.15,1.16,1.12,30322,3441092.2,3.45,-0.86,-0.01,1.4
2006-02-16,000529,1.14,1.12,1.15,1.09,27884,3100551.2,5.22,-2.61,-0.03,1.29
2006-02-17,000529,1.1,1.11,1.12,1.09,13405,1478545.0,2.68,-0.89,-0.01,0.62
2006-02-20,000529,1.09,1.11,1.14,1.09,13828,1549278.5,4.5,0.0,0.0,0.64
2006-02-21,000529,1.1,1.16,1.17,1.1,49988,5764978.5,6.31,4.5,0.05,2.31
2006-02-22,000529,1.22,1.22,1.22,1.18,45998,5581051.0,3.45,5.17,0.06,2.13
2006-02-23,000529,1.25,1.28,1.28,1.24,124068,15800572.0,3.28,4.92,0.06,5.74
2006-02-24,000529,1.26,1.22,1.26,1.22,51093,6260213.5,3.13,-4.69,-0.06,2.36
2006-02-27,000529,1.16,1.23,1.27,1.16,79364,9605499.0,9.02,0.82,0.01,3.67
2006-02-28,000529,1.21,1.24,1.25,1.2,57400,7057236.0,4.07,0.81,0.01,2.66
2006-03-01,000529,1.23,1.22,1.23,1.19,42077,5088304.5,3.23,-1.61,-0.02,1.95
2006-03-02,000529,1.22,1.22,1.26,1.19,52092,6386187.5,5.74,0.0,0.0,2.41
2006-03-03,000529,1.2,1.21,1.24,1.19,37426,4540218.5,4.1,-0.82,-0.01,1.73
2006-03-06,000529,1.21,1.17,1.21,1.15,65408,7611359.0,4.96,-3.31,-0.04,3.03
2006-03-07,000529,1.18,1.23,1.23,1.17,125841,15384980.0,5.13,5.13,0.06,5.82
2006-03-08,000529,1.24,1.2,1.24,1.17,56220,6675604.5,5.69,-2.44,-0.03,2.6
2006-03-09,000529,1.19,1.14,1.2,1.14,48036,5524172.0,5.0,-5.0,-0.06,2.22
2006-03-10,000529,1.12,1.15,1.19,1.09,38520,4400124.5,8.77,0.88,0.01,1.78
2006-03-13,000529,1.14,1.15,1.15,1.11,20916,2356135.2,3.48,0.0,0.0,0.97
2006-03-14,000529,1.13,1.17,1.18,1.12,25350,2928435.8,5.22,1.74,0.02,1.17
2006-03-15,000529,1.16,1.17,1.19,1.15,40613,4755500.0,3.42,0.0,0.0,1.88
2006-03-16,000529,1.17,1.12,1.17,1.12,35316,4014355.2,4.27,-4.27,-0.05,1.63
2006-03-17,000529,1.12,1.14,1.16,1.11,19019,2154771.2,4.46,1.79,0.02,0.88
2006-03-20,000529,1.14,1.12,1.14,1.11,24938,2786877.5,2.63,-1.75,-0.02,1.15
2006-03-21,000529,1.12,1.12,1.12,1.11,17827,1983753.5,0.89,0.0,0.0,0.83
2006-03-22,000529,1.13,1.12,1.15,1.11,20813,2335876.0,3.57,0.0,0.0,0.96
2006-03-23,000529,1.13,1.1,1.14,1.08,35796,3935158.8,5.36,-1.79,-0.02,1.66
2006-03-24,000529,1.09,1.07,1.09,1.05,56648,6008714.0,3.64,-2.73,-0.03,2.62
2006-03-27,000529,1.06,1.09,1.11,1.05,40103,4361847.0,5.61,1.87,0.02,1.86
2006-03-28,000529,1.08,1.05,1.09,1.05,29348,3118194.2,3.67,-3.67,-0.04,1.36
2006-03-29,000529,1.04,1.06,1.08,1.03,33770,3560313.8,4.76,0.95,0.01,1.56
2006-03-30,000529,1.06,1.06,1.07,1.04,30904,3235430.8,2.83,0.0,0.0,1.43
2006-03-31,000529,1.04,1.06,1.07,1.04,29475,3107742.2,2.83,0.0,0.0,1.36
2006-04-03,000529,1.05,1.02,1.05,1.01,45758,4645377.0,3.77,-3.77,-0.04,2.12
2006-04-04,000529,1.01,0.97,1.01,0.97,52932,5166034.0,3.92,-4.9,-0.05,2.45
2006-04-05,000529,0.96,0.99,1.01,0.95,39002,3845623.8,6.19,2.06,0.02,1.81
2006-04-06,000529,0.99,1.0,1.01,0.94,58751,5703895.5,7.07,1.01,0.01,2.72
2006-04-07,000529,1.0,0.96,1.0,0.95,61306,5937726.0,5.0,-4.0,-0.04,2.84
2006-04-10,000529,0.95,0.96,1.0,0.92,89247,8602855.0,8.33,0.0,0.0,4.13
2006-04-11,000529,0.96,1.0,1.0,0.95,50339,4954395.0,5.21,4.17,0.04,2.33
2006-04-12,000529,1.0,0.97,1.0,0.96,35921,3509055.5,4.0,-3.0,-0.03,1.66
2006-04-13,000529,0.96,0.95,0.97,0.93,32948,3127579.5,4.12,-2.06,-0.02,1.52
2006-04-14,000529,0.94,0.93,0.95,0.91,35346,3266204.0,4.21,-2.11,-0.02,1.64
2006-04-17,000529,0.92,0.9,0.93,0.88,36177,3254065.2,5.38,-3.23,-0.03,1.67
2006-04-18,000529,0.89,0.88,0.9,0.87,32387,2862405.2,3.33,-2.22,-0.02,1.5
2006-04-19,000529,0.86,0.84,0.88,0.84,52010,4408404.0,4.55,-4.55,-0.04,2.41
2006-04-20,000529,0.83,0.8,0.83,0.8,41421,3338391.8,3.57,-4.76,-0.04,1.92
2006-04-21,000529,0.78,0.84,0.84,0.76,85761,6759305.5,10.0,5.0,0.04,3.97
2006-04-24,000529,0.83,0.8,0.83,0.8,37138,3004361.8,3.57,-4.76,-0.04,1.72
2006-04-25,000529,0.79,0.76,0.79,0.76,44501,3393799.5,3.75,-5.0,-0.04,2.06
2006-04-26,000529,0.75,0.79,0.8,0.73,39128,3027942.5,9.21,3.95,0.03,1.81
2006-04-27,000529,0.78,0.83,0.83,0.77,57938,4734204.0,7.59,5.06,0.04,2.68
2006-04-28,000529,0.84,0.87,0.87,0.84,83379,7207885.5,3.61,4.82,0.04,3.86
2009-09-11,000529,7.83,8.15,9.97,7.83,820163,686618688.0,245.98,836.78,7.28,34.51
2009-09-14,000529,8.65,8.97,8.97,8.65,365003,326512544.0,3.93,10.06,0.82,15.36
2009-09-15,000529,9.4,9.22,9.61,9.01,754041,699724608.0,6.69,2.79,0.25,31.73
2009-09-16,000529,9.4,9.07,9.47,8.8,386485,350221344.0,7.27,-1.63,-0.15,16.26
2009-09-17,000529,9.25,9.17,9.42,8.9,413313,380965760.0,5.73,1.1,0.1,17.39
2009-09-18,000529,9.09,8.3,9.16,8.25,412168,357306496.0,9.92,-9.49,-0.87,17.34
2009-09-21,000529,8.09,7.83,8.09,7.47,264734,204463136.0,7.47,-5.66,-0.47,11.14
2009-09-22,000529,7.79,7.63,8.05,7.6,151073,118328080.0,5.75,-2.55,-0.2,6.36
2009-09-23,000529,7.71,7.73,8.02,7.65,161928,126363888.0,4.85,1.31,0.1,6.81
2009-09-24,000529,7.73,7.3,7.73,7.1,159555,116886808.0,8.15,-5.56,-0.43,6.71
2009-09-25,000529,7.21,7.8,7.83,7.04,198961,147869632.0,10.82,6.85,0.5,8.37
2009-09-28,000529,7.8,7.15,7.94,7.09,182668,137672288.0,10.9,-8.33,-0.65,7.69
2009-09-29,000529,7.11,6.68,7.19,6.58,146827,100286312.0,8.53,-6.57,-0.47,6.18
2009-09-30,000529,6.8,6.73,6.97,6.7,96730,65868448.0,4.04,0.75,0.05,4.07
2009-10-09,000529,6.82,7.09,7.17,6.76,112930,78780600.0,6.09,5.35,0.36,4.75
2009-10-12,000529,7.02,6.95,7.05,6.86,94518,65698304.0,2.68,-1.97,-0.14,3.98
2009-10-13,000529,6.93,7.34,7.35,6.89,152194,108885824.0,6.62,5.61,0.39,6.4
2009-10-14,000529,7.27,7.26,7.54,7.16,159585,117133280.0,5.18,-1.09,-0.08,6.71
2009-10-15,000529,7.23,7.27,7.42,7.19,89177,64969616.0,3.17,0.14,0.01,3.75
2009-10-16,000529,7.32,7.23,7.36,7.12,78404,56529540.0,3.3,-0.55,-0.04,3.3
2009-10-19,000529,7.18,7.33,7.36,7.14,103339,75362392.0,3.04,1.38,0.1,4.35
2009-10-20,000529,7.36,7.43,7.49,7.31,121632,90112384.0,2.46,1.36,0.1,5.12
2009-10-21,000529,7.45,7.39,7.48,7.29,103893,76231736.0,2.56,-0.54,-0.04,4.37
2009-10-22,000529,7.38,7.9,8.13,7.32,295609,230776256.0,10.96,6.9,0.51,12.44
2009-10-23,000529,7.84,7.76,7.85,7.67,201437,156075488.0,2.28,-1.77,-0.14,8.48
2009-10-26,000529,7.71,7.47,7.76,7.39,140522,105488040.0,4.77,-3.74,-0.29,5.91
2009-10-27,000529,7.3,7.18,7.39,7.13,109544,79448688.0,3.48,-3.88,-0.29,4.61
2009-10-28,000529,7.19,7.12,7.27,7.04,87336,62327548.0,3.2,-0.84,-0.06,3.67
2009-10-29,000529,7.03,6.96,7.08,6.9,67358,46947988.0,2.53,-2.25,-0.16,2.83
2009-10-30,000529,7.05,7.01,7.14,6.98,62926,44410232.0,2.3,0.72,0.05,2.65
2009-11-02,000529,6.85,7.13,7.16,6.78,80868,56301240.0,5.42,1.71,0.12,3.4
2009-11-03,000529,7.12,7.32,7.32,7.08,104296,75189840.0,3.37,2.66,0.19,4.39
2009-11-04,000529,7.28,7.25,7.39,7.22,75106,54742640.0,2.32,-0.96,-0.07,3.16
2009-11-05,000529,7.23,7.35,7.43,7.21,78731,57744384.0,3.03,1.38,0.1,3.31
2009-11-06,000529,7.42,7.41,7.46,7.31,106860,78908080.0,2.04,0.82,0.06,4.5
2009-11-09,000529,7.4,7.38,7.43,7.25,77515,56979564.0,2.43,-0.4,-0.03,3.26
2009-11-10,000529,7.45,7.42,7.62,7.4,109932,82478464.0,2.98,0.54,0.04,4.63
2009-11-11,000529,7.36,7.28,7.37,7.18,85846,62462344.0,2.56,-1.89,-0.14,3.61
2009-11-12,000529,7.29,7.34,7.46,7.28,95082,70182904.0,2.47,0.82,0.06,4.0
2009-11-13,000529,7.34,7.34,7.37,7.19,78570,57133492.0,2.45,0.0,0.0,3.31
2009-11-17,000529,7.51,7.89,7.99,7.45,344603,268525760.0,7.36,7.49,0.55,14.5
2009-11-18,000529,7.84,7.74,7.84,7.65,178375,137944272.0,2.41,-1.9,-0.15,7.51
2009-11-19,000529,7.72,8.51,8.51,7.58,437469,361954592.0,12.02,9.95,0.77,18.41
2009-11-20,000529,8.69,8.8,9.13,8.51,507693,449449408.0,7.29,3.41,0.29,21.36
2009-11-23,000529,8.8,9.18,9.3,8.69,292425,266562896.0,6.93,4.32,0.38,12.3
2009-11-24,000529,9.23,8.32,9.3,8.29,336733,296951840.0,11.0,-9.37,-0.86,14.17
2009-11-25,000529,8.25,8.79,8.81,8.24,229851,197746016.0,6.85,5.65,0.47,9.67
2009-11-26,000529,8.77,8.12,8.77,8.0,262505,220958320.0,8.76,-7.62,-0.67,11.05
2009-11-27,000529,8.01,7.72,8.06,7.7,136969,108088272.0,4.43,-4.93,-0.4,5.76
2009-11-30,000529,7.76,8.04,8.04,7.76,104142,82735040.0,3.63,4.15,0.32,4.38
2009-12-01,000529,8.01,8.28,8.33,7.88,106041,86333560.0,5.6,2.99,0.24,4.46
2009-12-02,000529,8.39,8.26,8.39,8.2,112574,93215144.0,2.29,-0.24,-0.02,4.74
2009-12-03,000529,8.28,8.29,8.34,8.17,96984,79884672.0,2.06,0.36,0.03,4.08
2009-12-04,000529,8.29,8.18,8.57,7.97,157343,130694464.0,7.24,-1.33,-0.11,6.62
2009-12-07,000529,8.18,8.31,8.32,8.13,89260,73279240.0,2.32,1.59,0.13,3.76
2009-12-08,000529,8.3,8.4,8.48,8.24,117926,98693744.0,2.89,1.08,0.09,4.96
2009-12-09,000529,8.35,8.13,8.38,8.08,76692,62962380.0,3.57,-3.21,-0.27,3.23
2009-12-10,000529,8.09,8.2,8.22,8.09,64549,52516808.0,1.6,0.86,0.07,2.72
2009-12-11,000529,8.2,8.13,8.29,8.11,55856,45755804.0,2.2,-0.85,-0.07,2.35
2009-12-14,000529,8.11,7.93,8.17,7.76,72653,57411140.0,5.04,-2.46,-0.2,3.06
2009-12-15,000529,7.95,8.07,8.21,7.83,69319,55996048.0,4.79,1.77,0.14,2.92
2009-12-16,000529,8.09,7.92,8.1,7.87,64827,51507644.0,2.85,-1.86,-0.15,2.73
2009-12-17,000529,7.94,7.49,7.94,7.44,74293,56693564.0,6.31,-5.43,-0.43,3.13
2009-12-18,000529,7.48,7.22,7.48,7.16,58887,42803396.0,4.27,-3.6,-0.27,2.48
2009-12-21,000529,7.22,7.29,7.33,7.21,29390,21387728.0,1.66,0.97,0.07,1.24
2009-12-22,000529,7.32,7.0,7.34,6.98,45397,32294482.0,4.94,-3.98,-0.29,1.91
2009-12-23,000529,7.0,7.14,7.18,6.95,34352,24282822.0,3.29,2.0,0.14,1.45
2009-12-24,000529,7.15,7.35,7.39,7.1,54038,39376992.0,4.06,2.94,0.21,2.27
2009-12-25,000529,7.37,7.28,7.37,7.19,39269,28539108.0,2.45,-0.95,-0.07,1.65
2009-12-28,000529,7.28,7.46,7.46,7.25,50416,37185976.0,2.88,2.47,0.18,2.12
2009-12-29,000529,7.5,7.45,7.5,7.32,34820,25816124.0,2.41,-0.13,-0.01,1.47
2009-12-30,000529,7.45,7.32,7.46,7.3,46014,33803464.0,2.15,-1.74,-0.13,1.94
2009-12-31,000529,7.39,7.41,7.43,7.33,38011,28090844.0,1.37,1.23,0.09,1.6
2010-01-04,000529,7.43,7.42,7.56,7.4,48445,36231052.0,2.16,0.13,0.01,2.04
2010-01-05,000529,7.43,7.38,7.44,7.27,47802,35141040.0,2.29,-0.54,-0.04,2.01
2010-01-06,000529,7.33,7.39,7.5,7.33,56221,41761224.0,2.3,0.14,0.01,2.37
2010-01-07,000529,7.38,7.17,7.44,7.14,47102,34368268.0,4.06,-2.98,-0.22,1.98
2010-01-08,000529,7.13,7.2,7.24,7.01,51356,36559916.0,3.21,0.42,0.03,2.16
2010-01-11,000529,7.23,7.14,7.29,7.09,42189,30192854.0,2.78,-0.83,-0.06,1.78
2010-01-12,000529,7.15,7.34,7.35,7.14,51084,37097748.0,2.94,2.8,0.2,2.15
2010-01-13,000529,7.24,7.2,7.34,7.18,47592,34529364.0,2.18,-1.91,-0.14,2.0
2010-01-14,000529,7.21,7.51,7.55,7.2,107396,80110472.0,4.86,4.31,0.31,4.52
2010-01-15,000529,7.53,7.58,7.66,7.44,83403,63092092.0,2.93,0.93,0.07,3.51
2010-01-18,000529,7.58,8.28,8.34,7.52,232154,189330544.0,10.82,9.23,0.7,9.77
2010-01-19,000529,8.19,8.12,8.24,8.05,125326,101784536.0,2.29,-1.93,-0.16,5.27
2010-01-20,000529,8.1,7.93,8.38,7.82,150243,122853032.0,6.9,-2.34,-0.19,6.32
2010-01-21,000529,7.9,7.96,8.04,7.8,73300,58066156.0,3.03,0.38,0.03,3.08
2010-01-22,000529,7.81,7.5,7.85,7.38,95142,72274440.0,5.9,-5.78,-0.46,4.0
2010-01-25,000529,7.5,7.45,7.62,7.4,39341,29619984.0,2.93,-0.67,-0.05,1.66
2010-01-26,000529,7.44,7.15,7.57,7.06,52179,37654544.0,6.85,-4.03,-0.3,2.2
2010-01-27,000529,7.15,7.13,7.25,7.07,29661,21224378.0,2.52,-0.28,-0.02,1.25
2010-01-28,000529,7.13,7.19,7.26,7.1,33583,24164212.0,2.24,0.84,0.06,1.41
2010-01-29,000529,7.2,7.24,7.32,7.15,37521,27242154.0,2.36,0.7,0.05,1.58
2010-02-01,000529,7.2,7.1,7.25,7.04,37742,26808220.0,2.9,-1.93,-0.14,1.59
2010-02-02,000529,7.11,7.2,7.25,7.11,32465,23292636.0,1.97,1.41,0.1,1.37
2010-02-03,000529,7.24,7.25,7.26,6.96,41457,29668856.0,4.17,0.69,0.05,1.74
2010-02-04,000529,7.22,7.3,7.38,7.12,48427,35240256.0,3.59,0.69,0.05,2.04
2010-02-05,000529,7.17,7.46,7.74,7.13,90916,68133512.0,8.36,2.19,0.16,3.83
2010-02-08,000529,7.59,7.95,8.21,7.56,175003,140192832.0,8.71,6.57,0.49,7.36
2010-02-09,000529,7.78,7.55,7.85,7.52,102978,78744912.0,4.15,-5.03,-0.4,4.33
2010-02-11,000529,7.58,7.38,7.66,7.35,55885,41625216.0,4.11,-2.25,-0.17,2.35
2010-02-12,000529,7.4,7.46,7.5,7.37,26666,19844402.0,1.76,1.08,0.08,1.12
2010-02-22,000529,7.5,7.36,7.5,7.34,34873,25834680.0,2.14,-1.34,-0.1,1.47
2010-02-23,000529,7.31,7.49,7.51,7.22,42898,31494338.0,3.94,1.77,0.13,1.81
2010-02-24,000529,7.43,7.64,7.67,7.38,50853,38560668.0,3.87,2.0,0.15,2.14
2010-02-25,000529,7.63,7.86,7.95,7.62,87636,68647272.0,4.32,2.88,0.22,3.69
2010-02-26,000529,7.8,7.88,8.0,7.72,76510,60346588.0,3.56,0.25,0.02,3.22
2010-03-01,000529,7.89,8.03,8.07,7.89,97211,77847024.0,2.28,1.9,0.15,4.09
2010-03-02,000529,8.03,7.94,8.05,7.77,75040,59044480.0,3.49,-1.12,-0.09,3.16
2010-03-03,000529,7.87,8.21,8.3,7.85,148096,120721688.0,5.67,3.4,0.27,6.23
2010-03-04,000529,8.14,7.65,8.22,7.63,119962,95261624.0,7.19,-6.82,-0.56,5.05
2010-03-05,000529,7.69,7.77,7.9,7.69,61484,47918480.0,2.75,1.57,0.12,2.59
2010-03-08,000529,7.83,7.79,7.86,7.73,39148,30541002.0,1.67,0.26,0.02,1.65
2010-03-09,000529,7.76,7.97,8.06,7.74,80446,64093180.0,4.11,2.31,0.18,3.38
2010-03-10,000529,7.92,7.8,8.02,7.69,54844,42845824.0,4.14,-2.13,-0.17,2.31
2010-03-11,000529,7.78,7.61,7.85,7.51,57538,44045612.0,4.36,-2.44,-0.19,2.42
2010-03-12,000529,7.6,7.63,7.72,7.5,51076,38837432.0,2.89,0.26,0.02,2.15
2010-03-15,000529,7.58,7.55,7.68,7.5,31253,23646198.0,2.36,-1.05,-0.08,1.32
2010-03-16,000529,7.54,7.59,7.63,7.45,28391,21452648.0,2.38,0.53,0.04,1.19
2010-03-17,000529,7.6,7.83,7.84,7.58,51540,39904180.0,3.43,3.16,0.24,2.17
2010-03-18,000529,7.84,7.8,7.86,7.72,53638,41790764.0,1.79,-0.38,-0.03,2.26
2010-03-19,000529,8.5,8.2,8.58,8.14,399848,334368768.0,5.64,5.13,0.4,16.82
2010-03-22,000529,8.0,8.19,8.25,8.0,125804,102560456.0,3.05,-0.12,-0.01,5.29
2010-03-23,000529,8.23,8.32,8.49,8.12,168549,140654000.0,4.52,1.59,0.13,7.09
2010-03-24,000529,8.35,8.2,8.39,8.14,98446,80832456.0,3.0,-1.44,-0.12,4.14
2010-03-25,000529,8.15,7.94,8.2,7.94,91627,73433160.0,3.17,-3.17,-0.26,3.86
2010-03-26,000529,7.95,8.06,8.15,7.92,59733,48196028.0,2.9,1.51,0.12,2.51
2010-03-29,000529,8.06,8.05,8.16,8.0,70471,56785200.0,1.99,-0.12,-0.01,2.97
2010-03-30,000529,8.08,7.99,8.08,7.94,65962,52710260.0,1.74,-0.75,-0.06,2.78
2010-03-31,000529,8.0,8.07,8.13,7.93,67389,54148676.0,2.5,1.0,0.08,2.84
2010-04-01,000529,8.07,8.15,8.18,8.07,77214,62772280.0,1.36,0.99,0.08,3.25
2010-04-02,000529,8.15,8.07,8.16,8.02,66859,53920784.0,1.72,-0.98,-0.08,2.81
2010-04-06,000529,8.08,8.28,8.28,8.05,122353,100205992.0,2.85,2.6,0.21,5.15
2010-04-07,000529,8.27,8.15,8.27,8.1,77238,63102980.0,2.05,-1.57,-0.13,3.25
2010-04-08,000529,8.16,8.04,8.16,8.0,71524,57533520.0,1.96,-1.35,-0.11,3.01
2010-04-09,000529,8.02,8.09,8.1,7.98,63787,51287976.0,1.49,0.62,0.05,2.68
2010-04-12,000529,8.09,8.11,8.13,7.98,87105,70099984.0,1.85,0.25,0.02,3.67
2010-04-14,000529,8.05,8.34,8.45,8.02,193918,160979312.0,5.3,2.84,0.23,8.16
2010-04-15,000529,8.35,8.3,8.44,8.13,124202,102691256.0,3.72,-0.48,-0.04,5.23
2010-04-16,000529,8.29,8.31,8.38,8.12,78288,64601796.0,3.13,0.12,0.01,3.29
2010-04-19,000529,8.21,8.45,8.57,8.12,283027,238363664.0,5.42,1.68,0.14,11.91
2010-04-20,000529,8.36,8.99,9.18,8.2,473239,417142272.0,11.6,6.39,0.54,19.91
2010-04-21,000529,8.81,9.18,9.27,8.76,395667,359826784.0,5.67,2.11,0.19,16.65
2010-04-22,000529,9.2,9.01,9.3,9.0,256543,234122256.0,3.27,-1.85,-0.17,10.79
2010-04-23,000529,9.02,8.7,9.16,8.6,242981,214276432.0,6.22,-3.44,-0.31,10.22
2010-04-26,000529,8.75,9.56,9.57,8.75,587493,557066560.0,9.43,9.89,0.86,24.72
2010-04-27,000529,9.28,9.28,9.34,8.84,385996,350815744.0,5.23,-2.93,-0.28,16.24
2010-04-28,000529,9.15,9.17,9.5,9.02,233142,215573536.0,5.17,-1.19,-0.11,9.81
2010-04-29,000529,9.23,8.51,9.31,8.5,228002,201779472.0,8.83,-7.2,-0.66,9.59
2010-04-30,000529,8.35,7.81,8.47,7.66,185413,147387024.0,9.52,-8.23,-0.7,7.8
2010-05-04,000529,7.6,7.68,7.97,7.06,106470,81945400.0,11.65,-1.66,-0.13,4.48
2010-05-05,000529,7.54,7.84,7.88,7.46,103273,80207032.0,5.47,2.08,0.16,4.35
2010-05-06,000529,7.83,7.36,7.97,7.36,119746,91947176.0,7.78,-6.12,-0.48,5.04
2010-05-07,000529,7.25,7.26,7.53,7.02,102536,74508696.0,6.93,-1.36,-0.1,4.31
2010-05-10,000529,7.35,7.24,7.44,7.09,81128,58969752.0,4.82,-0.28,-0.02,3.41
2010-05-11,000529,7.35,7.09,7.48,7.05,79072,57290000.0,5.94,-2.07,-0.15,3.33
2010-05-12,000529,7.06,6.84,7.17,6.8,88685,61662064.0,5.22,-3.53,-0.25,3.73
2010-05-14,000529,7.0,7.15,7.27,6.92,117762,83868240.0,5.12,4.53,0.31,4.96
2010-05-17,000529,7.0,6.45,7.06,6.44,97433,66361088.0,8.67,-9.79,-0.7,4.1
2010-05-18,000529,6.45,6.49,6.57,6.07,96832,61180920.0,7.75,0.62,0.04,4.07
2010-05-19,000529,6.31,6.33,6.49,6.2,64215,40716312.0,4.47,-2.47,-0.16,2.7
2010-05-20,000529,6.25,6.16,6.36,6.15,43259,27091210.0,3.32,-2.69,-0.17,1.82
2010-05-21,000529,5.95,6.18,6.2,5.83,69909,42216316.0,6.01,0.32,0.02,2.94
2010-05-24,000529,6.18,6.5,6.52,6.16,82990,53360368.0,5.83,5.18,0.32,3.49
2010-05-25,000529,6.46,6.49,6.58,6.35,61465,39726168.0,3.54,-0.15,-0.01,2.59
2010-05-26,000529,6.45,6.5,6.55,6.43,45100,29297800.0,1.85,0.15,0.01,1.9
2010-05-27,000529,6.5,6.64,6.7,6.33,77115,50604304.0,5.69,2.15,0.14,3.24
2010-05-28,000529,6.75,6.66,6.79,6.6,62446,41559388.0,2.86,0.3,0.02,2.63
2010-05-31,000529,6.66,6.29,6.66,6.28,51865,33688264.0,5.71,-5.56,-0.37,2.18
2010-06-01,000529,6.25,6.34,6.4,6.08,51002,31884248.0,5.09,0.79,0.05,2.15
2010-06-02,000529,6.44,6.36,6.44,6.19,36395,22986624.0,3.94,0.32,0.02,1.53
2010-06-03,000529,6.36,6.29,6.44,6.29,38402,24497898.0,2.36,-1.1,-0.07,1.62
2010-06-04,000529,6.21,6.31,6.33,6.2,23715,14863986.0,2.07,0.32,0.02,1.0
2010-06-07,000529,6.18,6.24,6.28,6.12,29552,18332434.0,2.54,-1.11,-0.07,1.24
2010-06-08,000529,6.21,6.35,6.42,6.2,50503,31977954.0,3.53,1.76,0.11,2.12
2010-06-09,000529,6.35,6.57,6.6,6.33,66481,42908408.0,4.25,3.46,0.22,2.8
2010-06-10,000529,6.53,6.61,6.75,6.48,68924,45741152.0,4.11,0.61,0.04,2.9
2010-06-11,000529,6.64,6.55,6.65,6.5,42420,27788662.0,2.27,-0.91,-0.06,1.78
2010-06-17,000529,6.6,6.36,6.64,6.33,40656,26508328.0,4.73,-2.9,-0.19,1.71
2010-06-18,000529,6.33,6.15,6.38,6.1,49941,31029880.0,4.4,-3.3,-0.21,2.1
2010-06-21,000529,6.12,6.32,6.32,6.08,31406,19572760.0,3.9,2.76,0.17,1.32
2010-06-22,000529,6.3,6.36,6.45,6.27,33552,21410738.0,2.85,0.63,0.04,1.41
2010-06-23,000529,6.32,6.37,6.39,6.21,25748,16252929.0,2.83,0.16,0.01,1.08
2010-06-24,000529,6.36,6.34,6.39,6.29,22860,14493119.0,1.57,-0.47,-0.03,0.96
2010-06-25,000529,6.3,6.28,6.37,6.15,21446,13430607.0,3.47,-0.95,-0.06,0.9
2010-06-28,000529,6.28,6.16,6.31,6.08,28859,17814568.0,3.66,-1.91,-0.12,1.21
2010-06-29,000529,6.2,5.68,6.2,5.68,47873,28349110.0,8.44,-7.79,-0.48,2.01
2010-06-30,000529,5.7,5.62,5.7,5.56,29858,16793414.0,2.46,-1.06,-0.06,1.26
2010-07-01,000529,5.62,5.51,5.69,5.5,21145,11826271.0,3.38,-1.96,-0.11,0.89
2010-07-02,000529,5.47,5.53,5.58,5.29,34930,19067842.0,5.26,0.36,0.02,1.47
2010-07-05,000529,5.5,5.47,5.51,5.35,20999,11456787.0,2.89,-1.08,-0.06,0.88
2010-07-06,000529,5.44,5.59,5.62,5.41,24135,13430646.0,3.84,2.19,0.12,1.02
2010-07-07,000529,5.65,5.68,5.68,5.55,23429,13153973.0,2.33,1.61,0.09,0.99
2010-07-08,000529,5.64,5.59,5.7,5.55,21300,11983689.0,2.64,-1.58,-0.09,0.9
2010-07-09,000529,5.6,5.79,5.89,5.55,48738,27952474.0,6.08,3.58,0.2,2.05
2010-07-12,000529,5.79,5.85,5.91,5.76,34514,20184894.0,2.59,1.04,0.06,1.45
2010-07-13,000529,5.76,5.68,5.81,5.65,32316,18478380.0,2.74,-2.91,-0.17,1.36
2010-07-14,000529,5.72,5.75,5.85,5.71,25808,14893336.0,2.46,1.23,0.07,1.09
2010-07-15,000529,5.77,5.71,5.83,5.7,31164,17963190.0,2.26,-0.7,-0.04,1.31
2010-07-16,000529,5.7,5.72,5.82,5.62,31909,18205264.0,3.5,0.18,0.01,1.34
2010-07-19,000529,5.66,5.79,5.79,5.6,38291,21938328.0,3.32,1.22,0.07,1.61
2010-07-20,000529,5.82,5.96,5.98,5.78,55922,32923946.0,3.45,2.94,0.17,2.35
2010-07-21,000529,5.96,5.93,6.04,5.92,63550,37970480.0,2.01,-0.5,-0.03,2.67
2010-07-22,000529,5.92,6.09,6.18,5.9,61097,37020468.0,4.72,2.7,0.16,2.57
2010-07-23,000529,6.06,6.1,6.12,5.94,60084,36192040.0,2.96,0.16,0.01,2.53
2010-07-26,000529,6.1,6.13,6.15,6.01,48249,29336934.0,2.3,0.49,0.03,2.03
2010-07-27,000529,6.14,6.21,6.29,6.04,68381,42209368.0,4.08,1.31,0.08,2.88
2010-07-28,000529,6.2,6.41,6.45,6.13,100659,63660568.0,5.15,3.22,0.2,4.24
2010-07-29,000529,7.05,7.05,7.05,7.0,87126,61419496.0,0.78,9.98,0.64,3.67
2010-07-30,000529,7.2,7.05,7.49,7.01,297744,215049264.0,6.81,0.0,0.0,12.53
2010-08-02,000529,6.95,7.04,7.05,6.88,142135,98981800.0,2.41,-0.14,-0.01,5.98
2010-08-03,000529,7.04,6.74,7.09,6.74,108683,75152576.0,4.97,-4.26,-0.3,4.57
2010-08-04,000529,6.73,6.9,6.9,6.63,97262,65631052.0,4.01,2.37,0.16,4.09
2010-08-05,000529,6.87,6.97,7.14,6.78,145583,102208688.0,5.22,1.01,0.07,6.13
2010-08-06,000529,6.94,7.07,7.15,6.88,97235,68683496.0,3.87,1.43,0.1,4.09
2010-08-09,000529,7.12,7.15,7.3,7.07,90811,65260204.0,3.25,1.13,0.08,3.82
2010-08-10,000529,7.1,6.77,7.16,6.76,111701,77650448.0,5.59,-5.31,-0.38,4.7
2010-08-11,000529,6.69,6.82,6.92,6.68,56153,38204464.0,3.55,0.74,0.05,2.36
2010-08-12,000529,6.72,6.6,6.83,6.55,63299,42268380.0,4.11,-3.23,-0.22,2.66
2010-08-13,000529,6.65,6.69,6.7,6.49,63310,41772560.0,3.18,1.36,0.09,2.66
2010-08-16,000529,6.71,6.87,6.92,6.65,64365,43988176.0,4.04,2.69,0.18,2.71
2010-08-17,000529,6.88,7.12,7.27,6.88,127026,90642256.0,5.68,3.64,0.25,5.34
2010-08-18,000529,7.08,7.06,7.14,6.91,71775,50454584.0,3.23,-0.84,-0.06,3.02
2010-08-19,000529,7.09,7.04,7.19,6.98,71991,50907792.0,2.97,-0.28,-0.02,3.03
2010-08-20,000529,7.08,7.19,7.37,6.98,167551,120479112.0,5.54,2.13,0.15,7.05
2010-08-23,000529,7.15,7.12,7.25,7.01,82117,58462112.0,3.34,-0.97,-0.07,3.46
2010-08-24,000529,7.09,7.21,7.34,7.0,104263,75247496.0,4.78,1.26,0.09,4.39
2010-08-25,000529,7.16,6.99,7.23,6.97,101098,71327880.0,3.61,-3.05,-0.22,4.25
2010-08-26,000529,7.0,6.89,7.03,6.8,64111,44107952.0,3.29,-1.43,-0.1,2.7
2010-08-27,000529,6.85,6.85,6.94,6.8,39226,26917328.0,2.03,-0.58,-0.04,1.65
2010-08-30,000529,6.82,7.01,7.02,6.82,55760,38858240.0,2.92,2.34,0.16,2.35
2010-08-31,000529,7.01,6.98,7.01,6.89,55033,38175180.0,1.71,-0.43,-0.03,2.32
2010-09-01,000529,6.93,6.83,7.02,6.75,67347,46559284.0,3.87,-2.15,-0.15,2.83
2010-09-02,000529,6.88,7.1,7.11,6.81,103463,72691096.0,4.39,3.95,0.27,4.35
2010-09-03,000529,7.1,7.18,7.26,6.98,124219,88928184.0,3.94,1.13,0.08,5.23
2010-09-06,000529,7.31,7.68,7.9,7.31,399077,311949504.0,8.22,6.96,0.5,16.79
2010-09-07,000529,7.49,7.58,7.65,7.39,173746,130043976.0,3.39,-1.3,-0.1,7.31
2010-09-08,000529,7.51,7.69,7.78,7.4,129690,98450904.0,5.01,1.45,0.11,5.46
2010-09-09,000529,7.7,7.37,7.74,7.33,139241,104634264.0,5.33,-4.16,-0.32,5.86
2010-09-10,000529,7.35,7.44,7.49,7.16,107739,78893960.0,4.48,0.95,0.07,4.53
2010-09-14,000529,7.58,7.68,8.09,7.55,189421,147583776.0,7.26,3.23,0.24,7.97
2010-09-15,000529,7.69,7.6,7.81,7.48,98649,75021616.0,4.3,-1.04,-0.08,4.15
2010-09-16,000529,7.6,7.8,7.8,7.48,152789,116796160.0,4.21,2.63,0.2,6.43
2010-09-17,000529,7.82,7.99,8.27,7.82,262152,211172688.0,5.77,2.44,0.19,11.03
2010-09-20,000529,7.99,7.91,8.22,7.79,183479,146906624.0,5.38,-1.0,-0.08,7.72
2010-09-21,000529,7.83,7.74,7.92,7.52,121628,94084776.0,5.06,-2.15,-0.17,5.12
2010-09-27,000529,7.76,7.88,7.95,7.76,68177,53408940.0,2.45,1.81,0.14,2.87
2010-09-28,000529,7.8,7.75,7.89,7.62,77105,59499456.0,3.43,-1.65,-0.13,3.24
2010-09-29,000529,7.75,7.43,7.77,7.42,91772,69546288.0,4.52,-4.13,-0.32,3.86
2010-09-30,000529,7.39,7.53,7.64,7.37,52267,39385288.0,3.63,1.35,0.1,2.2
2010-10-08,000529,7.63,7.78,7.95,7.55,117532,91640456.0,5.31,3.32,0.25,4.95
2010-10-11,000529,7.77,7.94,8.02,7.77,136153,107881880.0,3.21,2.06,0.16,5.73
2010-10-12,000529,7.9,7.88,7.98,7.82,72468,57074528.0,2.02,-0.76,-0.06,3.05
2010-10-13,000529,7.9,7.78,7.92,7.66,79049,61327024.0,3.3,-1.27,-0.1,3.33
2010-10-14,000529,7.78,7.47,7.79,7.42,91395,69109816.0,4.76,-3.98,-0.31,3.85
2010-10-15,000529,7.46,7.26,7.54,7.2,91097,66842492.0,4.55,-2.81,-0.21,3.83
2010-10-18,000529,7.3,7.32,7.39,7.0,85055,61007496.0,5.37,0.83,0.06,3.58
2010-10-19,000529,7.29,7.54,7.56,7.25,67611,50209672.0,4.23,3.01,0.22,2.84
2010-10-20,000529,7.3,7.67,7.7,7.3,94726,71365576.0,5.31,1.72,0.13,3.99
2010-10-21,000529,7.63,7.76,7.91,7.58,128654,100416560.0,4.3,1.17,0.09,5.41
2010-10-22,000529,7.7,8.08,8.13,7.67,226384,180704224.0,5.93,4.12,0.32,9.53
2010-10-25,000529,8.04,8.16,8.25,7.99,210251,170779696.0,3.22,0.99,0.08,8.85
2010-10-26,000529,8.1,7.94,8.14,7.81,124522,98830960.0,4.04,-2.7,-0.22,5.24
2010-10-27,000529,7.94,7.82,8.06,7.8,79095,62643000.0,3.27,-1.51,-0.12,3.33
2010-10-28,000529,7.87,7.88,8.01,7.76,63830,50280020.0,3.2,0.77,0.06,2.69
2010-10-29,000529,7.9,7.73,7.94,7.69,69148,53853988.0,3.17,-1.9,-0.15,2.91
2010-11-01,000529,7.7,7.76,7.81,7.68,86638,67111264.0,1.68,0.39,0.03,3.65
2010-11-02,000529,7.8,7.86,7.89,7.72,97334,75850904.0,2.19,1.29,0.1,4.1
2010-11-03,000529,7.82,7.82,8.07,7.8,111791,88478296.0,3.44,-0.51,-0.04,4.7
2010-11-04,000529,7.77,7.88,7.94,7.76,79045,61951340.0,2.3,0.77,0.06,3.33
2010-11-05,000529,7.93,7.9,7.96,7.81,101520,79867856.0,1.9,0.25,0.02,4.27
2010-11-08,000529,7.92,8.19,8.2,7.91,164511,132873712.0,3.67,3.67,0.29,6.92
2010-11-09,000529,8.19,8.04,8.2,7.99,117352,94655376.0,2.56,-1.83,-0.15,4.94
2010-11-10,000529,8.07,8.31,8.46,8.01,191083,157863600.0,5.6,3.36,0.27,8.04
2010-11-11,000529,8.32,8.18,8.5,8.18,202545,169829616.0,3.85,-1.56,-0.13,8.52
2010-11-12,000529,8.15,7.45,8.15,7.41,150286,117189760.0,9.05,-8.92,-0.73,6.32
2010-11-15,000529,7.41,7.49,7.55,7.35,83695,62224548.0,2.68,0.54,0.04,3.52
2010-11-16,000529,7.51,7.07,7.51,7.03,77917,56839204.0,6.41,-5.61,-0.42,3.28
2010-11-17,000529,7.09,6.96,7.2,6.92,51832,36727976.0,3.96,-1.56,-0.11,2.18
2010-11-18,000529,7.06,7.06,7.12,7.01,31590,22314764.0,1.58,1.44,0.1,1.33
2010-11-19,000529,7.1,7.12,7.12,6.93,42407,29826636.0,2.69,0.85,0.06,1.78
2010-11-22,000529,7.06,7.14,7.2,7.03,49372,35172192.0,2.39,0.28,0.02,2.08
2010-11-23,000529,7.1,6.9,7.13,6.79,53431,36981460.0,4.76,-3.36,-0.24,2.25
2010-11-24,000529,6.81,7.02,7.04,6.81,48446,33546962.0,3.33,1.74,0.12,2.04
2010-11-25,000529,7.05,7.12,7.12,7.0,50772,35889408.0,1.71,1.42,0.1,2.14
2010-11-26,000529,7.1,7.24,7.25,7.06,63881,45828212.0,2.67,1.69,0.12,2.69
2010-11-29,000529,7.22,7.17,7.22,7.08,37884,27067730.0,1.93,-0.97,-0.07,1.59
2010-11-30,000529,7.15,6.82,7.17,6.74,54738,37820664.0,6.0,-4.88,-0.35,2.3
2010-12-01,000529,6.8,6.88,6.9,6.8,27496,18844172.0,1.47,0.88,0.06,1.16
2010-12-02,000529,6.99,6.9,7.05,6.89,32437,22537560.0,2.33,0.29,0.02,1.36
2010-12-03,000529,6.87,6.82,6.91,6.72,28513,19388612.0,2.75,-1.16,-0.08,1.2
2010-12-06,000529,6.82,6.67,6.85,6.63,33301,22338348.0,3.23,-2.2,-0.15,1.4
2010-12-07,000529,6.66,6.73,6.76,6.54,24703,16435437.0,3.3,0.9,0.06,1.04
2010-12-08,000529,6.7,6.68,6.78,6.64,25671,17242104.0,2.08,-0.74,-0.05,1.08
2010-12-09,000529,6.65,6.51,6.68,6.5,27387,17988602.0,2.69,-2.54,-0.17,1.15
2010-12-10,000529,6.51,6.61,6.64,6.49,18458,12136579.0,2.3,1.54,0.1,0.78
2010-12-13,000529,6.63,6.78,6.79,6.6,30171,20297862.0,2.87,2.57,0.17,1.27
2010-12-14,000529,6.79,6.84,6.85,6.73,34101,23230842.0,1.77,0.88,0.06,1.43
2010-12-15,000529,6.86,6.82,6.9,6.76,34619,23637440.0,2.05,-0.29,-0.02,1.46
2010-12-16,000529,6.81,6.9,6.9,6.8,28770,19724436.0,1.47,1.17,0.08,1.21
2010-12-17,000529,6.86,6.9,6.94,6.86,22988,15855524.0,1.16,0.0,0.0,0.97
2010-12-20,000529,6.9,7.0,7.02,6.79,81910,56901736.0,3.33,1.45,0.1,3.45
2010-12-21,000529,6.98,6.97,7.0,6.81,43285,29904990.0,2.71,-0.43,-0.03,1.82
2010-12-22,000529,6.97,6.79,7.0,6.79,32874,22655262.0,3.01,-2.58,-0.18,1.38
2010-12-23,000529,6.8,6.69,6.86,6.68,22730,15376720.0,2.65,-1.47,-0.1,0.96
2010-12-24,000529,6.69,6.6,6.7,6.51,25024,16439476.0,2.84,-1.35,-0.09,1.05
2010-12-27,000529,6.6,6.44,6.73,6.41,22714,14939645.0,4.85,-2.42,-0.16,0.96
2010-12-28,000529,6.4,6.48,6.59,6.32,30300,19485108.0,4.19,0.62,0.04,1.27
2010-12-29,000529,6.4,6.53,6.55,6.4,12129,7882204.5,2.31,0.77,0.05,0.51
2010-12-30,000529,6.55,6.5,6.59,6.43,12754,8281757.0,2.45,-0.46,-0.03,0.54
2010-12-31,000529,6.5,6.59,6.6,6.46,13175,8625821.0,2.15,1.38,0.09,0.55
2011-01-04,000529,6.68,6.66,6.7,6.6,18858,12545304.0,1.52,1.06,0.07,0.79
2011-01-05,000529,6.67,6.62,6.68,6.58,19742,13059090.0,1.5,-0.6,-0.04,0.83
2011-01-06,000529,6.66,6.6,6.66,6.57,18668,12332456.0,1.36,-0.3,-0.02,0.79
2011-01-07,000529,6.62,6.64,6.68,6.59,22866,15158584.0,1.36,0.61,0.04,0.96
2011-01-10,000529,6.62,6.53,6.64,6.43,15387,10051800.0,3.16,-1.66,-0.11,0.65
2011-01-11,000529,6.53,6.48,6.53,6.39,12893,8319444.0,2.14,-0.77,-0.05,0.54
2011-01-13,000529,6.51,6.5,6.58,6.49,11294,7366697.0,1.39,0.31,0.02,0.48
2011-01-14,000529,6.41,6.36,6.47,6.36,15100,9665131.0,1.69,-2.15,-0.14,0.64
2011-01-17,000529,6.32,6.15,6.45,6.12,18754,11655413.0,5.19,-3.3,-0.21,0.79
2011-01-18,000529,6.14,6.17,6.21,6.11,7778,4801995.0,1.63,0.33,0.02,0.33
2011-01-19,000529,6.23,6.35,6.37,6.18,15227,9612904.0,3.08,2.92,0.18,0.64
2011-01-20,000529,6.33,6.06,6.34,6.04,22001,13568183.0,4.72,-4.57,-0.29,0.93
2011-01-21,000529,6.1,6.09,6.14,6.0,11269,6850345.5,2.31,0.5,0.03,0.47
2011-01-24,000529,6.1,5.98,6.1,5.98,14597,8787689.0,1.97,-1.81,-0.11,0.61
2011-01-25,000529,5.98,5.98,6.04,5.96,10307,6178267.0,1.34,0.0,0.0,0.43
2011-01-26,000529,6.04,6.06,6.06,6.0,8901,5366398.0,1.0,1.34,0.08,0.37
2011-01-27,000529,6.08,6.1,6.12,6.0,14949,9102450.0,1.98,0.66,0.04,0.63
2011-01-28,000529,6.11,6.2,6.25,6.1,19923,12279200.0,2.46,1.64,0.1,0.84
2011-01-31,000529,6.16,6.21,6.23,6.14,17947,11112407.0,1.45,0.16,0.01,0.76
2011-02-01,000529,6.22,6.21,6.23,6.17,11283,6992757.5,0.97,0.0,0.0,0.47
2011-02-09,000529,6.16,6.23,6.42,6.16,25614,16174555.0,4.19,0.32,0.02,1.08
2011-02-10,000529,6.3,6.38,6.39,6.23,24567,15629236.0,2.57,2.41,0.15,1.03
2011-02-11,000529,6.39,6.38,6.46,6.32,24709,15786704.0,2.19,0.0,0.0,1.04
2011-02-14,000529,6.39,6.48,6.54,6.38,33412,21640846.0,2.51,1.57,0.1,1.41
2011-02-15,000529,6.48,6.48,6.59,6.47,30226,19765960.0,1.85,0.0,0.0,1.27
2011-02-16,000529,6.47,6.58,6.58,6.43,23049,15018157.0,2.31,1.54,0.1,0.97
2011-02-17,000529,6.62,6.59,6.66,6.5,23437,15371739.0,2.43,0.15,0.01,0.99
2011-02-18,000529,6.58,6.47,6.58,6.46,26472,17222072.0,1.82,-1.82,-0.12,1.11
2011-02-21,000529,6.44,6.58,6.58,6.4,25594,16642960.0,2.78,1.7,0.11,1.08
2011-02-22,000529,6.6,6.43,6.6,6.42,24748,16061253.0,2.74,-2.28,-0.15,1.04
2011-02-23,000529,6.42,6.5,6.54,6.35,30111,19432818.0,2.95,1.09,0.07,1.27
2011-02-24,000529,6.47,6.75,6.79,6.47,68362,45563248.0,4.92,3.85,0.25,2.88
2011-02-25,000529,6.72,6.96,6.99,6.66,98132,67791968.0,4.89,3.11,0.21,4.13
2011-02-28,000529,6.92,6.97,6.98,6.77,47519,32773686.0,3.02,0.14,0.01,2.0
2011-03-01,000529,6.95,6.87,7.04,6.82,43704,30167502.0,3.16,-1.43,-0.1,1.84
2011-03-02,000529,6.8,6.87,6.9,6.74,35760,24355308.0,2.33,0.0,0.0,1.5
2011-03-03,000529,6.88,6.71,6.9,6.71,35584,24108518.0,2.77,-2.33,-0.16,1.5
2011-03-04,000529,6.7,6.79,6.82,6.68,25323,17108504.0,2.09,1.19,0.08,1.07
2011-03-07,000529,6.8,6.89,6.89,6.8,34627,23762364.0,1.33,1.47,0.1,1.46
2011-03-08,000529,6.89,6.86,6.94,6.82,25612,17573208.0,1.74,-0.44,-0.03,1.08
2011-03-09,000529,6.89,6.94,6.95,6.83,44274,30516460.0,1.75,1.17,0.08,1.86
2011-03-10,000529,6.96,6.91,6.99,6.85,46760,32357680.0,2.02,-0.43,-0.03,1.97
2011-03-11,000529,6.86,6.86,6.92,6.83,33024,22684066.0,1.3,-0.72,-0.05,1.39
2011-03-14,000529,6.85,6.9,6.93,6.8,40748,28058982.0,1.9,0.58,0.04,1.71
2011-03-15,000529,6.85,6.7,6.9,6.59,47498,31874726.0,4.49,-2.9,-0.2,2.0
2011-03-16,000529,6.69,6.73,6.76,6.64,54296,36339400.0,1.79,0.45,0.03,2.28
2011-03-17,000529,6.69,6.64,6.71,6.6,41672,27717894.0,1.63,-1.34,-0.09,1.75
2011-03-18,000529,6.68,6.68,6.72,6.62,23016,15361937.0,1.51,0.6,0.04,0.97
2011-03-21,000529,6.68,6.64,6.71,6.57,23664,15702312.0,2.1,-0.6,-0.04,1.0
2011-03-22,000529,6.67,6.59,6.67,6.53,18709,12310528.0,2.11,-0.75,-0.05,0.79
2011-03-23,000529,6.58,6.67,6.68,6.56,21569,14304681.0,1.82,1.21,0.08,0.91
2011-03-24,000529,6.66,6.7,6.75,6.63,34935,23388734.0,1.8,0.45,0.03,1.47
2011-03-25,000529,6.7,6.85,6.88,6.68,58237,39598672.0,2.99,2.24,0.15,2.28
2011-03-28,000529,6.82,6.87,6.96,6.82,49808,34354096.0,2.04,0.29,0.02,1.95
2011-03-29,000529,6.84,7.11,7.25,6.83,132844,93729992.0,6.11,3.49,0.24,5.19
2011-03-30,000529,7.09,7.12,7.3,7.03,83857,59722808.0,3.8,0.14,0.01,3.28
2011-03-31,000529,7.15,7.53,7.82,7.12,323823,244670016.0,9.83,5.76,0.41,12.65
2011-04-01,000529,7.4,7.49,7.6,7.22,152040,112811120.0,5.05,-0.53,-0.04,5.94
2011-04-06,000529,7.4,7.43,7.61,7.34,98567,73438472.0,3.6,-0.8,-0.06,3.85
2011-04-07,000529,7.43,7.37,7.59,7.22,112969,83199200.0,4.98,-0.81,-0.06,4.41
2011-04-08,000529,7.33,7.52,7.58,7.24,120125,89771320.0,4.61,2.04,0.15,4.69
2011-04-11,000529,7.48,7.52,7.62,7.4,100221,75269488.0,2.93,0.0,0.0,3.92
2011-04-12,000529,7.5,7.68,7.72,7.46,128306,97681600.0,3.46,2.13,0.16,5.01
2011-04-13,000529,7.68,7.67,7.83,7.63,86914,66934020.0,2.6,-0.13,-0.01,3.4
2011-04-14,000529,7.64,7.51,7.79,7.51,99585,76029888.0,3.65,-2.09,-0.16,3.89
2011-04-15,000529,7.45,7.36,7.46,7.33,87174,64364848.0,1.73,-2.0,-0.15,3.41
2011-04-18,000529,7.34,7.38,7.47,7.25,65058,47866832.0,2.99,0.27,0.02,2.54
2011-04-20,000529,7.29,7.22,7.37,7.18,67236,48817740.0,2.57,-2.17,-0.16,2.63
2011-04-21,000529,7.25,7.25,7.29,7.16,38371,27782918.0,1.8,0.42,0.03,1.5
2011-04-22,000529,7.29,7.35,7.49,7.26,66992,49532076.0,3.17,1.38,0.1,2.62
2011-04-25,000529,7.31,7.0,7.33,6.95,69488,49358908.0,5.17,-4.76,-0.35,2.72
2011-04-26,000529,7.05,6.88,7.07,6.86,33484,23288846.0,3.0,-1.71,-0.12,1.31
2011-04-27,000529,6.9,6.94,6.99,6.9,29046,20164110.0,1.31,0.87,0.06,1.14
2011-04-28,000529,7.0,6.7,7.01,6.67,31572,21591786.0,4.9,-3.46,-0.24,1.23
2011-04-29,000529,6.75,6.76,6.8,6.7,19128,12925000.0,1.49,0.9,0.06,0.75
2011-05-03,000529,6.79,6.93,6.96,6.71,23548,16142446.0,3.7,2.51,0.17,0.92
2011-05-04,000529,6.9,6.77,6.94,6.68,19257,13186109.0,3.75,-2.31,-0.16,0.75
2011-05-05,000529,6.78,6.85,6.91,6.77,20599,14146906.0,2.07,1.18,0.08,0.8
2011-05-06,000529,6.84,6.94,6.95,6.73,23552,16283522.0,3.21,1.31,0.09,0.92
2011-05-09,000529,6.94,6.9,7.04,6.85,25961,17956592.0,2.74,-0.58,-0.04,1.01
2011-05-10,000529,6.9,6.99,7.0,6.85,26850,18609580.0,2.17,1.3,0.09,1.05
2011-05-11,000529,6.95,7.03,7.07,6.93,40401,28406792.0,2.0,0.57,0.04,1.58
2011-05-12,000529,7.02,6.93,7.05,6.85,34349,23900738.0,2.84,-1.42,-0.1,1.34
2011-05-13,000529,6.93,6.96,6.99,6.82,29243,20205878.0,2.45,0.43,0.03,1.14
2011-05-16,000529,6.95,7.1,7.15,6.92,39992,28255122.0,3.3,2.01,0.14,1.56
2011-05-17,000529,7.1,7.04,7.12,6.93,28490,19998158.0,2.68,-0.85,-0.06,1.11
2011-05-18,000529,7.03,7.06,7.1,6.95,23903,16789738.0,2.13,0.28,0.02,0.93
2011-05-19,000529,7.07,6.91,7.12,6.9,33585,23472600.0,3.12,-2.12,-0.15,1.31
2011-05-20,000529,6.93,6.9,6.97,6.85,19130,13237743.0,1.74,-0.14,-0.01,0.75
2011-05-23,000529,6.9,6.61,6.9,6.6,33988,22823478.0,4.35,-4.2,-0.29,1.33
2011-05-24,000529,6.62,6.58,6.68,6.49,17931,11734036.0,2.87,-0.45,-0.03,0.7
2011-05-25,000529,6.58,6.6,6.7,6.55,17727,11737505.0,2.28,0.3,0.02,0.69
2011-05-26,000529,6.65,7.26,7.26,6.63,141361,101419712.0,9.55,10.0,0.66,5.52
2011-05-27,000529,7.3,7.09,7.33,6.95,175423,125761864.0,5.23,-2.34,-0.17,6.86
2011-05-30,000529,7.02,6.49,7.06,6.38,91117,59902756.0,9.59,-8.46,-0.6,3.56
2011-05-31,000529,6.48,6.66,6.66,6.4,46212,30213866.0,4.01,2.62,0.17,1.81
2011-06-01,000529,6.6,7.33,7.33,6.54,187547,135398768.0,11.86,10.06,0.67,7.33
2011-06-02,000529,7.28,7.4,7.48,7.15,279170,205166160.0,4.5,0.95,0.07,10.91
2011-06-03,000529,7.33,7.39,7.48,7.23,152285,112593776.0,3.38,-0.14,-0.01,5.95
2011-06-07,000529,7.38,7.44,7.58,7.28,146651,109141312.0,4.06,0.68,0.05,5.73
2011-06-08,000529,7.39,7.5,7.61,7.22,159665,118745376.0,5.24,0.81,0.06,6.24
2011-06-09,000529,7.44,7.31,7.5,7.24,115091,84672712.0,3.47,-2.53,-0.19,4.5
2011-06-10,000529,7.25,7.3,7.31,7.03,105455,75577936.0,3.83,-0.14,-0.01,4.12
2011-06-13,000529,7.18,7.06,7.2,6.9,87568,61742164.0,4.11,-3.29,-0.24,3.42
2011-06-14,000529,7.05,7.22,7.28,7.05,83095,59796808.0,3.26,2.27,0.16,3.25
2011-06-15,000529,7.19,7.19,7.35,7.09,72354,52132400.0,3.6,-0.42,-0.03,2.83
2011-06-16,000529,7.1,6.81,7.17,6.75,85549,59224540.0,5.84,-5.29,-0.38,3.34
2011-06-17,000529,6.79,6.77,7.12,6.72,59567,41294064.0,5.87,-0.59,-0.04,2.33
2011-06-20,000529,6.58,6.51,6.6,6.31,69033,44604236.0,4.28,-3.84,-0.26,2.7
2011-06-21,000529,6.52,6.62,6.65,6.43,36581,23913230.0,3.38,1.69,0.11,1.43
2011-06-22,000529,6.61,6.64,6.71,6.55,38659,25673852.0,2.42,0.3,0.02,1.51
2011-06-23,000529,6.58,6.67,6.7,6.45,42008,27693632.0,3.77,0.45,0.03,1.64
2011-06-24,000529,6.59,6.78,6.83,6.59,46188,31220104.0,3.6,1.65,0.11,1.8
2011-06-27,000529,6.8,7.07,7.2,6.8,80645,56427316.0,5.9,4.28,0.29,3.15
2011-06-28,000529,7.08,6.99,7.1,6.92,47370,33111886.0,2.55,-1.13,-0.08,1.85
2011-06-29,000529,7.0,6.96,7.19,6.96,54860,38817460.0,3.29,-0.43,-0.03,2.14
2011-06-30,000529,6.96,6.97,7.08,6.94,47563,33200766.0,2.01,0.14,0.01,1.86
2011-07-01,000529,7.03,6.93,7.03,6.88,36299,25185622.0,2.15,-0.57,-0.04,1.42
2011-07-04,000529,6.95,7.07,7.07,6.93,63966,44849952.0,2.02,2.02,0.14,2.5
2011-07-05,000529,7.09,7.15,7.23,7.02,69323,49384344.0,2.97,1.13,0.08,2.71
2011-07-06,000529,7.11,7.07,7.13,7.0,54377,38334116.0,1.82,-1.12,-0.08,2.12
2011-07-07,000529,7.05,7.08,7.19,7.0,64595,45858216.0,2.69,0.14,0.01,2.52
2011-07-08,000529,7.1,7.26,7.26,7.02,79357,56764740.0,3.39,2.54,0.18,3.1
2011-07-11,000529,7.22,7.26,7.36,7.14,79290,57587932.0,3.03,0.0,0.0,3.1
2011-07-12,000529,7.17,7.23,7.45,7.09,104607,76241600.0,4.96,-0.41,-0.03,4.09
2011-07-13,000529,7.28,7.95,7.95,7.2,227958,179457728.0,10.37,9.96,0.72,8.91
2011-07-14,000529,8.45,8.75,8.75,8.39,479484,411973280.0,4.53,10.06,0.8,18.74
2011-07-19,000529,8.53,8.39,8.66,8.2,483734,405718848.0,5.26,-4.11,-0.36,18.9
2011-07-20,000529,8.39,8.22,8.47,8.15,270816,224487680.0,3.81,-2.03,-0.17,10.58
2011-07-21,000529,8.23,8.11,8.31,7.97,292696,236865408.0,4.14,-1.34,-0.11,11.44
2011-07-22,000529,8.12,8.11,8.21,8.03,180493,146496880.0,2.22,0.0,0.0,7.05
2011-07-25,000529,8.08,8.1,8.22,7.75,337393,271480448.0,5.8,-0.12,-0.01,13.18
2011-07-26,000529,8.0,8.03,8.1,7.86,185006,147662352.0,2.96,-0.86,-0.07,7.23
2011-07-27,000529,8.0,8.2,8.22,7.8,266107,212427408.0,5.23,2.12,0.17,10.4
2011-07-28,000529,8.05,8.0,8.15,7.87,168649,135177296.0,3.41,-2.44,-0.2,6.59
2011-07-29,000529,8.02,7.56,8.18,7.52,230723,181935024.0,8.25,-5.5,-0.44,9.02
2011-08-01,000529,7.48,7.59,7.88,7.4,127899,97254160.0,6.35,0.4,0.03,5.0
2011-08-02,000529,7.54,7.49,7.55,7.3,94263,69960000.0,3.29,-1.32,-0.1,3.68
2011-08-03,000529,7.46,7.49,7.65,7.4,89154,67348424.0,3.34,0.0,0.0,3.48
2011-08-04,000529,7.58,7.49,7.68,7.47,72771,55056304.0,2.8,0.0,0.0,2.84
2011-08-05,000529,7.19,7.24,7.35,7.18,99983,72599888.0,2.27,-3.34,-0.25,3.91
2011-08-08,000529,7.13,6.76,7.28,6.72,121046,84413664.0,7.73,-6.63,-0.48,4.73
2011-08-09,000529,6.5,6.84,6.91,6.35,124024,82734464.0,8.28,1.18,0.08,4.85
2011-08-10,000529,6.94,6.93,7.23,6.87,142888,100649896.0,5.26,1.32,0.09,5.58
2011-08-11,000529,6.75,7.06,7.09,6.7,88157,60995336.0,5.63,1.88,0.13,3.45
2011-08-12,000529,7.06,7.08,7.22,7.02,106901,76028368.0,2.83,0.28,0.02,4.18
2011-08-15,000529,7.13,7.23,7.29,7.02,104002,74777384.0,3.81,2.12,0.15,4.06
2011-08-16,000529,7.27,7.1,7.27,7.08,69124,49369796.0,2.63,-1.8,-0.13,2.7
2011-08-17,000529,7.1,7.04,7.16,6.96,63521,44921316.0,2.82,-0.85,-0.06,2.48
2011-08-18,000529,7.07,7.02,7.17,6.98,67082,47423228.0,2.7,-0.28,-0.02,2.62
2011-08-19,000529,6.8,6.98,7.05,6.73,62332,43257552.0,4.56,-0.57,-0.04,2.44
2011-08-22,000529,6.97,7.19,7.3,6.82,128651,91358376.0,6.88,3.01,0.21,5.03
2011-08-23,000529,7.27,7.3,7.39,7.16,106326,77144408.0,3.2,1.53,0.11,4.16
2011-08-24,000529,7.28,7.21,7.36,7.17,88241,64024252.0,2.6,-1.23,-0.09,3.45
2011-08-25,000529,7.24,7.39,7.48,7.22,141685,104895464.0,3.61,2.5,0.18,5.54
2011-08-26,000529,7.36,7.43,7.43,7.32,75172,55439592.0,1.49,0.54,0.04,2.94
2011-08-29,000529,7.4,7.47,7.64,7.36,115131,86408768.0,3.77,0.54,0.04,4.5
2011-08-30,000529,7.55,7.23,7.58,7.22,81891,60581636.0,4.82,-3.21,-0.24,3.2
2011-08-31,000529,7.21,7.27,7.36,7.13,47541,34434256.0,3.18,0.55,0.04,1.86
2011-09-01,000529,7.33,7.08,7.33,7.05,58163,41679272.0,3.85,-2.61,-0.19,2.27
2011-09-02,000529,7.08,6.98,7.08,6.9,57406,40011176.0,2.54,-1.41,-0.1,2.24
2011-09-05,000529,6.96,6.74,6.96,6.74,39901,27183514.0,3.15,-3.44,-0.24,1.56
2011-09-06,000529,6.8,6.82,6.85,6.69,41700,28200800.0,2.37,1.19,0.08,1.63
2011-09-07,000529,6.81,7.04,7.08,6.8,38253,26534882.0,4.11,3.23,0.22,1.49
2011-09-08,000529,7.03,6.9,7.07,6.9,34046,23780136.0,2.41,-1.99,-0.14,1.33
2011-09-09,000529,6.9,6.84,7.07,6.8,38889,26969528.0,3.91,-0.87,-0.06,1.52
2011-09-13,000529,6.74,6.72,6.81,6.62,29872,20050648.0,2.78,-1.75,-0.12,1.17
2011-09-14,000529,6.74,6.84,6.86,6.64,35092,23725410.0,3.27,1.79,0.12,1.37
2011-09-15,000529,6.83,6.9,6.91,6.8,28073,19224954.0,1.61,0.88,0.06,1.1
2011-09-16,000529,6.96,6.77,6.97,6.75,39543,27084948.0,3.19,-1.88,-0.13,1.55
2011-09-19,000529,6.74,6.68,6.77,6.64,19218,12870007.0,1.92,-1.33,-0.09,0.75
2011-09-20,000529,6.68,6.71,6.77,6.67,22591,15162354.0,1.5,0.45,0.03,0.88
2011-09-21,000529,6.72,6.88,6.89,6.7,34796,23751480.0,2.83,2.53,0.17,1.36
2011-09-22,000529,6.85,6.7,6.88,6.7,28534,19382908.0,2.62,-2.62,-0.18,1.12
2011-09-23,000529,6.65,6.72,6.75,6.45,39544,26213978.0,4.48,0.3,0.02,1.55
2011-09-26,000529,6.7,6.54,6.76,6.54,22137,14697663.0,3.27,-2.68,-0.18,0.87
2011-09-27,000529,6.6,6.59,6.66,6.52,25702,16937072.0,2.14,0.76,0.05,1.0
2011-09-28,000529,6.62,6.38,6.65,6.38,30827,20095416.0,4.1,-3.19,-0.21,1.2
2011-09-29,000529,6.4,6.16,6.43,6.14,36617,22845112.0,4.55,-3.45,-0.22,1.43
2011-09-30,000529,6.21,6.78,6.78,6.07,133872,88908160.0,11.53,10.06,0.62,5.23
2011-10-10,000529,6.9,6.74,6.97,6.71,84118,57453992.0,3.83,-0.59,-0.04,3.29
2011-10-11,000529,6.9,6.9,7.23,6.77,114481,80022216.0,6.82,2.37,0.16,4.47
2011-10-12,000529,6.82,7.16,7.17,6.79,88608,62343184.0,5.51,3.77,0.26,3.46
2011-10-13,000529,7.17,7.19,7.25,7.04,91977,65701884.0,2.93,0.42,0.03,3.59
2011-10-14,000529,7.18,7.03,7.18,6.96,48998,34547084.0,3.06,-2.23,-0.16,1.91
2011-10-17,000529,7.03,7.09,7.1,6.95,43544,30605104.0,2.13,0.85,0.06,1.7
2011-10-18,000529,7.07,6.77,7.07,6.77,43650,30107746.0,4.23,-4.51,-0.32,1.71
2011-10-19,000529,6.8,6.76,6.94,6.72,34947,23846942.0,3.25,-0.15,-0.01,1.37
2011-10-20,000529,6.76,6.59,6.8,6.47,41284,27181444.0,4.88,-2.51,-0.17,1.61
2011-10-21,000529,6.59,6.51,6.67,6.51,22089,14516267.0,2.43,-1.21,-0.08,0.86
2011-10-24,000529,6.6,6.75,6.79,6.33,42062,27744608.0,7.07,3.69,0.24,1.64
2011-10-25,000529,6.72,7.31,7.43,6.72,214938,157231616.0,10.52,8.3,0.56,8.4
2011-10-26,000529,7.1,7.24,7.41,7.04,160215,115461512.0,5.06,-0.96,-0.07,6.26
2011-10-27,000529,7.16,7.27,7.37,7.13,95982,69466976.0,3.31,0.41,0.03,3.75
2011-10-28,000529,7.36,7.37,7.48,7.27,116383,85832864.0,2.89,1.38,0.1,4.55
2011-10-31,000529,7.32,7.33,7.49,7.2,87842,64604044.0,3.93,-0.54,-0.04,3.43
2011-11-01,000529,7.22,7.39,7.46,7.22,84795,62324600.0,3.27,0.82,0.06,3.31
2011-11-02,000529,7.29,7.67,7.75,7.22,164985,123980896.0,7.17,3.79,0.28,6.45
2011-11-03,000529,7.68,7.46,7.7,7.46,140121,105892592.0,3.13,-2.74,-0.21,5.48
2011-11-04,000529,7.5,7.45,7.6,7.37,77725,58025868.0,3.08,-0.13,-0.01,3.04
2011-11-07,000529,7.45,7.76,7.94,7.35,175842,134993648.0,7.92,4.16,0.31,6.87
2011-11-08,000529,7.67,7.53,7.85,7.52,107702,82839328.0,4.25,-2.96,-0.23,4.21
2011-11-09,000529,7.57,7.68,7.7,7.33,90996,68592616.0,4.91,1.99,0.15,3.56
2011-11-10,000529,7.6,7.41,7.81,7.41,97702,74281384.0,5.21,-3.52,-0.27,3.82
2011-11-11,000529,7.42,7.65,7.85,7.3,145735,111132072.0,7.42,3.24,0.24,5.7
2011-11-14,000529,7.75,7.78,7.91,7.63,123312,95706576.0,3.66,1.7,0.13,4.82
2011-11-16,000529,7.75,7.5,7.93,7.46,101218,77483736.0,6.04,-3.6,-0.28,3.96
2011-11-17,000529,7.6,7.5,7.74,7.48,76826,58551312.0,3.47,0.0,0.0,3.0
2011-11-18,000529,7.41,7.22,7.48,7.17,73795,53762824.0,4.13,-3.73,-0.28,2.88
2011-11-21,000529,7.21,7.32,7.34,7.19,34247,24917796.0,2.08,1.39,0.1,1.34
2011-11-22,000529,7.29,7.23,7.36,7.15,45596,33065240.0,2.87,-1.23,-0.09,1.78
2011-11-23,000529,7.26,7.21,7.28,7.15,29709,21475864.0,1.8,-0.28,-0.02,1.16
2011-11-24,000529,7.13,7.21,7.27,7.04,39721,28415042.0,3.19,0.0,0.0,1.55
2011-11-25,000529,7.23,7.14,7.28,7.1,33386,24014866.0,2.5,-0.97,-0.07,1.3
2011-11-28,000529,7.1,7.0,7.19,6.97,39834,28058286.0,3.08,-1.96,-0.14,1.56
2011-11-29,000529,7.11,7.14,7.15,7.0,39640,28034156.0,2.14,2.0,0.14,1.55
2011-11-30,000529,7.1,6.82,7.1,6.72,58850,40564208.0,5.32,-4.48,-0.32,2.3
2011-12-01,000529,6.97,7.08,7.21,6.96,66697,47404400.0,3.67,3.81,0.26,2.61
2011-12-02,000529,7.08,7.14,7.23,7.04,41685,29740156.0,2.68,0.85,0.06,1.63
2011-12-05,000529,7.15,6.95,7.15,6.93,32503,22753080.0,3.08,-2.66,-0.19,1.27
2011-12-06,000529,6.9,6.95,6.99,6.82,20045,13837557.0,2.45,0.0,0.0,0.78
2011-12-07,000529,6.97,6.91,7.01,6.89,16063,11146479.0,1.73,-0.58,-0.04,0.63
2011-12-08,000529,7.08,7.07,7.2,6.92,65505,46436392.0,4.05,2.32,0.16,2.56
2011-12-09,000529,6.99,6.92,7.04,6.8,35731,24716776.0,3.39,-2.12,-0.15,1.4
2011-12-12,000529,6.95,6.85,6.97,6.84,21683,14965024.0,1.88,-1.01,-0.07,0.85
2011-12-13,000529,6.8,6.65,6.81,6.56,36253,24150424.0,3.65,-2.92,-0.2,1.42
2011-12-14,000529,6.7,6.64,6.75,6.63,17545,11715623.0,1.8,-0.15,-0.01,0.69
2011-12-15,000529,6.6,6.5,6.69,6.49,29316,19251754.0,3.01,-2.11,-0.14,1.15
2011-12-16,000529,6.54,6.7,6.7,6.39,30502,19994252.0,4.77,3.08,0.2,1.19
2011-12-19,000529,6.69,6.73,6.75,6.53,23979,15916845.0,3.28,0.45,0.03,0.94
2011-12-20,000529,6.7,6.65,6.78,6.65,21025,14103137.0,1.93,-1.19,-0.08,0.82
2011-12-21,000529,6.73,6.52,6.73,6.52,19245,12741958.0,3.16,-1.95,-0.13,0.75
2011-12-22,000529,6.54,6.46,6.55,6.37,33035,21360880.0,2.76,-0.92,-0.06,1.29
2011-12-23,000529,6.44,6.53,6.59,6.4,16409,10687055.0,2.94,1.08,0.07,0.64
2011-12-26,000529,6.51,6.54,6.57,6.46,14078,9182099.0,1.68,0.15,0.01,0.55
2011-12-27,000529,6.51,6.35,6.56,6.33,17376,11171850.0,3.52,-2.91,-0.19,0.68
2011-12-28,000529,6.3,6.24,6.32,6.09,27465,17001498.0,3.62,-1.73,-0.11,1.07
2011-12-29,000529,6.22,6.24,6.32,6.19,15322,9604364.0,2.08,0.0,0.0,0.6
2011-12-30,000529,6.26,6.34,6.35,6.26,15517,9801592.0,1.44,1.6,0.1,0.61
2012-01-04,000529,6.36,6.29,6.41,6.29,17398,11077784.0,1.89,-0.79,-0.05,0.68
2012-01-05,000529,6.21,6.14,6.31,6.13,16835,10454073.0,2.86,-2.38,-0.15,0.66
2012-01-06,000529,6.12,6.18,6.19,5.97,16204,9851490.0,3.58,0.65,0.04,0.63
2012-01-09,000529,6.18,6.4,6.41,6.14,19979,12613660.0,4.37,3.56,0.22,0.78
2012-01-10,000529,6.39,6.57,6.62,6.34,30424,19860834.0,4.38,2.66,0.17,1.19
2012-01-11,000529,6.51,6.53,6.58,6.46,18923,12321965.0,1.83,-0.61,-0.04,0.74
2012-01-12,000529,6.49,6.6,6.61,6.48,23173,15176968.0,1.99,1.07,0.07,0.91
2012-01-16,000529,6.46,6.24,6.46,6.24,23568,14983146.0,3.33,-5.45,-0.36,0.92
2012-01-17,000529,6.23,6.53,6.62,6.22,18882,12145021.0,6.41,4.65,0.29,0.74
2012-01-18,000529,6.54,6.47,6.63,6.43,18467,11996626.0,3.06,-0.92,-0.06,0.72
2012-01-19,000529,6.5,6.45,6.51,6.38,18057,11641812.0,2.01,-0.31,-0.02,0.71
2012-01-20,000529,6.48,6.51,6.54,6.44,18217,11809362.0,1.55,0.93,0.06,0.71
2012-01-30,000529,6.52,6.42,6.55,6.42,10160,6597978.0,2.0,-1.38,-0.09,0.4
2012-01-31,000529,6.45,6.36,6.46,6.34,9051,5784471.0,1.87,-0.93,-0.06,0.35
2012-02-01,000529,6.38,6.34,6.49,6.32,11386,7282198.0,2.67,-0.31,-0.02,0.44
2012-02-02,000529,6.4,6.54,6.55,6.37,26037,16891390.0,2.84,3.15,0.2,1.02
2012-02-03,000529,6.49,6.58,6.65,6.47,21171,13887293.0,2.75,0.61,0.04,0.83
2012-02-06,000529,6.63,6.57,6.63,6.52,17819,11700403.0,1.67,-0.15,-0.01,0.7
2012-02-07,000529,6.56,6.43,6.57,6.35,16353,10565535.0,3.35,-2.13,-0.14,0.64
2012-02-08,000529,6.46,6.56,6.6,6.42,17579,11468378.0,2.8,2.02,0.13,0.69
2012-02-09,000529,6.58,6.57,6.65,6.56,27167,17934898.0,1.37,0.15,0.01,1.06
2012-02-10,000529,6.59,6.7,6.71,6.54,35468,23572904.0,2.59,1.98,0.13,1.39
2012-02-13,000529,6.69,6.7,6.73,6.6,26317,17596374.0,1.94,0.0,0.0,1.03
2012-02-14,000529,6.67,6.65,6.75,6.62,21668,14456290.0,1.94,-0.75,-0.05,0.85
2012-02-15,000529,6.69,6.79,6.81,6.62,32129,21637310.0,2.86,2.11,0.14,1.26
2012-02-16,000529,6.75,6.84,6.93,6.72,42890,29356574.0,3.09,0.74,0.05,1.68
2012-02-17,000529,6.82,6.76,6.91,6.71,31589,21389838.0,2.92,-1.17,-0.08,1.23
2012-02-20,000529,6.8,6.79,6.88,6.7,28863,19559476.0,2.66,0.44,0.03,1.13
2012-02-21,000529,6.76,6.8,6.85,6.68,17765,12032085.0,2.5,0.15,0.01,0.69
2012-02-22,000529,6.81,6.97,6.99,6.73,54155,37298064.0,3.82,2.5,0.17,2.12
2012-02-23,000529,6.92,7.0,7.01,6.9,38972,27084364.0,1.58,0.43,0.03,1.52
2012-02-24,000529,6.96,7.08,7.21,6.95,45362,32157746.0,3.71,1.14,0.08,1.77
2012-02-27,000529,7.08,7.08,7.22,7.03,61022,43419196.0,2.68,0.0,0.0,2.38
2012-02-28,000529,7.06,6.99,7.13,6.92,33817,23654520.0,2.97,-1.27,-0.09,1.32
2012-02-29,000529,7.01,6.91,7.03,6.88,32734,22762794.0,2.15,-1.14,-0.08,1.28
2012-03-01,000529,6.85,6.9,6.96,6.85,20027,13839557.0,1.59,-0.14,-0.01,0.78
2012-03-02,000529,6.94,7.03,7.03,6.85,42975,29757918.0,2.61,1.88,0.13,1.68
2012-03-05,000529,7.02,7.0,7.15,6.98,46570,32907560.0,2.42,-0.43,-0.03,1.82
2012-03-06,000529,6.96,6.94,7.08,6.9,33606,23427732.0,2.57,-0.86,-0.06,1.31
2012-03-07,000529,6.92,6.92,7.01,6.86,28447,19744250.0,2.16,-0.29,-0.02,1.11
2012-03-08,000529,6.92,7.21,7.4,6.91,100957,72250728.0,7.08,4.19,0.29,3.95
2012-03-09,000529,7.22,7.22,7.27,7.16,38085,27457768.0,1.53,0.14,0.01,1.49
2012-03-12,000529,7.21,7.13,7.22,7.1,32575,23344404.0,1.66,-1.25,-0.09,1.27
2012-03-13,000529,7.13,7.24,7.3,7.13,38212,27561812.0,2.38,1.54,0.11,1.49
2012-03-14,000529,7.24,6.87,7.28,6.83,65331,46249236.0,6.22,-5.11,-0.37,2.55
2012-03-15,000529,6.88,6.93,6.96,6.77,44644,30780300.0,2.77,0.87,0.06,1.74
2012-03-16,000529,6.86,7.12,7.14,6.86,48456,33983272.0,4.04,2.74,0.19,1.89
2012-03-19,000529,7.12,7.43,7.7,7.1,119040,88651160.0,8.43,4.35,0.31,4.65
2012-03-20,000529,7.35,7.26,7.43,7.21,65872,48032983.0,2.96,-2.29,-0.17,2.57
2012-03-21,000529,7.26,7.35,7.38,7.1,47242,34341801.0,3.86,1.24,0.09,1.85
2012-03-22,000529,7.36,7.21,7.37,7.18,26878,19475417.0,2.59,-1.9,-0.14,1.05
2012-03-23,000529,7.12,7.0,7.2,6.9,34901,24679803.0,4.16,-2.91,-0.21,1.36
2012-03-26,000529,6.99,7.12,7.12,6.94,21904,15404469.0,2.57,1.71,0.12,0.86
2012-03-27,000529,7.14,6.93,7.18,6.93,22502,15910477.0,3.51,-2.67,-0.19,0.88
2012-03-28,000529,6.92,6.76,7.03,6.74,39688,27240055.0,4.18,-2.45,-0.17,1.55
2012-03-29,000529,6.7,6.66,6.81,6.66,24633,16587495.0,2.22,-1.48,-0.1,0.96
2012-03-30,000529,6.67,6.53,6.73,6.42,33262,21758107.0,4.65,-1.95,-0.13,1.3
2012-04-05,000529,6.54,6.69,6.74,6.54,19076,12690405.0,3.06,2.45,0.16,0.75
2012-04-06,000529,6.69,6.73,6.75,6.65,17628,11824949.0,1.49,0.6,0.04,0.69
2012-04-09,000529,6.73,6.6,6.74,6.54,12688,8451708.0,2.97,-1.93,-0.13,0.5
2012-04-10,000529,6.68,6.79,6.8,6.58,16896,11316205.0,3.33,2.88,0.19,0.66
2012-04-11,000529,6.77,6.74,6.83,6.68,18511,12491926.0,2.21,-0.74,-0.05,0.72
2012-04-12,000529,6.74,6.91,6.95,6.73,27369,18808524.0,3.26,2.52,0.17,1.07
2012-04-13,000529,6.88,7.15,7.41,6.78,76872,54739538.0,9.12,3.47,0.24,3.0
2012-04-16,000529,7.1,7.1,7.2,7.06,35994,25630187.0,1.96,-0.7,-0.05,1.41
2012-04-17,000529,7.1,6.91,7.2,6.89,39291,27568922.0,4.37,-2.68,-0.19,1.54
2012-04-19,000529,7.02,7.03,7.18,7.0,34019,24046160.0,2.6,1.74,0.12,1.33
2012-04-20,000529,7.04,7.17,7.25,7.0,45043,32160841.0,3.56,1.99,0.14,1.76
2012-04-23,000529,7.19,7.15,7.34,7.05,62692,45194764.0,4.04,-0.28,-0.02,2.45
2012-04-24,000529,7.1,7.21,7.3,6.93,83252,59503065.0,5.17,0.84,0.06,3.25
2012-04-25,000529,7.19,7.4,7.51,7.17,117087,86363019.0,4.72,2.64,0.19,4.58
2012-04-26,000529,7.49,7.15,7.5,7.13,65052,47150710.0,5.0,-3.38,-0.25,2.54
2012-04-27,000529,7.2,7.08,7.29,7.06,33913,24236397.0,3.22,-0.98,-0.07,1.33
2012-05-02,000529,7.17,7.22,7.25,7.1,31013,22251597.0,2.12,1.98,0.14,1.21
2012-05-03,000529,7.22,7.25,7.28,7.15,25644,18520946.0,1.8,0.42,0.03,1.0
2012-05-04,000529,7.25,7.2,7.28,7.18,32176,23254630.0,1.38,-0.69,-0.05,1.26
2012-05-07,000529,7.21,7.11,7.21,7.0,43516,30850008.0,2.92,-1.25,-0.09,1.7
2012-05-08,000529,7.15,7.12,7.15,7.04,31970,22707139.0,1.55,0.14,0.01,1.25
2012-05-09,000529,7.1,6.92,7.1,6.89,61704,42882768.0,2.95,-2.81,-0.2,2.41
2012-05-10,000529,6.93,6.94,7.04,6.9,41263,28717250.0,2.02,0.29,0.02,1.61
2012-05-11,000529,6.9,6.99,7.03,6.88,40030,27920848.0,2.16,0.72,0.05,1.56
2012-05-14,000529,7.08,7.22,7.56,7.05,151605,111234600.0,7.3,3.29,0.23,5.92
2012-05-15,000529,7.3,7.86,7.94,7.22,398561,311205056.0,9.97,8.86,0.64,15.58
2012-05-16,000529,7.7,7.6,7.76,7.47,217667,165770504.0,3.69,-3.31,-0.26,8.51
2012-05-17,000529,7.55,7.74,7.86,7.51,164318,126117596.0,4.61,1.84,0.14,6.42
2012-05-18,000529,7.66,7.33,7.66,7.27,128324,95583756.0,5.04,-5.3,-0.41,5.01
2012-05-21,000529,7.31,7.44,7.53,7.27,76846,57084485.0,3.55,1.5,0.11,3.0
2012-05-22,000529,7.44,7.49,7.62,7.4,57780,43329662.0,2.96,0.67,0.05,2.26
2012-05-23,000529,7.44,7.99,8.24,7.39,217053,172307591.0,11.35,6.68,0.5,8.48
2012-05-24,000529,7.83,8.14,8.4,7.79,217302,176749548.0,7.63,1.88,0.15,8.49
2012-05-25,000529,8.12,8.0,8.21,7.92,120038,96225012.0,3.56,-1.72,-0.14,4.69
2012-05-28,000529,7.92,8.2,8.2,7.8,120519,96926555.0,5.0,2.5,0.2,4.71
2012-05-29,000529,8.26,8.08,8.74,8.03,203683,169769343.0,8.66,-1.46,-0.12,7.96
2012-05-30,000529,7.98,7.98,8.1,7.88,102707,81754996.0,2.72,-1.24,-0.1,4.01
2012-05-31,000529,7.9,7.98,8.13,7.85,76450,61297819.0,3.51,0.0,0.0,2.99
2012-06-01,000529,7.98,8.41,8.42,7.93,136152,112160883.0,6.14,5.39,0.43,5.32
2012-06-04,000529,8.28,8.19,8.64,8.14,146233,122429588.0,5.95,-2.62,-0.22,5.71
2012-06-05,000529,8.16,8.01,8.28,7.96,80037,64554261.0,3.91,-2.2,-0.18,3.13
2012-06-06,000529,7.99,7.86,8.2,7.76,75641,60199173.0,5.49,-1.87,-0.15,2.96
2012-06-07,000529,7.98,7.73,8.02,7.71,53854,42379927.0,3.94,-1.65,-0.13,2.1
2012-06-11,000529,7.85,7.99,8.02,7.63,62313,48634467.0,5.05,3.36,0.26,2.44
2012-06-12,000529,7.96,8.03,8.08,7.88,43686,34944525.0,2.5,0.5,0.04,1.71
2012-06-13,000529,8.04,8.15,8.2,7.95,53770,43497836.0,3.11,1.49,0.12,2.1
2012-06-14,000529,8.13,7.91,8.26,7.9,62032,50166523.0,4.42,-2.94,-0.24,2.42
2012-06-15,000529,7.9,7.86,7.94,7.66,45900,35908402.0,3.54,-0.63,-0.05,1.79
2012-06-18,000529,7.87,7.88,7.96,7.76,31039,24505869.0,2.54,0.25,0.02,1.21
2012-06-19,000529,7.9,7.97,8.17,7.86,57531,46297256.0,3.93,1.14,0.09,2.25
2012-06-20,000529,7.96,7.88,8.0,7.82,31620,24937702.0,2.26,-1.13,-0.09,1.24
2012-06-21,000529,7.79,7.71,7.9,7.66,40044,31106300.0,3.05,-2.16,-0.17,1.56
2012-06-25,000529,7.66,7.6,7.78,7.57,24908,19070667.0,2.72,-1.43,-0.11,0.97
2012-06-26,000529,7.55,7.41,7.57,7.26,38484,28531463.0,4.08,-2.5,-0.19,1.5
2012-06-27,000529,7.29,7.65,7.77,7.29,70230,53338680.0,6.48,3.24,0.24,2.63
2012-06-28,000529,7.7,7.63,7.85,7.62,33085,25544598.0,3.01,-0.26,-0.02,1.24
2012-06-29,000529,7.53,7.9,7.93,7.52,42453,33143696.0,5.37,3.54,0.27,1.59
2012-07-02,000529,7.91,8.03,8.04,7.82,44560,35307367.0,2.78,1.65,0.13,1.67
2012-07-03,000529,8.0,8.01,8.15,7.95,63571,51310901.0,2.49,-0.25,-0.02,2.38
2012-07-04,000529,8.0,7.93,8.04,7.9,28479,22637314.0,1.75,-1.0,-0.08,1.07
2012-07-05,000529,7.91,8.1,8.11,7.78,40773,32315448.0,4.16,2.14,0.17,1.53
2012-07-06,000529,8.14,8.1,8.22,8.0,58345,47320967.0,2.72,0.0,0.0,2.18
2012-07-09,000529,8.1,7.87,8.19,7.83,55080,44155385.0,4.44,-2.84,-0.23,2.06
2012-07-10,000529,7.85,7.89,7.94,7.75,35063,27510904.0,2.41,0.25,0.02,1.31
2012-07-11,000529,7.87,8.47,8.68,7.84,231053,195641011.0,10.65,7.35,0.58,8.65
2012-07-12,000529,8.46,8.58,8.7,8.4,103340,88267522.0,3.54,1.3,0.11,3.87
2012-07-13,000529,8.51,8.39,8.64,8.28,85166,71826912.0,4.2,-2.21,-0.19,3.19
2012-07-16,000529,8.4,8.59,9.04,8.4,188530,164733043.0,7.63,2.38,0.2,7.06
2012-07-17,000529,8.5,8.85,8.86,8.43,121171,105351640.0,5.01,3.03,0.26,4.54
2012-07-18,000529,8.86,8.98,9.04,8.68,130136,115331370.0,4.07,1.47,0.13,4.87
2012-07-19,000529,8.92,8.82,8.96,8.77,75737,66965933.0,2.12,-1.78,-0.16,2.84
2012-07-20,000529,8.72,8.65,8.82,8.55,52453,45569408.0,3.06,-1.93,-0.17,1.96
2012-07-23,000529,8.58,8.69,8.93,8.52,79683,69875032.0,4.74,0.46,0.04,2.98
2012-07-24,000529,8.66,8.45,8.75,8.3,74336,63036143.0,5.18,-2.76,-0.24,2.78
2012-07-25,000529,8.4,8.44,8.54,8.35,27316,23019454.0,2.25,-0.12,-0.01,1.02
2012-07-26,000529,8.39,8.15,8.5,8.14,51866,43238830.0,4.27,-3.44,-0.29,1.94
2012-07-27,000529,8.2,8.15,8.29,8.05,44316,36169705.0,2.94,0.0,0.0,1.66
2012-07-30,000529,8.13,8.13,8.29,8.03,33227,27052072.0,3.19,-0.25,-0.02,1.24
2012-07-31,000529,8.15,8.13,8.19,7.95,32517,26207340.0,2.95,0.0,0.0,1.22
2012-08-01,000529,8.1,8.3,8.41,8.05,47083,38941953.0,4.43,2.09,0.17,1.76
2012-08-02,000529,8.3,8.12,8.37,8.08,29798,24391838.0,3.49,-2.17,-0.18,1.12
2012-08-03,000529,8.2,8.33,8.33,8.12,32876,27111830.0,2.59,2.59,0.21,1.23
2012-08-06,000529,8.25,8.69,8.73,8.25,68181,58221338.0,5.76,4.32,0.36,2.55
2012-08-07,000529,8.6,8.72,8.79,8.6,46024,40047544.0,2.19,0.35,0.03,1.72
2012-08-08,000529,8.72,8.67,8.77,8.48,55769,48101739.0,3.33,-0.57,-0.05,2.09
2012-08-09,000529,8.67,8.85,8.91,8.56,63442,55792597.0,4.04,2.08,0.18,2.38
2012-08-10,000529,8.85,8.63,8.89,8.62,45359,39643429.0,3.05,-2.49,-0.22,1.7
2012-08-13,000529,8.58,8.52,8.73,8.51,30172,25994020.0,2.55,-1.27,-0.11,1.13
2012-08-14,000529,8.58,8.59,8.63,8.32,29050,24655646.0,3.64,0.82,0.07,1.09
2012-08-15,000529,8.65,8.49,8.65,8.42,23779,20220937.0,2.68,-1.16,-0.1,0.89
2012-08-16,000529,8.42,8.7,8.87,8.42,57308,49973079.0,5.3,2.47,0.21,2.15
2012-08-17,000529,8.63,8.6,8.85,8.49,50458,43973220.0,4.14,-1.15,-0.1,1.89
2012-08-20,000529,8.62,8.41,8.65,8.25,38221,32011943.0,4.65,-2.21,-0.19,1.43
2012-08-21,000529,8.44,8.41,8.49,8.25,28718,24131195.0,2.85,0.0,0.0,1.08
2012-08-22,000529,8.42,8.5,8.5,8.3,25584,21498933.0,2.38,1.07,0.09,0.96
2012-08-23,000529,8.55,8.54,8.59,8.41,21268,18068594.0,2.12,0.47,0.04,0.8
2012-08-24,000529,8.53,7.93,8.53,7.93,86820,70755153.0,7.03,-7.14,-0.61,3.25
2012-08-27,000529,7.91,7.67,7.95,7.47,41656,31853524.0,6.05,-3.28,-0.26,1.56
2012-08-28,000529,7.6,7.64,7.82,7.6,28188,21687860.0,2.87,-0.39,-0.03,1.06
2012-08-29,000529,7.65,7.44,7.73,7.44,24774,18781101.0,3.8,-2.62,-0.2,0.93
2012-08-30,000529,7.44,7.35,7.54,7.15,31208,22920371.0,5.24,-1.21,-0.09,1.17
2012-08-31,000529,7.25,7.4,7.46,7.25,16649,12267309.0,2.86,0.68,0.05,0.62
2012-09-03,000529,7.4,7.57,7.59,7.36,19248,14441836.0,3.11,2.3,0.17,0.72
2012-09-04,000529,7.54,7.32,7.61,7.31,19234,14325058.0,3.96,-3.3,-0.25,0.72
2012-09-05,000529,7.3,7.35,7.37,7.2,16753,12230424.0,2.32,0.41,0.03,0.63
2012-09-06,000529,7.36,7.53,7.54,7.31,17287,12808367.0,3.13,2.45,0.18,0.65
2012-09-07,000529,7.53,7.72,7.86,7.49,39853,30751143.0,4.91,2.52,0.19,1.49
2012-09-10,000529,7.8,7.71,7.8,7.65,19216,14831501.0,1.94,-0.13,-0.01,0.72
2012-09-11,000529,7.71,7.93,8.11,7.63,43049,33864112.0,6.23,2.85,0.22,1.61
2012-09-12,000529,8.09,8.03,8.2,7.97,45625,36876592.0,2.9,1.26,0.1,1.71
2012-09-13,000529,7.95,7.85,8.02,7.8,26963,21364439.0,2.74,-2.24,-0.18,1.01
2012-09-14,000529,7.91,7.93,8.0,7.82,23616,18712236.0,2.29,1.02,0.08,0.88
2012-09-17,000529,7.93,7.51,7.93,7.5,20441,15693024.0,5.42,-5.3,-0.42,0.77
2012-09-18,000529,7.48,7.54,7.58,7.4,11333,8518589.0,2.4,0.4,0.03,0.42
2012-09-19,000529,7.54,7.6,7.64,7.5,9156,6939098.0,1.86,0.8,0.06,0.34
2012-09-20,000529,7.6,7.32,7.6,7.3,17439,12867099.0,3.95,-3.68,-0.28,0.65
2012-09-21,000529,7.32,7.35,7.47,7.3,13287,9825950.0,2.32,0.41,0.03,0.5
2012-09-24,000529,7.35,7.45,7.57,7.32,10532,7863409.0,3.4,1.36,0.1,0.39
2012-09-25,000529,7.45,7.32,7.52,7.31,12935,9552916.0,2.82,-1.74,-0.13,0.48
2012-09-26,000529,7.33,7.17,7.37,7.15,12966,9390000.0,3.01,-2.05,-0.15,0.49
2012-09-27,000529,7.17,7.28,7.36,7.16,15737,11436954.0,2.79,1.53,0.11,0.59
2012-09-28,000529,7.28,7.42,7.44,7.21,13358,9790501.0,3.16,1.92,0.14,0.5
2012-10-08,000529,7.39,7.42,7.53,7.32,10670,7905003.0,2.83,0.0,0.0,0.4
2012-10-09,000529,7.42,7.62,7.64,7.42,19830,15004083.0,2.96,2.7,0.2,0.74
2012-10-10,000529,7.61,7.61,7.62,7.5,14288,10815711.0,1.57,-0.13,-0.01,0.53
2012-10-11,000529,7.83,7.65,7.97,7.62,44481,34788175.0,4.6,0.53,0.04,1.67
2012-10-12,000529,7.65,7.52,7.83,7.46,18719,14210180.0,4.84,-1.7,-0.13,0.7
2012-10-15,000529,7.56,7.4,7.57,7.25,19455,14352715.0,4.26,-1.6,-0.12,0.73
2012-10-16,000529,7.4,7.33,7.49,7.3,19411,14337296.0,2.57,-0.95,-0.07,0.73
2012-10-17,000529,7.36,7.36,7.45,7.26,16168,11883850.0,2.59,0.41,0.03,0.61
2012-10-18,000529,7.3,8.1,8.1,7.3,80864,63882352.0,10.87,10.05,0.74,3.03
2012-10-19,000529,8.2,7.85,8.2,7.79,103989,82418022.0,5.06,-3.09,-0.25,3.89
2012-10-22,000529,7.71,7.83,7.88,7.7,29791,23304238.0,2.29,-0.25,-0.02,1.12
2012-10-23,000529,7.75,7.72,7.84,7.62,28246,21793334.0,2.81,-1.4,-0.11,1.06
2012-10-24,000529,7.67,7.69,7.75,7.62,21563,16581503.0,1.68,-0.39,-0.03,0.81
2012-10-25,000529,7.65,7.5,7.73,7.49,22244,16943984.0,3.12,-2.47,-0.19,0.83
2012-10-26,000529,7.5,7.39,7.54,7.29,20969,15485077.0,3.33,-1.47,-0.11,0.79
2012-10-29,000529,7.41,7.48,7.49,7.31,13530,10041626.0,2.44,1.22,0.09,0.51
2012-10-30,000529,7.5,7.47,7.72,7.47,26422,20075140.0,3.34,-0.13,-0.01,0.99
2012-10-31,000529,7.4,7.52,7.54,7.35,15191,11344001.0,2.54,0.67,0.05,0.57
2012-11-01,000529,7.52,7.6,7.66,7.5,16776,12749489.0,2.13,1.06,0.08,0.63
2012-11-02,000529,7.66,7.64,7.68,7.54,11695,8889072.0,1.84,0.53,0.04,0.44
2012-11-05,000529,7.7,7.59,7.7,7.54,12663,9631596.0,2.09,-0.65,-0.05,0.47
2012-11-06,000529,7.61,7.46,7.62,7.37,15214,11323330.0,3.29,-1.71,-0.13,0.57
2012-11-07,000529,7.44,7.65,7.71,7.44,31436,24007961.0,3.62,2.55,0.19,1.18
2012-11-08,000529,7.55,7.38,7.65,7.38,17450,13056204.0,3.53,-3.53,-0.27,0.65
2012-11-09,000529,7.36,7.36,7.45,7.32,9493,7007543.0,1.76,-0.27,-0.02,0.36
2012-11-12,000529,7.37,7.37,7.42,7.34,10212,7536205.0,1.09,0.14,0.01,0.38
2012-11-13,000529,7.38,7.33,7.51,7.28,14892,11040201.0,3.12,-0.54,-0.04,0.56
2012-11-14,000529,7.31,7.31,7.39,7.2,13267,9625789.0,2.59,-0.27,-0.02,0.5
2012-11-15,000529,7.28,7.15,7.35,7.15,12082,8745306.0,2.74,-2.19,-0.16,0.45
2012-11-16,000529,7.16,6.92,7.16,6.82,24724,17192697.0,4.76,-3.22,-0.23,0.93
2012-11-19,000529,6.9,6.92,6.98,6.71,11560,7890684.0,3.9,0.0,0.0,0.43
2012-11-20,000529,6.96,6.86,6.96,6.81,7504,5155966.0,2.17,-0.87,-0.06,0.28
2012-11-21,000529,6.86,6.93,6.93,6.74,8473,5795620.0,2.77,1.02,0.07,0.32
2012-11-22,000529,6.89,6.8,6.9,6.78,6491,4439261.0,1.73,-1.88,-0.13,0.24
2012-11-23,000529,6.85,6.86,6.9,6.81,6415,4402078.0,1.32,0.88,0.06,0.24
2012-11-26,000529,6.85,6.8,6.89,6.78,5534,3775895.0,1.6,-0.87,-0.06,0.21
2012-11-27,000529,6.78,6.35,6.8,6.3,21190,13780247.0,7.35,-6.62,-0.45,0.79
2012-11-28,000529,6.35,6.17,6.35,6.08,12920,7980378.0,4.25,-2.83,-0.18,0.48
2012-11-29,000529,6.19,6.18,6.29,6.11,8768,5445984.0,2.92,0.16,0.01,0.33
2012-11-30,000529,6.2,6.24,6.26,6.1,11027,6849436.0,2.59,0.97,0.06,0.41
2012-12-03,000529,6.24,5.84,6.25,5.82,27650,16433284.0,6.89,-6.41,-0.4,1.04
2012-12-04,000529,5.83,5.88,5.93,5.61,13876,7943483.0,5.48,0.68,0.04,0.25
2012-12-05,000529,5.88,6.07,6.12,5.83,18472,11171580.0,4.93,3.23,0.19,0.33
2012-12-06,000529,6.03,6.07,6.18,6.03,9349,5696149.0,2.47,0.0,0.0,0.17
2012-12-07,000529,6.06,6.22,6.26,6.05,16463,10204608.0,3.46,2.47,0.15,0.29
2012-12-10,000529,6.23,6.41,6.48,6.23,15569,9905274.0,4.02,3.05,0.19,0.28
2012-12-11,000529,6.38,6.28,6.38,6.25,14350,9068411.0,2.03,-2.03,-0.13,0.25
2012-12-12,000529,6.28,6.29,6.32,6.17,10921,6810123.0,2.39,0.16,0.01,0.19
2012-12-13,000529,6.28,6.18,6.28,6.17,9369,5817921.0,1.75,-1.75,-0.11,0.17
2012-12-14,000529,6.18,6.43,6.48,6.16,21554,13737972.0,5.18,4.05,0.25,0.38
2012-12-17,000529,6.4,6.47,6.52,6.39,18950,12222663.0,2.02,0.62,0.04,0.33
2012-12-18,000529,6.47,6.64,6.7,6.36,31962,20713798.0,5.26,2.63,0.17,0.56
2012-12-19,000529,6.59,6.54,6.63,6.43,25190,16400522.0,3.01,-1.51,-0.1,0.45
2012-12-20,000529,6.46,6.43,6.53,6.35,18988,12207727.0,2.75,-1.68,-0.11,0.34
2012-12-21,000529,6.43,6.53,6.6,6.42,24147,15766835.0,2.8,1.56,0.1,0.43
2012-12-24,000529,6.53,6.69,6.74,6.47,29671,19684549.0,4.13,2.45,0.16,0.52
2012-12-25,000529,6.69,6.8,6.84,6.66,23240,15736677.0,2.69,1.64,0.11,0.41
2012-12-26,000529,6.76,6.79,6.84,6.7,25932,17501610.0,2.06,-0.15,-0.01,0.46
2012-12-27,000529,6.81,6.75,6.97,6.72,33220,22601856.0,3.68,-0.59,-0.04,0.59
2012-12-28,000529,6.75,6.75,6.81,6.72,15566,10517529.0,1.33,0.0,0.0,0.28
2012-12-31,000529,6.76,6.8,6.81,6.66,25244,16963374.0,2.22,0.74,0.05,0.45
2013-01-04,000529,6.8,6.67,6.84,6.66,21180,14211369.0,2.65,-1.91,-0.13,0.37
2013-01-07,000529,6.68,6.69,6.73,6.6,19481,13002011.0,1.95,0.3,0.02,0.34
2013-01-08,000529,6.68,6.86,6.91,6.61,40336,27332989.0,4.48,2.54,0.17,0.71
2013-01-09,000529,6.85,6.93,7.06,6.79,40801,28349225.0,3.94,1.02,0.07,0.72
2013-01-10,000529,6.93,7.05,7.15,6.93,40347,28456671.0,3.17,1.73,0.12,0.71
2013-01-11,000529,7.05,6.86,7.09,6.81,28003,19514740.0,3.97,-2.7,-0.19,0.49
2013-01-14,000529,6.86,7.04,7.07,6.86,34409,23984632.0,3.06,2.62,0.18,0.61
2013-01-15,000529,7.04,7.12,7.24,7.01,42211,30094184.0,3.27,1.14,0.08,0.75
2013-01-16,000529,7.13,7.06,7.21,6.93,31251,22047671.0,3.93,-0.84,-0.06,0.55
2013-01-17,000529,7.06,7.06,7.14,6.89,26014,18381182.0,3.54,0.0,0.0,0.46
2013-01-18,000529,7.08,7.09,7.13,7.01,25352,17949285.0,1.7,0.42,0.03,0.45
2013-01-21,000529,7.06,7.15,7.15,7.01,30450,21486588.0,1.97,0.85,0.06,0.54
2013-01-22,000529,7.14,7.0,7.15,6.95,23490,16524022.0,2.8,-2.1,-0.15,0.42
2013-01-23,000529,7.0,7.01,7.04,6.88,19051,13257211.0,2.29,0.14,0.01,0.34
2013-01-24,000529,7.04,7.1,7.38,6.96,60983,43730842.0,5.99,1.28,0.09,1.08
2013-01-25,000529,7.05,7.08,7.17,7.0,17864,12659391.0,2.39,-0.28,-0.02,0.32
2013-01-28,000529,7.08,7.14,7.15,7.0,25619,18225190.0,2.12,0.85,0.06,0.45
2013-01-29,000529,7.16,7.29,7.29,7.11,45024,32492587.0,2.52,2.1,0.15,0.8
2013-01-30,000529,7.29,7.25,7.34,7.13,32054,23060879.0,2.88,-0.55,-0.04,0.57
2013-01-31,000529,7.25,7.11,7.25,7.09,23416,16693453.0,2.21,-1.93,-0.14,0.41
2013-02-01,000529,7.11,7.14,7.17,7.06,20945,14909857.0,1.55,0.42,0.03,0.37
2013-02-04,000529,7.13,6.96,7.15,6.96,32324,22739752.0,2.66,-2.52,-0.18,0.57
2013-02-05,000529,6.94,7.0,7.09,6.88,19193,13484917.0,3.02,0.57,0.04,0.34
2013-02-06,000529,6.95,7.01,7.05,6.95,17054,11947038.0,1.43,0.14,0.01,0.3
2013-02-07,000529,6.98,6.97,7.02,6.93,16756,11692208.0,1.28,-0.57,-0.04,0.3
2013-02-08,000529,6.99,7.24,7.27,6.96,45076,32231045.0,4.45,3.87,0.27,0.8
2013-02-18,000529,7.25,7.27,7.3,7.14,28301,20530260.0,2.21,0.41,0.03,0.5
2013-02-19,000529,7.27,7.18,7.34,7.12,22791,16456305.0,3.03,-1.24,-0.09,0.4
2013-02-20,000529,7.18,7.65,7.9,7.11,146579,112693385.0,11.0,6.55,0.47,2.59
2013-02-21,000529,7.5,7.31,7.55,7.22,66701,49409930.0,4.31,-4.44,-0.34,1.18
2013-02-22,000529,7.31,7.28,7.48,7.21,31188,22989315.0,3.69,-0.41,-0.03,0.55
2013-02-25,000529,7.28,7.28,7.39,7.25,19077,13909492.0,1.92,0.0,0.0,0.34
2013-02-26,000529,7.23,7.12,7.33,7.12,27674,20027329.0,2.88,-2.2,-0.16,0.49
2013-02-27,000529,7.19,7.19,7.25,7.05,31315,22350233.0,2.81,0.98,0.07,0.55
2013-02-28,000529,7.21,7.48,7.5,7.14,47931,35149991.0,5.01,4.03,0.29,0.85
2013-03-01,000529,7.45,7.37,7.45,7.3,42204,31086800.0,2.01,-1.47,-0.11,0.75
2013-03-04,000529,7.37,7.01,7.39,6.9,47947,34055533.0,6.65,-4.88,-0.36,0.85
2013-03-05,000529,7.0,7.07,7.09,6.98,28575,20090750.0,1.57,0.86,0.06,0.5
2013-03-06,000529,7.08,7.13,7.17,7.06,33216,23614582.0,1.56,0.85,0.06,0.59
2013-03-07,000529,7.12,6.99,7.12,6.89,56706,39600790.0,3.23,-1.96,-0.14,1.0
2013-03-08,000529,6.95,6.76,7.01,6.73,48247,33049016.0,4.01,-3.29,-0.23,0.85
2013-03-11,000529,6.76,6.85,6.98,6.74,20520,14105792.0,3.55,1.33,0.09,0.36
2013-03-12,000529,6.82,6.56,6.88,6.48,32547,21600371.0,5.84,-4.23,-0.29,0.58
2013-03-13,000529,6.56,6.58,6.63,6.46,18321,12003063.0,2.59,0.3,0.02,0.32
2013-03-14,000529,6.59,6.59,6.69,6.56,15384,10202696.0,1.98,0.15,0.01,0.27
2013-03-15,000529,6.59,6.69,6.8,6.5,20072,13409382.0,4.55,1.52,0.1,0.35
2013-03-18,000529,6.7,6.61,6.72,6.59,14093,9342646.0,1.94,-1.2,-0.08,0.25
2013-03-19,000529,6.57,6.61,6.66,6.46,19966,13152420.0,3.03,0.0,0.0,0.35
2013-03-20,000529,6.62,6.8,6.81,6.6,34751,23282603.0,3.18,2.87,0.19,0.61
2013-03-21,000529,6.75,6.77,6.89,6.7,21757,14765114.0,2.79,-0.44,-0.03,0.38
2013-03-22,000529,6.8,6.88,7.01,6.77,39622,27382743.0,3.55,1.62,0.11,0.7
2013-03-25,000529,6.88,6.85,6.98,6.83,15985,11000616.0,2.18,-0.44,-0.03,0.28
2013-03-26,000529,6.84,6.9,6.94,6.84,20001,13781600.0,1.46,0.73,0.05,0.35
2013-03-27,000529,6.9,6.8,7.05,6.75,20008,13676077.0,4.35,-1.45,-0.1,0.35
2013-03-28,000529,6.77,6.49,6.77,6.46,25800,16901033.0,4.56,-4.56,-0.31,0.46
2013-03-29,000529,6.54,6.5,6.56,6.48,9071,5907276.0,1.23,0.15,0.01,0.16
2013-04-01,000529,6.52,6.56,6.58,6.46,8046,5256986.0,1.85,0.92,0.06,0.14
2013-04-02,000529,6.56,6.36,6.6,6.31,20478,13264689.0,4.42,-3.05,-0.2,0.36
2013-04-03,000529,6.39,6.32,6.47,6.27,12182,7716661.0,3.14,-0.63,-0.04,0.22
2013-04-08,000529,6.35,6.32,6.35,6.1,12864,8003888.0,3.96,0.0,0.0,0.23
2013-04-09,000529,6.32,6.35,6.41,6.3,11465,7276990.0,1.74,0.47,0.03,0.2
2013-04-10,000529,6.34,6.2,6.34,6.08,17680,10951765.0,4.09,-2.36,-0.15,0.31
2013-04-11,000529,6.2,6.22,6.22,6.15,9010,5581951.0,1.13,0.32,0.02,0.16
2013-04-12,000529,6.22,6.35,6.45,6.17,28021,17741949.0,4.5,2.09,0.13,0.5
2013-04-15,000529,6.29,6.21,6.29,6.18,8282,5157363.0,1.73,-2.2,-0.14,0.15
2013-04-16,000529,6.22,6.21,6.24,6.1,9583,5897552.0,2.25,0.0,0.0,0.17
2013-04-17,000529,6.2,6.28,6.34,6.17,8834,5510322.0,2.74,1.13,0.07,0.16
2013-04-18,000529,6.25,6.28,6.31,6.2,8157,5115898.0,1.75,0.0,0.0,0.14
2013-04-19,000529,6.3,6.41,6.53,6.25,22947,14708263.0,4.46,2.07,0.13,0.41
2013-04-22,000529,6.38,6.35,6.38,6.27,18419,11621797.0,1.72,-0.94,-0.06,0.33
2013-04-23,000529,6.34,6.14,6.38,6.12,16763,10362818.0,4.09,-3.31,-0.21,0.3
2013-05-13,000529,6.35,6.34,6.48,6.18,42648,26952701.0,4.89,3.26,0.2,0.75
2013-05-14,000529,6.32,6.27,6.32,6.14,20798,12900071.0,2.84,-1.1,-0.07,0.37
2013-05-15,000529,6.28,6.26,6.3,6.2,16611,10383080.0,1.59,-0.16,-0.01,0.29
2013-05-16,000529,6.27,6.29,6.37,6.24,27071,17060870.0,2.08,0.48,0.03,0.48
2013-05-17,000529,6.28,6.41,6.41,6.23,34686,21905828.0,2.86,1.91,0.12,0.61
2013-05-20,000529,6.41,6.52,6.54,6.39,42739,27729638.0,2.34,1.72,0.11,0.76
2013-05-21,000529,6.5,6.51,6.52,6.41,34502,22342613.0,1.69,-0.15,-0.01,0.61
2013-05-22,000529,6.53,6.54,6.65,6.5,57996,38152005.0,2.3,0.46,0.03,1.02
2013-05-23,000529,6.42,6.45,6.56,6.41,37248,24118824.0,2.29,-1.38,-0.09,0.66
2013-05-24,000529,6.45,6.46,6.5,6.4,23357,15078788.0,1.55,0.16,0.01,0.41
2013-05-27,000529,6.47,6.48,6.51,6.43,38125,24636738.0,1.24,0.31,0.02,0.67
2013-05-28,000529,6.48,6.64,6.68,6.46,70402,46380148.0,3.4,2.47,0.16,1.24
2013-05-29,000529,6.65,6.62,6.69,6.57,33482,22150850.0,1.81,-0.3,-0.02,0.59
2013-05-30,000529,6.6,6.7,6.8,6.58,50283,33658225.0,3.32,1.21,0.08,0.89
2013-05-31,000529,6.71,6.65,6.75,6.62,29603,19776663.0,1.94,-0.75,-0.05,0.52
2013-06-03,000529,6.66,6.59,6.67,6.57,23937,15813916.0,1.5,-0.9,-0.06,0.42
2013-06-04,000529,6.53,6.41,6.6,6.34,35363,22711227.0,3.95,-2.73,-0.18,0.62
2013-06-05,000529,6.42,6.39,6.44,6.35,13188,8427926.0,1.4,-0.31,-0.02,0.23
2013-06-06,000529,6.42,6.26,6.42,6.25,20010,12629669.0,2.66,-2.03,-0.13,0.35
2013-06-07,000529,6.27,6.2,6.32,6.14,12710,7893831.0,2.88,-0.96,-0.06,0.22
2013-06-13,000529,6.18,5.96,6.18,5.9,19473,11658780.0,4.52,-3.87,-0.24,0.34
2013-06-14,000529,6.02,6.01,6.05,5.95,13719,8227012.0,1.68,0.84,0.05,0.24
2013-06-17,000529,6.03,6.03,6.06,5.98,10092,6081348.0,1.33,0.33,0.02,0.18
2013-06-18,000529,6.03,6.05,6.06,5.99,9970,6007562.0,1.16,0.33,0.02,0.18
2013-06-19,000529,6.04,6.12,6.12,6.0,18995,11529275.0,1.98,1.16,0.07,0.34
2013-06-20,000529,6.11,5.89,6.11,5.84,18908,11359064.0,4.41,-3.76,-0.23,0.33
2013-06-21,000529,5.83,5.8,5.84,5.75,16942,9819575.0,1.53,-1.53,-0.09,0.3
2013-06-24,000529,5.8,5.41,5.95,5.39,21536,12017265.0,9.66,-6.72,-0.39,0.38
2013-06-25,000529,5.49,5.29,5.49,4.87,32332,16669037.0,11.46,-2.22,-0.12,0.57
2013-06-26,000529,5.3,5.23,5.36,5.17,16002,8367348.0,3.59,-1.13,-0.06,0.28
2013-06-27,000529,5.27,5.08,5.3,5.05,17638,9150169.0,4.78,-2.87,-0.15,0.31
2013-06-28,000529,5.1,5.13,5.27,5.05,26503,13620954.0,4.33,0.98,0.05,0.47
2013-07-01,000529,5.13,5.18,5.22,5.08,10456,5382258.0,2.73,0.97,0.05,0.18
2013-07-02,000529,5.19,5.17,5.23,5.1,24985,12865788.0,2.51,-0.19,-0.01,0.44
2013-07-03,000529,5.18,5.26,5.29,4.99,42489,21835723.0,5.8,1.74,0.09,0.75
2013-07-04,000529,5.24,5.13,5.24,5.02,105863,53996075.0,4.18,-2.47,-0.13,1.87
2013-07-05,000529,5.11,5.08,5.16,5.03,46507,23708508.0,2.53,-0.97,-0.05,0.82
2013-07-08,000529,5.0,4.63,5.0,4.6,48472,23205552.0,7.87,-8.86,-0.45,0.86
2013-07-09,000529,4.62,4.59,4.68,4.53,29810,13687389.0,3.24,-0.86,-0.04,0.53
2013-07-10,000529,4.6,4.78,4.84,4.58,43133,20434519.0,5.66,4.14,0.19,0.76
2013-07-11,000529,4.77,4.88,4.95,4.77,40132,19564974.0,3.77,2.09,0.1,0.71
2013-07-12,000529,4.89,4.8,4.93,4.8,36772,17914340.0,2.66,-1.64,-0.08,0.65
2013-07-15,000529,4.8,4.92,4.96,4.8,36268,17757847.0,3.33,2.5,0.12,0.64
2013-07-16,000529,4.89,5.02,5.04,4.85,39620,19634603.0,3.86,2.03,0.1,0.7
2013-07-17,000529,5.0,4.9,5.06,4.9,33164,16453851.0,3.19,-2.39,-0.12,0.59
2013-07-18,000529,4.93,4.93,5.03,4.83,26340,13001285.0,4.08,0.61,0.03,0.47
2013-07-19,000529,4.96,4.81,4.97,4.8,25515,12466062.0,3.45,-2.43,-0.12,0.45
2013-07-22,000529,4.85,4.84,4.91,4.76,21184,10227912.0,3.12,0.62,0.03,0.37
2013-07-23,000529,4.88,5.02,5.05,4.83,38326,19020996.0,4.55,3.72,0.18,0.68
2013-07-24,000529,5.07,5.09,5.12,4.95,55888,28158149.0,3.39,1.39,0.07,0.99
2013-07-25,000529,5.13,4.97,5.13,4.95,29607,14847434.0,3.54,-2.36,-0.12,0.52
2013-07-26,000529,5.04,5.0,5.08,4.92,22860,11427248.0,3.22,0.6,0.03,0.4
2013-07-29,000529,4.92,4.76,4.96,4.76,26241,12698879.0,4.0,-4.8,-0.24,0.46
2013-07-30,000529,4.76,4.8,4.86,4.72,20934,10019926.0,2.94,0.84,0.04,0.37
2013-07-31,000529,4.82,4.8,4.86,4.78,11565,5563368.0,1.67,0.0,0.0,0.2
2013-08-01,000529,4.8,4.88,4.9,4.8,21633,10515205.0,2.08,1.67,0.08,0.38
2013-08-02,000529,4.89,4.91,4.94,4.86,23481,11532358.0,1.64,0.61,0.03,0.41
2013-08-05,000529,4.97,5.1,5.15,4.96,58557,29819831.0,3.87,3.87,0.19,1.03
2013-08-06,000529,5.06,5.11,5.15,5.04,41297,21064576.0,2.16,0.2,0.01,0.73
2013-08-07,000529,5.43,5.62,5.62,5.43,93638,52389135.0,3.72,9.98,0.51,1.65
2013-08-08,000529,5.65,5.6,5.67,5.43,144472,80268085.0,4.27,-0.36,-0.02,2.55
2013-08-09,000529,5.53,5.73,5.96,5.52,173891,100473160.0,7.86,2.32,0.13,3.07
2013-08-12,000529,5.55,5.66,5.73,5.55,85733,48384542.0,3.14,-1.22,-0.07,1.51
2013-08-13,000529,5.63,5.81,5.83,5.52,82421,46693778.0,5.48,2.65,0.15,1.46
2013-08-14,000529,5.73,5.68,5.93,5.66,89332,51799439.0,4.65,-2.24,-0.13,1.58
2013-08-15,000529,5.73,5.86,6.1,5.65,131713,77746147.0,7.92,3.17,0.18,2.33
2013-08-16,000529,5.79,5.75,5.96,5.7,68300,39520500.0,4.44,-1.88,-0.11,1.21
2013-08-19,000529,5.63,5.76,5.77,5.63,41408,23636759.0,2.43,0.17,0.01,0.73
2013-08-20,000529,5.72,5.76,5.85,5.7,36719,21206192.0,2.6,0.0,0.0,0.65
2013-08-21,000529,5.77,5.68,5.82,5.61,36134,20460305.0,3.65,-1.39,-0.08,0.64
2013-08-22,000529,5.6,5.58,5.73,5.56,26356,14848999.0,2.99,-1.76,-0.1,0.47
2013-08-23,000529,5.65,5.55,5.65,5.43,31647,17498564.0,3.94,-0.54,-0.03,0.56
2013-08-26,000529,5.59,5.67,5.68,5.5,44584,24933659.0,3.24,2.16,0.12,0.79
2013-08-27,000529,5.65,5.71,5.74,5.62,40905,23235981.0,2.12,0.71,0.04,0.72
2013-08-28,000529,5.64,5.58,5.69,5.55,39253,22038656.0,2.45,-2.28,-0.13,0.69
2013-08-29,000529,5.59,5.84,5.84,5.59,69034,39785752.0,4.48,4.66,0.26,1.22
2013-08-30,000529,5.85,5.76,6.01,5.73,83353,49148920.0,4.79,-1.37,-0.08,1.47
2013-09-02,000529,5.75,5.64,5.82,5.55,46652,26367046.0,4.69,-2.08,-0.12,0.82
2013-09-03,000529,5.65,5.73,5.8,5.63,34673,19873909.0,3.01,1.6,0.09,0.61
2013-09-04,000529,5.75,5.67,5.78,5.6,30632,17377272.0,3.14,-1.05,-0.06,0.54
2013-09-05,000529,5.66,5.6,5.68,5.57,29692,16666545.0,1.94,-1.23,-0.07,0.52
2013-09-06,000529,5.56,5.6,5.64,5.55,20576,11528444.0,1.61,0.0,0.0,0.36
2013-09-09,000529,5.6,5.78,5.86,5.59,52273,30147505.0,4.82,3.21,0.18,0.92
2013-09-10,000529,5.79,5.82,5.85,5.72,50184,29037978.0,2.25,0.69,0.04,0.89
2013-09-11,000529,5.83,6.04,6.21,5.73,108211,64816801.0,8.25,3.78,0.22,1.91
2013-09-12,000529,6.0,6.04,6.26,6.0,79883,48824129.0,4.3,0.0,0.0,1.41
2013-09-13,000529,5.98,6.0,6.15,5.93,51474,31005917.0,3.64,-0.66,-0.04,0.91
2013-09-16,000529,6.02,6.17,6.24,6.01,75149,45918461.0,3.83,2.83,0.17,1.33
2013-09-17,000529,6.21,5.98,6.21,5.96,53397,32325957.0,4.05,-3.08,-0.19,0.94
2013-09-18,000529,5.92,5.92,6.02,5.88,27943,16559556.0,2.34,-1.0,-0.06,0.49
2013-09-23,000529,5.92,6.06,6.1,5.9,35841,21480055.0,3.38,2.36,0.14,0.63
2013-09-24,000529,6.05,6.13,6.23,5.93,50192,30535932.0,4.95,1.16,0.07,0.89
2013-09-25,000529,6.12,6.06,6.19,5.98,33007,20050535.0,3.43,-1.14,-0.07,0.58
2013-09-26,000529,6.05,5.9,6.08,5.87,29957,17764337.0,3.47,-2.64,-0.16,0.53
2013-09-27,000529,5.63,5.92,5.98,5.63,27493,16055458.0,5.93,0.34,0.02,0.49
2013-09-30,000529,5.95,5.97,6.03,5.93,21203,12690578.0,1.69,0.84,0.05,0.37
2013-10-08,000529,5.97,6.0,6.03,5.83,21077,12546967.0,3.35,0.5,0.03,0.37
2013-10-09,000529,6.0,6.07,6.1,5.93,36281,21773278.0,2.83,1.17,0.07,0.64
2013-10-10,000529,6.05,6.06,6.17,5.99,47992,29169921.0,2.97,-0.16,-0.01,0.85
2013-10-11,000529,6.07,6.41,6.65,5.99,99637,62810036.0,10.89,5.78,0.35,1.76
2013-10-14,000529,6.42,6.65,6.75,6.3,136917,90156652.0,7.02,3.74,0.24,2.42
2013-10-15,000529,6.55,6.49,6.62,6.45,68156,44374594.0,2.56,-2.41,-0.16,1.2
2013-10-16,000529,6.46,6.61,6.85,6.45,118578,78777835.0,6.16,1.85,0.12,2.1
2013-10-17,000529,6.61,6.47,6.73,6.45,46255,30434825.0,4.24,-2.12,-0.14,0.82
2013-10-18,000529,6.48,6.53,6.55,6.4,31838,20636094.0,2.32,0.93,0.06,0.56
2013-10-21,000529,6.56,6.64,6.68,6.48,46789,30962731.0,3.06,1.68,0.11,0.83
2013-10-22,000529,6.62,6.61,6.74,6.56,41960,27829997.0,2.71,-0.45,-0.03,0.74
2013-10-23,000529,6.63,6.53,6.77,6.46,47692,31536145.0,4.69,-1.21,-0.08,0.84
2013-10-24,000529,6.59,6.37,6.64,6.37,25888,16841185.0,4.13,-2.45,-0.16,0.46
2013-10-25,000529,6.38,6.46,6.49,6.3,29286,18770106.0,2.98,1.41,0.09,0.52
2013-10-28,000529,6.46,6.45,6.53,6.36,15936,10288883.0,2.63,-0.15,-0.01,0.28
2013-10-29,000529,6.5,6.29,6.54,6.1,30964,19477494.0,6.82,-2.48,-0.16,0.55
2013-10-30,000529,6.22,6.3,6.33,6.14,23208,14405853.0,3.02,0.16,0.01,0.41
2013-10-31,000529,6.28,6.17,6.32,6.17,18681,11653978.0,2.38,-2.06,-0.13,0.33
2013-11-01,000529,6.2,6.07,6.22,6.02,17469,10654927.0,3.24,-1.62,-0.1,0.31
2013-11-04,000529,6.07,6.09,6.15,6.07,15045,9181988.0,1.32,0.33,0.02,0.27
2013-11-05,000529,6.12,6.19,6.2,5.95,28133,17088808.0,4.11,1.64,0.1,0.5
2013-11-06,000529,6.18,6.16,6.25,6.15,17992,11161275.0,1.62,-0.48,-0.03,0.32
2013-11-07,000529,6.16,6.1,6.21,6.09,15059,9232713.0,1.95,-0.97,-0.06,0.27
2013-11-08,000529,6.1,5.98,6.15,5.89,25395,15180598.0,4.26,-1.97,-0.12,0.45
2013-11-11,000529,5.95,6.03,6.05,5.85,10162,6069305.0,3.34,0.84,0.05,0.18
2013-11-12,000529,5.96,5.98,6.1,5.9,17924,10727921.0,3.32,-0.83,-0.05,0.32
2013-11-13,000529,5.95,5.89,6.02,5.89,11978,7110974.0,2.17,-1.51,-0.09,0.21
2013-11-14,000529,5.93,6.0,6.02,5.84,15994,9517080.0,3.06,1.87,0.11,0.28
2013-11-15,000529,5.94,6.18,6.3,5.94,27364,16949731.0,6.0,3.0,0.18,0.48
2013-11-18,000529,6.23,6.27,6.33,6.17,33245,20732166.0,2.59,1.46,0.09,0.59
2013-11-19,000529,6.2,6.25,6.25,6.16,21800,13535039.0,1.44,-0.32,-0.02,0.39
2013-11-20,000529,6.24,6.42,6.5,6.18,36675,23332384.0,5.12,2.72,0.17,0.65
2013-11-21,000529,6.38,6.35,6.43,6.3,23114,14702511.0,2.02,-1.09,-0.07,0.41
2013-11-22,000529,6.32,6.21,6.38,6.2,19136,12047260.0,2.83,-2.2,-0.14,0.34
2013-11-25,000529,6.24,6.19,6.28,6.16,18121,11264997.0,1.93,-0.32,-0.02,0.32
2013-11-26,000529,6.19,6.22,6.24,6.15,14559,9028354.0,1.45,0.48,0.03,0.26
2013-11-27,000529,6.26,6.36,6.59,6.25,47799,30827895.0,5.47,2.25,0.14,0.84
2013-11-28,000529,6.32,6.52,6.65,6.32,60112,39154209.0,5.19,2.52,0.16,1.06
2013-11-29,000529,6.71,6.76,7.05,6.71,142790,97487522.0,5.21,3.68,0.24,2.52
2013-12-02,000529,6.3,6.38,6.64,6.3,73016,47248495.0,5.03,-5.62,-0.38,1.29
2013-12-03,000529,6.3,6.77,6.83,6.3,67761,44875919.0,8.31,6.11,0.39,1.2
2013-12-04,000529,6.77,6.77,6.89,6.67,71914,48927628.0,3.25,0.0,0.0,1.27
2013-12-05,000529,6.79,6.68,6.83,6.6,36695,24459400.0,3.4,-1.33,-0.09,0.65
2013-12-06,000529,6.62,6.61,6.68,6.56,25832,17080767.0,1.8,-1.05,-0.07,0.46
2013-12-09,000529,6.6,6.75,6.85,6.6,52139,35304538.0,3.78,2.12,0.14,0.92
2013-12-10,000529,6.77,7.15,7.15,6.71,110942,76951198.0,6.52,5.93,0.4,1.96
2013-12-11,000529,7.2,7.01,7.47,6.98,208923,150559319.0,6.85,-1.96,-0.14,3.69
2013-12-12,000529,6.9,7.5,7.71,6.87,218252,161098923.0,11.98,6.99,0.49,3.86
2013-12-13,000529,7.35,7.37,7.56,7.31,100467,74347526.0,3.33,-1.73,-0.13,1.78
2013-12-16,000529,7.32,7.17,7.6,7.1,93393,68519448.0,6.78,-2.71,-0.2,1.65
2013-12-17,000529,7.06,6.84,7.22,6.8,93883,65146248.0,5.86,-4.6,-0.33,1.66
2013-12-18,000529,6.86,6.83,7.09,6.77,49639,34246049.0,4.68,-0.15,-0.01,0.88
2013-12-19,000529,6.83,6.7,6.94,6.62,44906,30317326.0,4.69,-1.9,-0.13,0.79
2013-12-20,000529,6.7,6.73,6.82,6.64,39749,26720110.0,2.69,0.45,0.03,0.7
2013-12-23,000529,6.78,6.88,6.93,6.76,42765,29320607.0,2.53,2.23,0.15,0.75
2013-12-24,000529,6.9,6.9,7.08,6.82,55143,38416333.0,3.78,0.29,0.02,0.97
2013-12-25,000529,6.89,6.77,6.89,6.6,55642,37396154.0,4.2,-1.88,-0.13,0.98
2013-12-26,000529,6.73,6.52,6.74,6.5,33892,22448015.0,3.55,-3.69,-0.25,0.6
2013-12-27,000529,6.52,6.75,6.75,6.52,30627,20421018.0,3.53,3.53,0.23,0.54
2013-12-30,000529,6.8,6.68,6.88,6.68,24023,16280603.0,2.96,-1.04,-0.07,0.42
2013-12-31,000529,6.72,6.63,6.78,6.56,36644,24281427.0,3.29,-0.75,-0.05,0.65
2014-01-02,000529,6.67,6.64,6.67,6.57,22406,14852831.0,1.51,0.15,0.01,0.4
2014-01-03,000529,6.66,6.46,6.67,6.43,43721,28534655.0,3.61,-2.71,-0.18,0.77
2014-01-06,000529,6.47,6.3,6.48,6.25,36033,22763637.0,3.56,-2.48,-0.16,0.64
2014-01-07,000529,6.3,6.24,6.34,6.18,16569,10370918.0,2.54,-0.95,-0.06,0.29
2014-01-08,000529,6.22,6.21,6.32,6.16,20162,12585013.0,2.56,-0.48,-0.03,0.36
2014-01-09,000529,6.22,6.23,6.33,6.18,21980,13764893.0,2.42,0.32,0.02,0.39
2014-01-10,000529,6.23,6.3,6.32,6.1,26418,16513330.0,3.53,1.12,0.07,0.47
2014-01-13,000529,6.26,6.14,6.32,6.13,17070,10636142.0,3.02,-2.54,-0.16,0.3
2014-01-14,000529,6.14,6.6,6.75,6.14,61644,40028360.0,9.93,7.49,0.46,1.09
2014-01-15,000529,6.57,6.6,6.6,6.42,35612,23167591.0,2.73,0.0,0.0,0.63
2014-01-16,000529,6.61,6.63,6.78,6.55,35340,23588387.0,3.48,0.45,0.03,0.62
2014-01-17,000529,6.63,6.5,6.63,6.43,27883,18118681.0,3.02,-1.96,-0.13,0.49
2014-01-20,000529,6.45,6.42,6.53,6.41,17983,11622287.0,1.85,-1.23,-0.08,0.32
2014-01-21,000529,6.42,6.53,6.59,6.42,20203,13213239.0,2.65,1.71,0.11,0.36
2014-01-22,000529,6.51,6.74,6.75,6.51,36860,24631649.0,3.68,3.22,0.21,0.65
2014-01-23,000529,6.73,6.7,6.77,6.66,23696,15873444.0,1.63,-0.59,-0.04,0.42
2014-01-24,000529,6.67,6.78,6.9,6.67,41268,28269159.0,3.43,1.19,0.08,0.73
2014-01-27,000529,6.76,6.76,6.79,6.66,40923,27432027.0,1.92,-0.29,-0.02,0.72
2014-01-28,000529,6.74,6.67,6.78,6.57,36641,24420507.0,3.11,-1.33,-0.09,0.65
2014-01-29,000529,6.66,6.69,6.74,6.66,25604,17118832.0,1.2,0.3,0.02,0.45
2014-01-30,000529,6.71,6.86,6.97,6.65,53457,36706618.0,4.78,2.54,0.17,0.94
2014-02-07,000529,6.8,6.96,6.97,6.77,42045,28987833.0,2.92,1.46,0.1,0.74
2014-02-10,000529,6.96,7.03,7.05,6.91,59280,41462785.0,2.01,1.01,0.07,1.05
2014-02-11,000529,7.0,6.96,7.07,6.92,42571,29731595.0,2.13,-1.0,-0.07,0.75
2014-02-12,000529,6.96,6.89,6.98,6.84,52621,36190300.0,2.01,-1.01,-0.07,0.93
2014-02-13,000529,6.88,6.86,6.92,6.74,46669,31874184.0,2.61,-0.44,-0.03,0.82
2014-02-14,000529,6.87,7.01,7.04,6.8,55223,38428990.0,3.5,2.19,0.15,0.97
2014-02-17,000529,7.01,7.13,7.19,6.98,71992,51187458.0,3.0,1.71,0.12,1.27
2014-02-18,000529,7.1,7.06,7.22,7.04,48218,34244709.0,2.52,-0.98,-0.07,0.85
2014-02-19,000529,7.15,7.06,7.2,7.03,59824,42446573.0,2.41,0.0,0.0,1.05
2014-02-20,000529,7.13,7.22,7.53,7.08,144229,104886710.0,6.37,2.27,0.16,2.54
2014-02-21,000529,7.16,6.85,7.19,6.82,108469,75716832.0,5.12,-5.12,-0.37,1.91
2014-02-24,000529,6.8,6.85,7.0,6.71,55598,38156161.0,4.23,0.0,0.0,0.98
2014-02-25,000529,6.87,6.59,6.94,6.48,72971,48923778.0,6.72,-3.8,-0.26,1.29
2014-02-26,000529,6.57,6.68,6.71,6.46,42825,28141532.0,3.79,1.37,0.09,0.76
2014-02-27,000529,6.7,6.65,6.82,6.58,47494,31956957.0,3.59,-0.45,-0.03,0.84
2014-02-28,000529,6.85,6.93,7.03,6.72,96664,66653471.0,4.66,4.21,0.28,1.7
2014-03-03,000529,7.6,7.62,7.62,7.25,297594,222891598.0,5.34,9.96,0.69,5.25
2014-03-04,000529,7.93,7.8,7.97,7.51,388396,299619344.0,6.04,2.36,0.18,6.85
2014-03-05,000529,7.7,7.85,8.18,7.5,326524,256513947.0,8.72,0.64,0.05,5.76
2014-03-06,000529,7.7,7.8,7.94,7.57,180082,139893412.0,4.71,-0.64,-0.05,3.17
2014-03-07,000529,7.73,7.62,8.02,7.6,145088,112648140.0,5.38,-2.31,-0.18,2.56
2014-03-10,000529,7.48,7.6,7.84,7.3,142303,107415675.0,7.09,-0.26,-0.02,2.51
2014-03-11,000529,7.59,7.45,7.68,7.38,100622,75709349.0,3.95,-1.97,-0.15,1.77
2014-03-12,000529,7.47,7.77,7.79,7.26,156609,118107849.0,7.11,4.3,0.32,2.76
2014-03-13,000529,7.78,7.9,7.98,7.63,183456,143081562.0,4.5,1.67,0.13,3.23
2014-03-14,000529,7.85,7.47,7.85,7.47,111892,85667153.0,4.81,-5.44,-0.43,1.97
2014-03-17,000529,7.42,7.52,7.6,7.4,68081,51105987.0,2.68,0.67,0.05,1.2
2014-03-18,000529,7.55,7.68,7.82,7.48,101324,77888051.0,4.52,2.13,0.16,1.79
2014-03-19,000529,7.62,7.62,7.66,7.49,71284,53943929.0,2.21,-0.78,-0.06,1.26
2014-03-20,000529,7.61,7.64,7.98,7.53,159569,124146997.0,5.91,0.26,0.02,2.81
2014-03-21,000529,7.52,8.15,8.18,7.51,197237,155594364.0,8.77,6.68,0.51,3.48
2014-03-24,000529,8.09,8.15,8.24,7.96,144918,117320636.0,3.44,0.0,0.0,2.55
2014-03-25,000529,8.18,8.13,8.47,8.08,197759,163337449.0,4.79,-0.25,-0.02,3.49
2014-03-26,000529,8.09,8.14,8.33,8.03,117075,95672279.0,3.69,0.12,0.01,2.06
2014-03-27,000529,8.12,8.14,8.45,8.05,158197,130252660.0,4.91,0.0,0.0,2.79
2014-03-28,000529,8.19,8.59,8.86,8.17,299709,254874351.0,8.48,5.53,0.45,5.28
2014-03-31,000529,8.75,8.0,8.88,7.93,235690,196833768.0,11.06,-6.87,-0.59,4.16
2014-04-01,000529,7.85,7.9,8.0,7.68,142388,111446718.0,4.0,-1.25,-0.1,2.51
2014-04-02,000529,7.89,7.75,8.08,7.71,116047,92173730.0,4.68,-1.9,-0.15,2.05
2014-04-03,000529,7.7,7.49,7.78,7.42,140371,106394271.0,4.65,-3.35,-0.26,2.47
2014-04-04,000529,7.48,7.64,7.65,7.46,68432,51908979.0,2.54,2.0,0.15,1.21
2014-04-08,000529,7.58,7.73,7.81,7.52,73100,56272242.0,3.8,1.18,0.09,1.29
2014-04-09,000529,7.74,7.8,7.83,7.7,78644,60998808.0,1.68,0.91,0.07,1.39
2014-04-10,000529,7.8,7.7,7.84,7.65,88237,68222181.0,2.44,-1.28,-0.1,1.56
2014-04-11,000529,7.61,7.52,7.63,7.5,69953,52808075.0,1.69,-2.34,-0.18,1.23
2014-04-14,000529,7.53,7.75,7.75,7.46,63747,48496603.0,3.86,3.06,0.23,1.12
2014-04-15,000529,7.75,7.59,7.78,7.55,53833,41126730.0,2.97,-2.06,-0.16,0.95
2014-04-16,000529,7.6,7.52,7.61,7.42,46646,35044422.0,2.5,-0.92,-0.07,0.82
2014-04-17,000529,7.55,7.62,7.73,7.51,59079,45131628.0,2.93,1.33,0.1,1.04
2014-04-18,000529,7.57,7.62,7.63,7.48,33920,25626804.0,1.97,0.0,0.0,0.6
2014-04-21,000529,7.56,7.51,7.73,7.5,54001,41087223.0,3.02,-1.44,-0.11,0.95
2014-04-22,000529,7.45,7.25,7.56,7.07,97320,70955556.0,6.52,-3.46,-0.26,1.72
2014-04-23,000529,7.22,7.23,7.31,7.15,32021,23131515.0,2.21,-0.28,-0.02,0.56
2014-04-24,000529,7.2,7.09,7.24,7.06,39533,28168561.0,2.49,-1.94,-0.14,0.7
2014-04-25,000529,7.13,6.97,7.21,6.95,36335,25781886.0,3.67,-1.69,-0.12,0.64
2014-04-28,000529,6.9,6.5,7.0,6.43,64286,43003873.0,8.18,-6.74,-0.47,1.13
2014-04-29,000529,6.56,6.61,6.64,6.49,42679,27963222.0,2.31,1.69,0.11,0.75
2014-04-30,000529,6.66,6.8,6.83,6.6,35295,23700264.0,3.48,2.87,0.19,0.62
2014-05-05,000529,6.75,6.83,6.87,6.73,28334,19281700.0,2.06,0.44,0.03,0.5
2014-05-06,000529,6.84,6.79,6.87,6.73,26971,18345358.0,2.05,-0.59,-0.04,0.48
2014-05-07,000529,6.71,6.61,6.75,6.6,29891,19911797.0,2.21,-2.65,-0.18,0.53
2014-05-08,000529,6.61,6.61,6.73,6.55,27855,18522646.0,2.72,0.0,0.0,0.49
2014-05-09,000529,6.62,6.79,7.05,6.62,63666,43452319.0,6.51,2.72,0.18,1.12
2014-05-12,000529,6.86,6.98,7.03,6.76,59655,41103809.0,3.98,2.8,0.19,1.05
2014-05-13,000529,6.98,6.9,7.01,6.85,29486,20396004.0,2.29,-1.15,-0.08,0.52
2014-05-14,000529,6.89,6.9,7.0,6.86,35472,24603404.0,2.03,0.0,0.0,0.63
2014-05-15,000529,6.91,6.83,6.97,6.8,23542,16181624.0,2.46,-1.01,-0.07,0.42
2014-05-16,000529,6.83,6.75,6.86,6.65,18241,12288525.0,3.07,-1.17,-0.08,0.32
2014-05-19,000529,6.74,6.67,6.79,6.63,16582,11110297.0,2.37,-1.19,-0.08,0.29
2014-05-20,000529,6.72,6.76,6.84,6.69,14517,9792503.0,2.25,1.35,0.09,0.26
2014-05-21,000529,6.71,6.79,6.8,6.66,18488,12461310.0,2.07,0.44,0.03,0.33
2014-05-22,000529,6.79,6.8,6.92,6.73,30728,21012058.0,2.8,0.15,0.01,0.54
2014-05-23,000529,6.78,6.85,6.87,6.73,15593,10612124.0,2.06,0.74,0.05,0.27
2014-05-26,000529,6.88,6.94,6.96,6.83,25571,17617698.0,1.9,1.31,0.09,0.45
2014-05-27,000529,6.91,6.83,6.94,6.82,16796,11563571.0,1.73,-1.59,-0.11,0.3
2014-05-28,000529,6.83,6.92,6.92,6.81,22200,15266808.0,1.61,1.32,0.09,0.39
2014-05-29,000529,6.95,6.85,6.95,6.83,20276,13940302.0,1.73,-1.01,-0.07,0.36
2014-05-30,000529,6.82,6.84,6.92,6.82,16142,11070757.0,1.46,-0.15,-0.01,0.28
2014-06-03,000529,6.84,6.75,6.89,6.74,25473,17350348.0,2.19,-1.32,-0.09,0.45
2014-06-04,000529,6.74,6.56,6.74,6.54,27744,18304908.0,2.96,-2.81,-0.19,0.49
2014-06-05,000529,6.56,6.69,6.69,6.56,21364,14170689.0,1.98,1.98,0.13,0.38
2014-06-06,000529,6.71,6.71,6.74,6.63,18659,12508929.0,1.64,0.3,0.02,0.33
2014-06-09,000529,6.73,6.69,6.73,6.62,20231,13490984.0,1.64,-0.3,-0.02,0.36
2014-06-10,000529,6.7,6.78,6.79,6.64,18396,12390923.0,2.24,1.35,0.09,0.32
2014-06-11,000529,6.78,6.84,6.85,6.74,19554,13332000.0,1.62,0.88,0.06,0.34
2014-06-12,000529,6.86,6.75,6.86,6.74,21282,14418380.0,1.75,-1.32,-0.09,0.38
2014-06-13,000529,6.79,6.81,6.88,6.74,29727,20283839.0,2.07,0.89,0.06,0.52
2014-06-16,000529,6.85,6.88,6.89,6.81,33021,22667725.0,1.17,1.03,0.07,0.58
2014-06-17,000529,6.89,6.72,6.9,6.7,26723,18136974.0,2.91,-2.33,-0.16,0.47
2014-06-18,000529,6.72,6.62,6.75,6.6,24092,16052078.0,2.23,-1.49,-0.1,0.42
2014-06-19,000529,6.62,6.51,6.7,6.46,30359,20028676.0,3.63,-1.66,-0.11,0.54
2014-06-20,000529,6.52,6.56,6.63,6.51,14502,9517449.0,1.84,0.77,0.05,0.26
2014-06-23,000529,6.58,6.57,6.61,6.56,12792,8419361.0,0.76,0.15,0.01,0.23
2014-06-24,000529,6.57,6.59,6.64,6.57,12322,8134363.0,1.07,0.3,0.02,0.22
2014-06-25,000529,6.59,6.64,6.66,6.54,12629,8321434.0,1.82,0.76,0.05,0.22
2014-06-26,000529,6.64,6.74,6.83,6.64,23355,15746851.0,2.86,1.51,0.1,0.41
2014-06-27,000529,6.74,6.84,6.87,6.68,32207,21956772.0,2.82,1.48,0.1,0.57
2014-06-30,000529,6.83,6.78,6.95,6.74,32611,22237743.0,3.07,-0.88,-0.06,0.57
2014-07-01,000529,6.8,6.83,6.87,6.74,19473,13257343.0,1.92,0.74,0.05,0.34
2014-07-02,000529,6.83,6.85,6.89,6.75,27736,18942810.0,2.05,0.29,0.02,0.49
2014-07-03,000529,6.85,6.92,6.94,6.78,45638,31409034.0,2.34,1.02,0.07,0.8
2014-07-04,000529,7.17,7.28,7.61,7.17,171930,127124520.0,6.36,5.2,0.36,3.03
2014-07-07,000529,7.3,7.38,7.44,7.11,107142,78341727.0,4.53,1.37,0.1,1.89
2014-07-08,000529,7.38,7.38,7.45,7.29,57088,41946607.0,2.17,0.0,0.0,1.01
2014-07-09,000529,7.38,7.12,7.52,7.12,72492,53299925.0,5.42,-3.52,-0.26,1.28
2014-07-10,000529,7.12,7.23,7.26,7.12,38037,27392081.0,1.97,1.54,0.11,0.67
2014-07-11,000529,7.27,7.5,7.77,7.2,107250,81117593.0,7.88,3.73,0.27,1.89
2014-07-14,000529,7.55,7.46,7.55,7.38,63529,47316551.0,2.27,-0.53,-0.04,1.12
2014-07-15,000529,7.45,7.39,7.48,7.31,45997,33937628.0,2.28,-0.94,-0.07,0.81
2014-07-16,000529,7.42,7.77,7.77,7.41,145247,111165774.0,4.87,5.14,0.38,2.56
2014-07-17,000529,8.0,7.68,8.28,7.63,207742,164839387.0,8.37,-1.16,-0.09,3.66
2014-07-18,000529,7.53,7.74,7.9,7.31,136321,104223237.0,7.68,0.78,0.06,2.4
2014-07-21,000529,7.68,7.49,7.77,7.49,70151,53156503.0,3.62,-3.23,-0.25,1.24
2014-07-22,000529,7.45,7.5,7.59,7.38,86716,64862702.0,2.8,0.13,0.01,1.53
2014-07-23,000529,7.49,7.32,7.52,7.28,58353,43096132.0,3.2,-2.4,-0.18,1.03
2014-07-24,000529,7.32,7.3,7.39,7.2,40791,29769386.0,2.6,-0.27,-0.02,0.72
2014-07-25,000529,7.25,7.42,7.52,7.25,53825,40074055.0,3.7,1.64,0.12,0.95
2014-07-28,000529,7.42,7.55,7.68,7.37,83364,62514704.0,4.18,1.75,0.13,1.47
2014-07-29,000529,7.53,7.54,7.63,7.51,60971,46121981.0,1.59,-0.13,-0.01,1.07
2014-07-30,000529,7.54,7.65,7.67,7.52,65087,49538675.0,1.99,1.46,0.11,1.15
2014-07-31,000529,7.66,7.64,7.7,7.59,50125,38221580.0,1.44,-0.13,-0.01,0.88
2014-08-01,000529,7.66,7.82,7.99,7.66,160410,125403521.0,4.32,2.36,0.18,2.83
2014-08-04,000529,7.79,7.88,7.9,7.73,79200,61933403.0,2.17,0.77,0.06,1.4
2014-08-05,000529,7.91,7.7,7.91,7.66,91668,71017666.0,3.17,-2.28,-0.18,1.62
2014-08-06,000529,7.88,7.98,8.18,7.88,172797,138133822.0,3.9,3.64,0.28,3.05
2014-08-07,000529,7.92,7.85,7.96,7.83,87340,68858052.0,1.63,-1.63,-0.13,1.54
2014-08-08,000529,7.85,7.88,7.95,7.8,62075,48878630.0,1.91,0.38,0.03,1.09
2014-08-11,000529,7.85,7.91,7.94,7.84,64299,50747789.0,1.27,0.38,0.03,1.13
2014-08-12,000529,7.88,8.04,8.07,7.86,108438,86495027.0,2.65,1.64,0.13,1.91
2014-08-13,000529,8.02,7.95,8.12,7.87,78791,62831716.0,3.11,-1.12,-0.09,1.39
2014-08-14,000529,7.96,7.76,7.96,7.75,92764,72742899.0,2.64,-2.39,-0.19,1.64
2014-08-15,000529,7.76,8.0,8.0,7.72,103977,81933834.0,3.61,3.09,0.24,1.83
2014-08-18,000529,8.04,8.34,8.52,7.98,210501,174229752.0,6.75,4.25,0.34,3.71
2014-08-19,000529,8.45,8.39,8.66,8.28,221321,187468834.0,4.56,0.6,0.05,3.9
2014-08-20,000529,8.4,8.89,9.06,8.4,265909,233680210.0,7.87,5.96,0.5,4.69
2014-08-21,000529,8.79,9.47,9.78,8.71,302937,285102416.0,12.04,6.52,0.58,5.34
2014-08-22,000529,9.4,9.55,9.68,9.27,164281,155381400.0,4.33,0.84,0.08,2.9
2014-08-25,000529,9.48,9.13,9.48,8.96,170662,155721452.0,5.45,-4.4,-0.42,3.01
2014-08-26,000529,9.1,8.78,9.1,8.62,166937,146717724.0,5.26,-3.83,-0.35,2.94
2014-08-27,000529,8.73,8.63,8.83,8.52,113830,98973123.0,3.53,-1.71,-0.15,2.01
2014-08-28,000529,8.63,8.71,8.94,8.63,117295,103130436.0,3.59,0.93,0.08,2.07
2014-08-29,000529,8.7,9.25,9.45,8.6,153601,140529486.0,9.76,6.2,0.54,2.71
2014-09-01,000529,9.27,9.69,9.82,9.12,159233,152510603.0,7.57,4.76,0.44,2.81
2014-09-02,000529,9.61,9.59,9.66,9.4,130572,124473513.0,2.68,-1.03,-0.1,2.3
2014-09-03,000529,9.59,9.55,9.78,9.47,103700,99261560.0,3.23,-0.42,-0.04,1.83
2014-09-04,000529,9.68,9.99,10.35,9.46,198109,195911189.0,9.32,4.61,0.44,3.49
2014-09-05,000529,10.0,9.98,10.0,9.75,94862,93756190.0,2.5,-0.1,-0.01,1.67
2014-09-09,000529,9.99,9.8,10.03,9.75,92314,90781266.0,2.81,-1.8,-0.18,1.63
2014-09-10,000529,9.8,9.68,9.96,9.65,96233,94242294.0,3.16,-1.22,-0.12,1.7
2014-09-11,000529,9.7,9.5,9.83,9.4,108935,104812561.0,4.44,-1.86,-0.18,1.92
2014-09-12,000529,9.46,9.76,9.77,9.46,71137,68744426.0,3.26,2.74,0.26,1.25
2014-09-15,000529,9.79,9.66,9.8,9.52,74260,71608838.0,2.87,-1.02,-0.1,1.31
2014-09-16,000529,9.73,9.45,9.75,9.45,107002,102650876.0,3.11,-2.17,-0.21,1.89
2014-09-17,000529,9.44,9.44,9.6,9.3,65208,61584459.0,3.17,-0.11,-0.01,1.15
2014-09-18,000529,9.47,9.33,9.49,9.15,73559,68614114.0,3.6,-1.17,-0.11,1.3
2014-09-19,000529,9.33,9.5,9.52,9.22,65202,61298285.0,3.22,1.82,0.17,1.15
2014-09-22,000529,9.51,9.23,9.53,9.18,55181,51335920.0,3.68,-2.84,-0.27,0.97
2014-09-23,000529,9.2,9.25,9.26,9.0,69013,63257708.0,2.82,0.22,0.02,1.22
2014-09-24,000529,9.24,9.6,9.6,9.14,104593,98062371.0,4.97,3.78,0.35,1.84
2014-09-25,000529,9.61,9.66,9.95,9.55,131949,128521081.0,4.17,0.63,0.06,2.33
2014-09-26,000529,9.6,9.82,9.96,9.52,100551,98772960.0,4.55,1.66,0.16,1.77
2014-09-29,000529,9.84,10.15,10.18,9.8,135312,135198211.0,3.87,3.36,0.33,2.39
2014-09-30,000529,10.18,9.96,10.18,9.91,90092,89965366.0,2.66,-1.87,-0.19,1.59
2014-10-08,000529,9.96,10.34,10.48,9.91,116451,119986358.0,5.72,3.82,0.38,2.05
2014-10-09,000529,10.48,10.14,10.48,10.05,142183,145157281.0,4.16,-1.93,-0.2,2.51
2014-10-10,000529,10.08,9.85,10.08,9.82,88630,87833517.0,2.56,-2.86,-0.29,1.56
2014-10-13,000529,9.9,10.04,10.16,9.9,78144,78286165.0,2.64,1.93,0.19,1.38
2014-10-14,000529,10.04,9.96,10.09,9.8,63811,63595632.0,2.89,-0.8,-0.08,1.13
2014-10-15,000529,9.97,10.01,10.05,9.7,71163,70357224.0,3.51,0.5,0.05,1.25
2014-10-16,000529,9.9,9.77,10.0,9.76,61321,60757745.0,2.4,-2.4,-0.24,1.08
2014-10-17,000529,9.76,10.01,10.09,9.59,110694,109378468.0,5.12,2.46,0.24,1.95
2014-10-20,000529,10.03,10.19,10.28,9.95,91841,92931962.0,3.3,1.8,0.18,1.62
2014-10-21,000529,10.23,9.83,10.23,9.79,91295,91086874.0,4.32,-3.53,-0.36,1.61
2014-10-22,000529,9.86,9.64,9.92,9.61,68292,66483401.0,3.15,-1.93,-0.19,1.2
2014-10-23,000529,9.68,9.35,9.76,9.31,63301,60147198.0,4.67,-3.01,-0.29,1.12
2014-10-24,000529,9.38,9.29,9.47,9.23,34110,31824076.0,2.57,-0.64,-0.06,0.6
2014-10-27,000529,9.26,9.28,9.38,9.17,26997,25104816.0,2.26,-0.11,-0.01,0.48
2014-10-28,000529,9.38,9.68,9.77,9.38,88584,85706851.0,4.2,4.31,0.4,1.56
2014-10-29,000529,9.68,9.89,9.9,9.55,82203,80011878.0,3.62,2.17,0.21,1.45
2014-10-30,000529,9.95,9.87,10.05,9.8,85862,85236455.0,2.53,-0.2,-0.02,1.51
2014-10-31,000529,9.89,9.74,9.93,9.69,63271,61865985.0,2.43,-1.32,-0.13,1.12
2014-11-03,000529,9.71,9.81,9.9,9.62,70316,68659195.0,2.87,0.72,0.07,1.24
2014-11-04,000529,9.8,9.81,9.86,9.69,56279,54958469.0,1.73,0.0,0.0,0.99
2014-11-05,000529,9.81,9.98,10.1,9.7,109563,109021677.0,4.08,1.73,0.17,1.93
2014-11-06,000529,10.0,9.88,10.05,9.7,54157,53462986.0,3.51,-1.0,-0.1,0.95
2014-11-07,000529,9.88,9.73,9.95,9.72,51081,50283618.0,2.33,-1.52,-0.15,0.9
2014-11-10,000529,9.72,9.78,9.79,9.63,71305,69270284.0,1.64,0.51,0.05,1.26
2014-11-11,000529,9.77,9.2,9.8,9.02,90566,85324948.0,7.98,-5.93,-0.58,1.6
2014-11-12,000529,9.48,10.12,10.12,9.48,282933,283449408.0,6.96,10.0,0.92,4.99
2014-11-13,000529,9.86,9.82,10.03,9.74,158667,156577906.0,2.87,-2.96,-0.3,2.8
2014-11-14,000529,9.82,9.6,9.82,9.31,82974,78765150.0,5.19,-2.24,-0.22,1.46
2014-11-17,000529,9.58,9.82,9.89,9.36,73847,71378898.0,5.52,2.29,0.22,1.3
2014-11-18,000529,9.74,9.75,9.82,9.6,48871,47379095.0,2.24,-0.71,-0.07,0.86
2014-11-19,000529,9.76,9.8,9.9,9.62,61332,59917377.0,2.87,0.51,0.05,1.08
2014-11-20,000529,9.74,9.96,10.08,9.71,96902,96477466.0,3.78,1.63,0.16,1.71
2014-11-21,000529,9.91,9.97,10.04,9.87,69498,69238850.0,1.71,0.1,0.01,1.23
2014-11-24,000529,10.06,9.91,10.15,9.89,81548,81284951.0,2.61,-0.6,-0.06,1.44
2014-11-25,000529,9.94,10.58,10.88,9.94,215165,227345948.0,9.49,6.76,0.67,3.79
2014-11-26,000529,10.6,10.91,10.97,10.39,201693,216234461.0,5.48,3.12,0.33,3.56
2014-11-27,000529,10.91,10.77,10.94,10.6,126853,136221220.0,3.12,-1.28,-0.14,2.24
2014-11-28,000529,10.77,10.56,10.8,10.38,103840,109989615.0,3.9,-1.95,-0.21,1.83
2014-12-01,000529,10.55,10.45,10.83,10.44,107985,114694365.0,3.69,-1.04,-0.11,1.9
2014-12-02,000529,10.36,10.56,10.76,10.36,94848,100465930.0,3.83,1.05,0.11,1.67
2014-12-03,000529,10.54,10.42,10.65,10.15,125212,129536397.0,4.73,-1.33,-0.14,2.21
2014-12-04,000529,10.42,10.4,10.52,10.28,91591,95406217.0,2.3,-0.19,-0.02,1.61
2014-12-05,000529,10.48,10.19,10.85,9.88,122420,126686692.0,9.33,-2.02,-0.21,2.16
2014-12-08,000529,10.1,9.94,10.14,9.84,148397,147374700.0,2.94,-2.45,-0.25,2.62
2014-12-09,000529,9.97,9.53,10.22,9.49,135660,134947988.0,7.34,-4.12,-0.41,2.39
2014-12-10,000529,9.55,9.84,9.86,9.48,71013,68724853.0,3.99,3.25,0.31,1.25
2014-12-11,000529,9.84,9.98,10.01,9.73,70722,70046962.0,2.85,1.42,0.14,1.25
2014-12-12,000529,10.0,10.19,10.26,9.83,87143,87475374.0,4.31,2.1,0.21,1.54
2014-12-15,000529,10.19,10.24,10.39,10.12,92105,94647938.0,2.65,0.49,0.05,1.62
2014-12-16,000529,10.28,10.24,10.52,10.06,71287,73065197.0,4.49,0.0,0.0,1.26
2014-12-17,000529,10.25,9.89,10.3,9.7,130217,129044374.0,5.86,-3.42,-0.35,2.3
2014-12-18,000529,9.85,9.72,9.87,9.67,76791,74800394.0,2.02,-1.72,-0.17,1.35
2014-12-19,000529,9.75,9.51,9.89,9.3,84556,80754479.0,6.07,-2.16,-0.21,1.49
2014-12-22,000529,9.5,9.07,9.5,8.7,102848,92857983.0,8.41,-4.63,-0.44,1.81
2014-12-23,000529,8.98,9.04,9.17,8.9,42408,38349856.0,2.98,-0.33,-0.03,0.75
2014-12-24,000529,9.04,9.15,9.17,9.03,38200,34724812.0,1.55,1.22,0.11,0.67
2014-12-25,000529,9.15,9.06,9.2,9.02,47188,42846638.0,1.97,-0.98,-0.09,0.83
2014-12-26,000529,9.06,9.08,9.16,8.81,67931,61230089.0,3.86,0.22,0.02,1.2
2014-12-29,000529,9.13,9.08,9.15,9.01,75498,68484956.0,1.54,0.0,0.0,1.33
2014-12-30,000529,9.05,8.56,9.07,8.51,81244,71170330.0,6.17,-5.73,-0.52,1.43
2014-12-31,000529,8.51,9.03,9.24,8.4,79915,71708621.0,9.81,5.49,0.47,1.41
2015-01-05,000529,9.03,9.15,9.34,9.03,81061,74512871.0,3.43,1.33,0.12,1.43
2015-01-06,000529,9.15,9.12,9.16,8.96,60473,54767452.0,2.19,-0.33,-0.03,1.07
2015-01-07,000529,9.12,9.15,9.26,9.03,41662,38017976.0,2.52,0.33,0.03,0.73
2015-01-08,000529,9.18,9.29,9.38,9.08,77286,71565993.0,3.28,1.53,0.14,1.36
2015-01-09,000529,9.2,9.08,9.32,9.08,48494,44600387.0,2.58,-2.26,-0.21,0.85
2015-01-12,000529,9.08,8.99,9.15,8.9,31915,28824666.0,2.75,-0.99,-0.09,0.56
2015-01-13,000529,8.99,9.03,9.07,8.93,30177,27232160.0,1.56,0.44,0.04,0.53
2015-01-14,000529,9.03,8.92,9.11,8.89,32109,28923594.0,2.44,-1.22,-0.11,0.57
2015-01-15,000529,8.94,8.97,9.04,8.92,33638,30187037.0,1.35,0.56,0.05,0.59
2015-01-16,000529,9.0,9.06,9.11,8.91,41379,37197007.0,2.23,1.0,0.09,0.73
2015-01-19,000529,8.88,8.72,9.08,8.5,48834,43213474.0,6.4,-3.75,-0.34,0.86
2015-01-20,000529,8.71,8.96,8.98,8.71,33785,30106568.0,3.1,2.75,0.24,0.6
2015-01-21,000529,8.97,9.33,9.37,8.97,78030,71799808.0,4.46,4.13,0.37,1.38
2015-01-22,000529,9.5,9.42,9.5,9.25,70834,66437261.0,2.68,0.96,0.09,1.25
2015-01-23,000529,9.45,9.5,9.5,9.26,95742,89730167.0,2.55,0.85,0.08,1.69
2015-01-26,000529,9.52,10.0,10.15,9.52,165483,162599106.0,6.63,5.26,0.5,2.92
2015-01-27,000529,10.02,9.96,10.09,9.76,103374,102597157.0,3.3,-0.4,-0.04,1.82
2015-01-28,000529,9.96,9.9,10.02,9.8,63112,62681241.0,2.21,-0.6,-0.06,1.11
2015-01-29,000529,9.84,9.8,9.92,9.72,43348,42586911.0,2.02,-1.01,-0.1,0.76
2015-01-30,000529,9.82,9.59,9.85,9.57,53401,51671601.0,2.86,-2.14,-0.21,0.94
2015-02-02,000529,9.45,9.57,9.74,9.45,34561,33288084.0,3.02,-0.21,-0.02,0.61
2015-02-03,000529,9.57,9.8,9.83,9.57,35047,33995388.0,2.72,2.4,0.23,0.62
2015-02-04,000529,9.82,9.75,9.94,9.68,38479,37703158.0,2.65,-0.51,-0.05,0.68
2015-02-05,000529,9.87,9.59,9.89,9.55,39160,37938753.0,3.49,-1.64,-0.16,0.69
2015-02-06,000529,9.52,9.58,9.73,9.48,39457,37838125.0,2.61,-0.1,-0.01,0.7
2015-02-09,000529,9.56,9.46,9.6,9.35,32190,30333167.0,2.61,-1.25,-0.12,0.57
2015-02-10,000529,9.46,9.37,9.46,9.22,33918,31572527.0,2.54,-0.95,-0.09,0.6
2015-02-11,000529,9.37,9.45,9.48,9.3,30810,28866404.0,1.92,0.85,0.08,0.54
2015-02-12,000529,9.49,9.51,9.52,9.4,28388,26900763.0,1.27,0.63,0.06,0.5
2015-02-13,000529,9.52,9.77,9.8,9.52,55479,53934683.0,2.94,2.73,0.26,0.98
2015-02-16,000529,9.8,10.09,10.13,9.8,94034,94386823.0,3.38,3.28,0.32,1.66
2015-02-17,000529,10.11,10.03,10.15,9.99,72462,72790864.0,1.59,-0.59,-0.06,1.28
2015-02-25,000529,10.07,10.11,10.27,10.01,69463,70466676.0,2.59,0.8,0.08,1.22
2015-02-26,000529,10.12,10.35,10.35,10.08,104720,107207011.0,2.67,2.37,0.24,1.85
2015-02-27,000529,10.39,10.36,10.43,10.22,85416,87914038.0,2.03,0.1,0.01,1.51
2015-03-02,000529,10.4,10.33,10.45,10.26,87980,90851536.0,1.83,-0.29,-0.03,1.55
2015-03-03,000529,10.36,9.95,10.37,9.91,131413,132709813.0,4.45,-3.68,-0.38,2.32
2015-03-04,000529,9.95,10.12,10.12,9.95,51046,51221463.0,1.71,1.71,0.17,0.9
2015-03-05,000529,10.11,10.13,10.25,9.98,89543,90749168.0,2.67,0.1,0.01,1.58
2015-03-06,000529,10.16,10.58,10.72,10.15,211562,221614773.0,5.63,4.44,0.45,3.73
2015-03-09,000529,10.58,11.43,11.64,10.35,256523,283878224.0,12.19,8.03,0.85,4.52
2015-03-10,000529,11.3,11.42,11.94,11.23,180361,208918182.0,6.21,-0.09,-0.01,3.18
2015-03-11,000529,11.43,11.62,11.69,11.13,147047,167305700.0,4.9,1.75,0.2,2.59
2015-03-12,000529,11.54,11.6,12.18,11.48,149843,177122838.0,6.02,-0.17,-0.02,2.64
2015-03-13,000529,11.6,11.86,12.0,11.6,107197,126074727.0,3.45,2.24,0.26,1.89
2015-03-16,000529,11.88,12.19,12.19,11.76,187463,224759993.0,3.63,2.78,0.33,3.31
2015-03-17,000529,12.2,11.98,12.23,11.91,140641,169056495.0,2.63,-1.72,-0.21,2.48
2015-03-18,000529,11.97,11.92,11.97,11.77,123267,145935599.0,1.67,-0.5,-0.06,2.17
2015-03-19,000529,11.98,12.7,12.72,11.84,208585,255653095.0,7.38,6.54,0.78,3.68
2015-03-20,000529,12.58,12.66,12.79,12.42,110280,138402251.0,2.91,-0.31,-0.04,1.94
2015-03-23,000529,12.66,12.7,13.0,12.5,120083,153002711.0,3.95,0.32,0.04,2.12
2015-03-24,000529,12.84,12.4,12.84,11.95,148374,183509040.0,7.01,-2.36,-0.3,2.62
2015-03-25,000529,12.38,12.48,12.75,12.15,147082,184143062.0,4.84,0.65,0.08,2.59
2015-03-26,000529,12.45,12.05,12.45,11.95,128202,155305783.0,4.01,-3.45,-0.43,2.26
2015-03-27,000529,12.08,12.2,12.3,12.08,77836,94804443.0,1.83,1.24,0.15,1.37
2015-03-30,000529,12.26,12.55,12.82,12.18,128785,161974133.0,5.25,2.87,0.35,2.27
2015-03-31,000529,12.58,12.4,12.68,12.37,99900,124932347.0,2.47,-1.2,-0.15,1.76
2015-04-01,000529,12.4,12.45,12.63,12.33,78814,98348519.0,2.42,0.4,0.05,1.39
2015-04-02,000529,12.48,12.85,12.96,12.3,134086,166873524.0,5.3,3.21,0.4,2.36
2015-04-03,000529,12.72,13.68,13.88,12.63,193249,258216510.0,9.73,6.46,0.83,3.41
2015-04-07,000529,13.69,13.71,13.88,13.5,123737,169299505.0,2.78,0.22,0.03,2.18
2015-04-08,000529,13.72,13.56,13.86,13.2,119326,162225821.0,4.81,-1.09,-0.15,2.1
2015-04-09,000529,13.4,13.12,13.59,12.68,133088,173590421.0,6.71,-3.24,-0.44,2.35
2015-04-10,000529,13.08,14.41,14.43,12.92,257155,361919264.0,11.51,9.83,1.29,4.53
2015-04-13,000529,14.21,14.45,15.18,14.16,197986,291047648.0,7.08,0.28,0.04,3.49
2015-04-14,000529,14.46,14.63,14.78,13.89,121722,174899559.0,6.16,1.25,0.18,2.15
2015-04-15,000529,14.65,13.94,14.8,13.78,147060,208150488.0,6.97,-4.72,-0.69,2.59
2015-04-16,000529,13.79,15.33,15.33,13.45,218133,315687696.0,13.49,9.97,1.39,3.85
2015-04-17,000529,15.78,15.75,16.3,15.02,272688,427300432.0,8.35,2.74,0.42,4.81
2015-04-20,000529,15.05,15.15,15.81,15.01,220226,337454208.0,5.08,-3.81,-0.6,3.88
2015-04-21,000529,15.18,15.22,15.39,14.76,147025,221152800.0,4.16,0.46,0.07,2.59
2015-04-22,000529,15.5,15.72,16.29,15.44,207535,326688576.0,5.58,3.29,0.5,3.66
2015-04-23,000529,15.69,15.59,16.18,15.41,168846,264977961.0,4.9,-0.83,-0.13,2.98
2015-04-24,000529,15.31,15.42,15.49,15.0,121808,186449387.0,3.14,-1.09,-0.17,2.15
2015-04-27,000529,15.25,15.05,15.5,14.89,168461,254463741.0,3.96,-2.4,-0.37,2.97
2015-04-28,000529,15.05,14.74,15.19,14.21,124236,182122791.0,6.51,-2.06,-0.31,2.19
2015-04-29,000529,14.5,15.02,15.44,14.5,112199,168937162.0,6.38,1.9,0.28,1.98
2015-04-30,000529,15.1,15.0,15.42,14.91,88383,133101859.0,3.4,-0.13,-0.02,1.56
2015-05-04,000529,15.01,14.91,15.17,14.72,84233,125460366.0,3.0,-0.6,-0.09,1.49
2015-05-05,000529,14.91,13.9,14.99,13.65,106952,153626287.0,8.99,-6.77,-1.01,1.89
2015-05-06,000529,13.9,13.5,14.32,13.3,82558,114828135.0,7.34,-2.88,-0.4,1.46
2015-05-07,000529,13.38,12.92,13.49,12.83,81658,107135045.0,4.89,-4.3,-0.58,1.44
2015-05-08,000529,13.15,13.38,13.38,12.99,76677,100936939.0,3.02,3.56,0.46,1.35
2015-05-11,000529,13.48,13.87,13.99,13.45,83890,114793187.0,4.04,3.66,0.49,1.48
2015-05-12,000529,13.87,13.99,14.13,13.66,91954,128138505.0,3.39,0.87,0.12,1.62
2015-05-13,000529,14.0,14.29,14.7,13.9,113968,164381288.0,5.72,2.14,0.3,2.01
2015-05-14,000529,14.15,14.21,14.48,14.11,73956,105413806.0,2.59,-0.56,-0.08,1.3
2015-05-15,000529,14.15,13.77,14.21,13.62,73692,102383116.0,4.15,-3.1,-0.44,1.3
2015-05-18,000529,13.85,14.08,14.46,13.77,62025,87619549.0,5.01,2.25,0.31,1.09
2015-05-19,000529,14.15,14.3,14.38,13.98,83455,118428827.0,2.84,1.56,0.22,1.47
2015-05-20,000529,14.29,14.48,14.87,14.17,121843,177893427.0,4.9,1.26,0.18,2.15
2015-05-21,000529,14.64,15.35,15.35,14.64,165471,249820876.0,4.9,6.01,0.87,2.92
2015-05-22,000529,15.57,15.28,15.78,14.84,168007,256619347.0,6.12,-0.46,-0.07,2.96
2015-05-25,000529,15.28,15.6,15.75,14.9,223222,343913696.0,5.56,2.09,0.32,3.94
2015-05-26,000529,15.66,16.49,16.69,15.45,250046,400035712.0,7.95,5.71,0.89,4.41
2015-05-27,000529,16.29,16.09,16.78,15.85,200221,323753728.0,5.64,-2.43,-0.4,3.53
2015-05-28,000529,16.3,14.48,16.4,14.48,231424,361642112.0,11.93,-10.01,-1.61,4.08
2015-05-29,000529,14.3,14.6,14.91,13.63,160769,229744164.0,8.84,0.83,0.12,2.83
2015-06-01,000529,14.98,15.94,16.05,14.98,196116,308738336.0,7.33,9.18,1.34,3.46
2015-06-02,000529,15.99,16.5,16.66,15.6,220307,354829840.0,6.65,3.51,0.56,3.88
2015-06-03,000529,16.5,16.07,16.6,15.6,172118,276574032.0,6.06,-2.61,-0.43,3.03
2015-06-04,000529,16.08,15.79,16.1,14.5,134633,208710305.0,9.96,-1.74,-0.28,2.37
2015-06-05,000529,16.1,17.37,17.37,15.91,379011,629860464.0,9.25,10.01,1.58,6.68
2015-06-08,000529,17.76,18.32,18.88,17.38,359372,649320960.0,8.64,5.47,0.95,6.34
2015-06-09,000529,18.1,17.65,18.2,17.3,194081,343359872.0,4.91,-3.66,-0.67,3.42
2015-06-10,000529,17.31,17.9,18.49,17.15,197088,355912544.0,7.59,1.42,0.25,3.47
2015-06-11,000529,17.8,18.93,19.42,17.7,216893,404884496.0,9.61,5.75,1.03,3.82
2015-06-12,000529,19.02,19.45,20.26,19.02,220475,435529584.0,6.55,2.75,0.52,3.89
2015-06-15,000529,19.6,18.58,19.96,18.33,190450,359516128.0,8.38,-4.47,-0.87,3.36
2015-06-16,000529,18.06,17.4,18.39,17.0,144010,253714279.0,7.48,-6.35,-1.18,2.54
2015-06-17,000529,17.31,19.14,19.14,16.5,209272,372974320.0,15.17,10.0,1.74,3.69
2015-06-18,000529,19.14,19.15,20.4,18.75,248378,489763440.0,8.62,0.05,0.01,4.38
2015-06-19,000529,18.71,17.41,18.71,17.35,147955,264514067.0,7.1,-9.09,-1.74,2.61
2015-06-23,000529,17.08,17.3,17.47,15.67,164178,273688720.0,10.34,-0.63,-0.11,2.89
2015-06-24,000529,17.51,18.02,18.1,17.25,171925,305972784.0,4.91,4.16,0.72,3.03
2015-06-25,000529,18.02,18.85,19.78,17.51,296521,554923952.0,12.6,4.61,0.83,5.23
2015-06-26,000529,18.25,16.97,18.38,16.97,178540,314775248.0,7.48,-9.97,-1.88,3.15
2015-06-29,000529,17.5,15.27,17.77,15.27,182658,297591536.0,14.73,-10.02,-1.7,3.22
2015-06-30,000529,15.0,15.97,16.15,13.74,187946,278317936.0,15.78,4.58,0.7,3.31
2015-07-01,000529,15.8,14.37,16.32,14.37,150814,232958287.0,12.21,-10.02,-1.6,2.66
2015-07-02,000529,13.9,12.93,14.5,12.93,135676,180851945.0,10.93,-10.02,-1.44,2.39
2015-07-03,000529,11.8,11.64,12.72,11.64,112839,133929858.0,8.35,-9.98,-1.29,1.99
2015-07-06,000529,12.59,10.48,12.62,10.48,153232,172504397.0,18.38,-9.97,-1.16,2.7
2015-07-07,000529,9.59,9.43,9.59,9.43,36107,34146105.0,1.53,-10.02,-1.05,0.64
2015-07-08,000529,8.49,8.49,8.49,8.49,6663,5656887.0,0.0,-9.97,-0.94,0.12
2015-07-09,000529,7.64,9.34,9.34,7.64,280489,238215990.0,20.02,10.01,0.85,4.95
2015-07-10,000529,9.6,10.27,10.27,9.3,199844,202202541.0,10.39,9.96,0.93,3.52
2015-07-13,000529,10.79,11.3,11.3,10.29,290431,317795296.0,9.83,10.03,1.03,5.12
2015-07-14,000529,11.0,10.98,12.09,10.7,336421,381127280.0,12.3,-2.83,-0.32,5.93
2015-07-15,000529,10.63,9.88,10.75,9.88,146738,148939649.0,7.92,-10.02,-1.1,2.59
2015-07-16,000529,8.98,9.88,10.21,8.89,214014,205128902.0,13.36,0.0,0.0,3.77
2015-07-17,000529,9.89,10.45,10.6,9.57,197846,202575595.0,10.43,5.77,0.57,3.49
2015-07-20,000529,10.15,10.82,11.08,10.15,214395,228900860.0,8.9,3.54,0.37,3.78
2015-07-21,000529,10.7,11.66,11.9,10.5,299352,340436768.0,12.94,7.76,0.84,5.28
2015-07-22,000529,11.66,11.68,12.15,11.0,283451,324413728.0,9.86,0.17,0.02,5.0
2015-07-23,000529,11.68,12.11,12.26,11.52,249133,298624768.0,6.34,3.68,0.43,4.39
2015-07-24,000529,12.04,11.92,12.55,11.62,264646,321803680.0,7.68,-1.57,-0.19,4.67
2015-07-27,000529,11.56,10.8,12.47,10.73,307358,362927552.0,14.6,-9.4,-1.12,5.42
2015-07-28,000529,10.11,10.43,11.2,9.8,225169,236717520.0,12.96,-3.43,-0.37,3.97
2015-07-29,000529,10.74,11.13,11.2,9.91,169988,179132053.0,12.37,6.71,0.7,3.0
2015-07-30,000529,11.01,10.8,11.54,10.75,180325,201653608.0,7.1,-2.96,-0.33,3.18
2015-07-31,000529,10.53,10.56,10.96,10.3,97072,103409949.0,6.11,-2.22,-0.24,1.71
2015-08-03,000529,10.5,9.6,10.5,9.5,139387,137519560.0,9.47,-9.09,-0.96,2.46
2015-08-04,000529,9.79,10.45,10.45,9.61,105144,105438748.0,8.75,8.85,0.85,1.85
2015-08-05,000529,10.4,10.44,10.69,10.15,123249,129086641.0,5.17,-0.1,-0.01,2.17
2015-08-06,000529,10.3,10.74,10.82,10.1,131921,139779176.0,6.9,2.87,0.3,2.33
2015-08-07,000529,10.77,11.49,11.52,10.77,148087,166440414.0,6.98,6.98,0.75,2.61
2015-08-10,000529,11.66,12.57,12.64,11.66,239854,295918960.0,8.53,9.4,1.08,4.23
2015-08-11,000529,12.57,12.51,13.09,12.35,208530,265227573.0,5.89,-0.48,-0.06,3.68
2015-08-12,000529,12.41,12.83,13.1,12.36,220897,284464496.0,5.92,2.56,0.32,3.89
2015-08-13,000529,12.98,14.11,14.11,12.96,231947,325943296.0,8.96,9.98,1.28,4.09
2015-12-25,000529,13.5,12.98,13.98,12.71,310943,412783584.0,9.0,-8.01,-1.13,5.48
2015-12-28,000529,13.11,12.09,13.18,12.08,217038,270365536.0,8.47,-6.86,-0.89,3.83
2015-12-29,000529,12.15,12.84,12.88,12.01,166215,208574532.0,7.2,6.2,0.75,2.93
2015-12-30,000529,12.86,12.53,12.9,12.36,118633,148490686.0,4.21,-2.41,-0.31,2.09
2015-12-31,000529,12.42,12.07,12.53,11.97,94778,115502182.0,4.47,-3.67,-0.46,1.67
2016-01-04,000529,12.08,10.86,12.23,10.86,72170,83910435.0,11.35,-10.02,-1.21,1.27
2016-01-05,000529,10.3,10.21,10.98,9.81,135154,139364046.0,10.77,-5.99,-0.65,2.38
2016-01-06,000529,10.3,10.47,10.66,10.15,90680,94509039.0,5.0,2.55,0.26,1.6
2016-01-07,000529,10.29,9.42,10.29,9.42,28253,27351464.0,8.31,-10.03,-1.05,0.5
2016-01-08,000529,9.6,9.25,9.79,8.6,174931,161454629.0,12.63,-1.8,-0.17,3.08
2016-01-11,000529,9.0,8.33,9.16,8.33,111615,97783336.0,8.97,-9.95,-0.92,1.97
2016-01-12,000529,8.36,8.4,8.68,8.11,96294,80859268.0,6.84,0.84,0.07,1.7
2016-01-13,000529,8.55,8.53,8.98,8.41,137178,118890167.0,6.79,1.55,0.13,2.42
2016-01-14,000529,8.15,9.38,9.38,8.01,163924,145729800.0,16.06,9.96,0.85,2.89
2016-01-15,000529,9.18,9.11,9.78,8.9,155839,145704692.0,9.38,-2.88,-0.27,2.75
2016-01-18,000529,8.9,9.36,9.48,8.8,99655,92516821.0,7.46,2.74,0.25,1.76
2016-01-19,000529,9.34,9.69,9.77,9.1,122722,116041084.0,7.16,3.53,0.33,2.16
2016-01-20,000529,9.51,9.38,9.65,9.15,117701,110704194.0,5.16,-3.2,-0.31,2.08
2016-01-21,000529,9.16,8.56,9.35,8.51,102365,91937232.0,8.96,-8.74,-0.82,1.8
2016-01-22,000529,8.65,8.74,8.77,8.26,98278,83792092.0,5.96,2.1,0.18,1.73
2016-01-25,000529,8.8,9.08,9.08,8.68,100043,88575622.0,4.58,3.89,0.34,1.76
2016-01-26,000529,8.94,8.17,9.0,8.17,95676,82116895.0,9.14,-10.02,-0.91,1.69
2016-01-27,000529,8.05,7.74,8.17,7.4,102541,79352609.0,9.42,-5.26,-0.43,1.81
2016-01-28,000529,7.74,7.25,7.88,7.22,58361,44626474.0,8.53,-6.33,-0.49,1.03
2016-01-29,000529,7.25,7.57,7.7,7.16,61526,45962284.0,7.45,4.41,0.32,1.08
2016-02-01,000529,7.57,7.39,7.6,7.21,46615,34581226.0,5.15,-2.38,-0.18,0.82
2016-02-02,000529,7.35,7.61,7.7,7.35,51027,38780825.0,4.74,2.98,0.22,0.9
2016-02-03,000529,7.52,7.64,7.72,7.41,48392,36456384.0,4.07,0.39,0.03,0.85
2016-02-04,000529,7.64,8.4,8.4,7.64,100820,81989695.0,9.95,9.95,0.76,1.78
2016-02-05,000529,8.6,8.05,8.66,8.01,124869,103246176.0,7.74,-4.17,-0.35,2.2
2016-02-15,000529,7.62,7.87,8.0,7.41,76265,58812207.0,7.33,-2.24,-0.18,1.34
2016-02-16,000529,7.95,8.57,8.65,7.86,118972,97978836.0,10.04,8.89,0.7,2.1
2016-02-17,000529,8.41,8.57,8.75,8.31,132863,113292690.0,5.13,0.0,0.0,2.34
2016-02-18,000529,8.6,8.54,8.87,8.51,135421,117561116.0,4.2,-0.35,-0.03,2.39
2016-02-19,000529,8.5,8.58,8.68,8.4,100677,86114290.0,3.28,0.47,0.04,1.77
2016-02-22,000529,8.68,8.75,8.87,8.59,111170,97017459.0,3.26,1.98,0.17,1.96
2016-02-23,000529,8.74,8.56,8.79,8.36,92121,78743134.0,4.91,-2.17,-0.19,1.62
2016-02-24,000529,8.5,9.42,9.42,8.47,129856,120075548.0,11.1,10.05,0.86,2.29
2016-02-25,000529,9.65,8.7,9.78,8.48,311502,286776288.0,13.8,-7.64,-0.72,5.49
2016-02-26,000529,8.62,8.93,9.36,8.23,231267,205370476.0,12.99,2.64,0.23,4.08
2016-02-29,000529,8.72,8.04,8.72,8.04,137616,112121782.0,7.61,-9.97,-0.89,2.43
2016-03-01,000529,8.07,7.99,8.18,7.49,126641,100011732.0,8.58,-0.62,-0.05,2.23
2016-03-02,000529,7.99,8.35,8.48,7.8,120018,98766799.0,8.51,4.51,0.36,2.12
2016-03-03,000529,8.33,8.66,8.74,8.28,154769,133080878.0,5.51,3.71,0.31,2.73
2016-03-04,000529,8.61,8.16,8.69,7.99,134505,112010402.0,8.08,-5.77,-0.5,2.37
2016-03-07,000529,8.34,8.32,8.46,8.16,77207,64234635.0,3.68,1.96,0.16,1.36
2016-03-08,000529,8.29,8.23,8.33,7.82,74908,60560791.0,6.13,-1.08,-0.09,1.32
2016-03-09,000529,8.0,7.92,8.1,7.82,57933,46182545.0,3.4,-3.77,-0.31,1.02
2016-03-10,000529,7.92,7.76,8.05,7.71,54913,43295021.0,4.29,-2.02,-0.16,0.97
2016-03-11,000529,7.61,7.66,7.75,7.55,44306,33866358.0,2.58,-1.29,-0.1,0.78
2016-03-14,000529,7.75,7.99,8.05,7.75,68209,54414181.0,3.92,4.31,0.33,1.2
2016-03-15,000529,7.96,7.84,8.02,7.79,41433,32803804.0,2.88,-1.88,-0.15,0.73
2016-03-16,000529,7.88,7.77,8.04,7.75,44180,34727221.0,3.7,-0.89,-0.07,0.78
2016-03-17,000529,7.92,8.05,8.08,7.78,69385,55337631.0,3.86,3.6,0.28,1.22
2016-03-18,000529,8.08,8.4,8.4,8.05,123668,102269515.0,4.35,4.35,0.35,2.18
2016-03-21,000529,8.54,8.66,8.72,8.43,140492,120963911.0,3.45,3.1,0.26,2.48
2016-03-22,000529,8.61,8.74,9.08,8.45,157735,138940078.0,7.27,0.92,0.08,2.78
2016-03-23,000529,8.76,8.86,9.05,8.76,135848,120916398.0,3.32,1.37,0.12,2.4
2016-03-24,000529,8.71,8.62,8.89,8.61,108706,94949188.0,3.16,-2.71,-0.24,1.92
2016-03-25,000529,8.7,8.7,8.79,8.6,66815,58015358.0,2.2,0.93,0.08,1.18
2016-03-28,000529,8.78,8.7,9.0,8.66,105534,93323905.0,3.91,0.0,0.0,1.86
2016-03-29,000529,8.7,8.4,8.74,8.34,75783,64167996.0,4.6,-3.45,-0.3,1.34
2016-03-30,000529,8.45,8.68,8.75,8.42,83270,71429148.0,3.93,3.33,0.28,1.47
2016-03-31,000529,8.75,8.81,8.93,8.66,129683,114188440.0,3.11,1.5,0.13,2.29
2016-04-01,000529,8.76,9.28,9.47,8.7,174221,156017403.0,8.74,5.33,0.47,3.07
2016-04-05,000529,9.39,10.21,10.21,9.21,312833,309443376.0,10.78,10.02,0.93,5.52
2016-04-06,000529,10.18,10.08,10.25,9.96,239830,241170636.0,2.84,-1.27,-0.13,4.23
2016-04-07,000529,10.12,10.27,10.56,10.02,325370,334437136.0,5.36,1.88,0.19,5.74
2016-04-08,000529,10.15,10.53,10.66,9.97,353785,366737296.0,6.72,2.53,0.26,6.24
2016-04-11,000529,10.7,10.25,10.7,10.15,281062,289669296.0,5.22,-2.66,-0.28,4.96
2016-04-12,000529,10.23,9.99,10.24,9.81,159533,158562523.0,4.2,-2.54,-0.26,2.81
2016-04-13,000529,10.0,9.96,10.19,9.95,173542,174727540.0,2.4,-0.3,-0.03,3.06
2016-04-14,000529,9.97,10.06,10.12,9.89,111904,111825882.0,2.31,1.0,0.1,1.97
2016-04-15,000529,10.06,9.88,10.09,9.84,91855,91174305.0,2.49,-1.79,-0.18,1.62
2016-04-18,000529,9.87,9.68,9.87,9.56,93718,90194194.0,3.14,-2.02,-0.2,1.65
2016-04-19,000529,9.79,9.79,9.84,9.65,72147,70430853.0,1.96,1.14,0.11,1.27
2016-04-20,000529,9.82,9.07,9.87,8.86,176996,163723165.0,10.32,-7.35,-0.72,3.12
2016-04-21,000529,9.0,8.9,9.09,8.9,91211,81961454.0,2.09,-1.87,-0.17,1.61
2016-04-22,000529,8.87,9.07,9.08,8.5,68925,61473345.0,6.52,1.91,0.17,1.22
2016-04-25,000529,9.1,8.9,9.1,8.82,57043,50880304.0,3.09,-1.87,-0.17,1.01
2016-04-26,000529,8.91,9.01,9.02,8.86,47999,42923555.0,1.8,1.24,0.11,0.85
2016-04-27,000529,9.09,8.97,9.09,8.96,54287,48983118.0,1.44,-0.44,-0.04,0.96
2016-04-28,000529,9.0,8.94,9.04,8.7,50362,44707712.0,3.79,-0.33,-0.03,0.89
2016-04-29,000529,8.94,8.92,9.0,8.85,41003,36646027.0,1.68,-0.22,-0.02,0.72
2016-05-03,000529,8.92,9.25,9.28,8.84,85518,78069481.0,4.93,3.7,0.33,1.51
2016-05-04,000529,9.25,9.17,9.32,9.11,61607,56737331.0,2.27,-0.86,-0.08,1.09
2016-05-05,000529,9.21,9.26,9.28,9.12,55191,50825355.0,1.74,0.98,0.09,0.97
2016-05-06,000529,9.28,8.6,9.28,8.55,110506,98933177.0,7.88,-7.13,-0.66,1.95
2016-05-09,000529,8.51,8.38,8.75,8.25,85371,72690511.0,5.81,-2.56,-0.22,1.51
2016-05-10,000529,8.34,8.39,8.57,8.32,42117,35512166.0,2.98,0.12,0.01,0.74
2016-05-11,000529,8.44,8.54,8.78,8.44,85827,74077327.0,4.05,1.79,0.15,1.51
2016-05-12,000529,8.45,8.22,8.45,7.95,72301,59124903.0,5.85,-3.75,-0.32,1.27
2016-05-13,000529,8.29,8.17,8.36,8.01,42653,35089206.0,4.26,-0.61,-0.05,0.75
2016-05-16,000529,8.17,8.33,8.34,8.02,64411,52872866.0,3.92,1.96,0.16,1.14
2016-05-17,000529,8.39,8.23,8.39,8.16,46455,38297053.0,2.76,-1.2,-0.1,0.82
2016-05-18,000529,8.22,7.89,8.22,7.8,55517,44244773.0,5.1,-4.13,-0.34,0.98
2016-05-19,000529,7.95,7.89,8.11,7.84,40207,32127491.0,3.42,0.0,0.0,0.71
2016-05-20,000529,7.89,8.02,8.04,7.8,35401,28109947.0,3.04,1.65,0.13,0.62
2016-05-23,000529,7.98,8.11,8.14,7.98,38621,31272779.0,2.0,1.12,0.09,0.68
2016-05-24,000529,8.07,8.02,8.14,7.95,39690,31928964.0,2.34,-1.11,-0.09,0.7
2016-05-25,000529,8.07,8.05,8.16,8.03,38910,31511310.0,1.62,0.37,0.03,0.69
2016-05-26,000529,7.99,8.04,8.09,7.84,38806,30869784.0,3.11,-0.12,-0.01,0.68
2016-05-27,000529,8.07,8.09,8.14,7.97,41682,33601894.0,2.11,0.62,0.05,0.73
2016-05-30,000529,8.0,7.99,8.17,7.85,41484,33335808.0,3.96,-1.24,-0.1,0.73
2016-05-31,000529,8.0,8.31,8.32,7.99,78771,64796807.0,4.13,4.01,0.32,1.39
2016-06-01,000529,8.31,8.43,8.52,8.28,69203,58239133.0,2.89,1.44,0.12,1.22
2016-06-02,000529,8.43,8.43,8.47,8.36,47355,39850058.0,1.3,0.0,0.0,0.83
2016-06-03,000529,8.49,8.46,8.49,8.36,50586,42646228.0,1.54,0.36,0.03,0.89
2016-06-06,000529,8.43,8.41,8.49,8.36,32173,27064300.0,1.54,-0.59,-0.05,0.57
2016-06-07,000529,8.37,8.42,8.45,8.33,31229,26193855.0,1.43,0.12,0.01,0.55
2016-06-08,000529,8.45,8.39,8.45,8.3,34666,29003680.0,1.78,-0.36,-0.03,0.61
2016-06-13,000529,8.26,7.79,8.29,7.75,65065,52807242.0,6.44,-7.15,-0.6,1.15
2016-06-14,000529,7.79,7.71,7.81,7.6,53848,41486030.0,2.7,-1.03,-0.08,0.95
2016-06-15,000529,7.71,7.95,8.03,7.63,52328,41311081.0,5.19,3.11,0.24,0.92
2016-06-16,000529,7.99,7.94,8.04,7.89,39302,31364699.0,1.89,-0.13,-0.01,0.69
2016-06-17,000529,8.02,8.05,8.22,7.96,40494,32831686.0,3.27,1.39,0.11,0.71
2016-06-20,000529,8.05,8.01,8.14,7.91,25029,19989067.0,2.86,-0.5,-0.04,0.44
2016-06-21,000529,8.05,7.97,8.21,7.93,36275,29255300.0,3.5,-0.5,-0.04,0.64
2016-06-22,000529,7.95,8.09,8.1,7.81,32140,25831570.0,3.64,1.51,0.12,0.57
2016-06-23,000529,8.05,8.05,8.2,8.01,38440,31131738.0,2.35,-0.49,-0.04,0.68
2016-06-24,000529,8.01,7.86,8.11,7.66,64567,50812454.0,5.59,-2.36,-0.19,1.14
2016-06-27,000529,7.77,8.08,8.1,7.77,52604,41898063.0,4.2,2.8,0.22,0.93
2016-06-28,000529,8.07,8.18,8.18,7.97,72084,58193772.0,2.6,1.24,0.1,1.27
2016-06-29,000529,8.23,8.21,8.25,8.11,59013,48288640.0,1.71,0.37,0.03,1.04
2016-06-30,000529,8.25,8.18,8.25,8.15,49064,40165622.0,1.22,-0.37,-0.03,0.87
2016-07-01,000529,8.21,8.2,8.33,8.18,50971,42013688.0,1.83,0.24,0.02,0.9
2016-07-04,000529,8.2,8.41,8.42,8.12,71413,59509258.0,3.66,2.56,0.21,1.26
2016-07-05,000529,8.45,8.57,8.69,8.37,89805,76726369.0,3.8,1.9,0.16,1.58
2016-07-06,000529,8.56,8.59,8.6,8.4,67960,57746470.0,2.33,0.23,0.02,1.2
2016-07-07,000529,8.72,8.57,8.73,8.44,102869,88303999.0,3.38,-0.23,-0.02,1.81
2016-07-08,000529,8.56,8.62,8.66,8.48,69052,59257303.0,2.1,0.58,0.05,1.22
2016-07-11,000529,8.7,8.6,8.71,8.55,77067,66568094.0,1.86,-0.23,-0.02,1.36
2016-07-12,000529,8.63,8.65,8.67,8.48,62805,53866934.0,2.21,0.58,0.05,1.11
2016-07-13,000529,8.67,8.75,8.84,8.65,75349,65852117.0,2.2,1.16,0.1,1.33
2016-07-14,000529,8.78,8.8,8.82,8.67,53270,46622690.0,1.71,0.57,0.05,0.94
2016-07-15,000529,8.85,8.75,8.89,8.71,78609,68981962.0,2.05,-0.57,-0.05,1.39
2016-07-18,000529,8.75,9.0,9.09,8.64,141512,125361533.0,5.14,2.86,0.25,2.49
2016-07-19,000529,8.99,8.95,9.0,8.81,93668,83426238.0,2.11,-0.56,-0.05,1.65
2016-07-20,000529,8.99,8.99,9.15,8.92,119503,107889459.0,2.57,0.45,0.04,2.11
2016-07-21,000529,9.05,9.24,9.58,8.99,227648,211585301.0,6.56,2.78,0.25,4.01
2016-07-22,000529,9.2,9.04,9.29,9.0,119196,108921711.0,3.14,-2.16,-0.2,2.1
2016-07-25,000529,9.03,8.86,9.04,8.8,117550,104390915.0,2.65,-1.99,-0.18,2.07
2016-07-26,000529,8.9,9.24,9.26,8.85,137784,125405032.0,4.63,4.29,0.38,2.43
2016-07-27,000529,9.22,8.76,9.3,8.51,159638,143110264.0,8.55,-5.19,-0.48,2.81
2016-07-28,000529,9.02,9.64,9.64,9.01,140470,133773033.0,7.19,10.05,0.88,2.48
2016-07-29,000529,9.82,9.3,9.88,9.19,362843,348773552.0,7.16,-3.53,-0.34,6.4
2016-08-01,000529,9.16,8.86,9.19,8.59,171533,152187495.0,6.45,-4.73,-0.44,3.02
2016-08-02,000529,8.82,9.57,9.68,8.78,229178,211035682.0,10.16,8.01,0.71,4.04
2016-08-03,000529,9.32,9.79,9.98,9.32,349931,339741952.0,6.9,2.3,0.22,6.17
2016-08-04,000529,9.75,9.82,10.26,9.59,300857,299877360.0,6.84,0.31,0.03,5.3
2016-08-05,000529,9.9,10.3,10.43,9.73,328391,333621312.0,7.13,4.89,0.48,5.79
2016-08-08,000529,10.17,10.28,10.48,10.01,256682,263442726.0,4.56,-0.19,-0.02,4.53
2016-08-09,000529,10.18,10.25,10.3,9.95,224780,226857598.0,3.4,-0.29,-0.03,3.96
2016-08-10,000529,10.23,9.97,10.23,9.96,152410,153231284.0,2.63,-2.73,-0.28,2.69
2016-08-11,000529,9.97,10.03,10.18,9.83,137446,137204163.0,3.51,0.6,0.06,2.42
2016-08-12,000529,9.91,9.94,9.96,9.65,133228,130912207.0,3.09,-0.9,-0.09,2.35
2016-08-15,000529,9.96,10.05,10.14,9.76,145254,145094677.0,3.82,1.11,0.11,2.56
2016-08-16,000529,10.07,10.14,10.3,10.0,149385,151656922.0,2.99,0.9,0.09,2.63
2016-08-17,000529,10.13,9.93,10.15,9.79,137607,136631183.0,3.55,-2.07,-0.21,2.43
2016-08-18,000529,9.9,9.83,10.04,9.8,99002,97998968.0,2.42,-1.01,-0.1,1.75
2016-08-19,000529,9.78,9.98,10.03,9.77,88817,88047925.0,2.64,1.53,0.15,1.57
2016-08-22,000529,10.0,9.61,10.02,9.6,85609,83821827.0,4.21,-3.71,-0.37,1.51
2016-08-23,000529,9.61,9.65,9.69,9.54,48601,46727718.0,1.56,0.42,0.04,0.86
2016-08-24,000529,9.66,9.5,9.72,9.48,56411,54146191.0,2.49,-1.55,-0.15,0.99
2016-08-25,000529,9.35,9.28,9.4,9.2,63362,58777291.0,2.11,-2.32,-0.22,1.12
2016-08-26,000529,9.3,9.27,9.46,9.2,48948,45792828.0,2.8,-0.11,-0.01,0.86
2016-08-29,000529,9.25,9.37,9.4,9.24,31692,29655888.0,1.73,1.08,0.1,0.56
2016-08-30,000529,9.37,9.48,9.52,9.36,46431,43851588.0,1.71,1.17,0.11,0.82
2016-08-31,000529,9.5,9.41,9.5,9.32,39563,37173291.0,1.9,-0.74,-0.07,0.7
2016-09-01,000529,9.36,9.23,9.43,9.22,51589,47958486.0,2.23,-1.91,-0.18,0.91
2016-09-02,000529,9.18,9.26,9.28,9.15,31617,29138199.0,1.41,0.33,0.03,0.56
2016-09-05,000529,9.29,9.34,9.41,9.27,38097,35617237.0,1.51,0.86,0.08,0.67
2016-09-06,000529,9.41,9.61,9.62,9.33,91436,87081958.0,3.1,2.89,0.27,1.61
2016-09-07,000529,9.65,9.51,9.65,9.49,64392,61530824.0,1.66,-1.04,-0.1,1.14
2016-09-08,000529,9.55,9.56,9.57,9.45,38581,36645399.0,1.26,0.53,0.05,0.68
2016-09-09,000529,9.56,9.45,9.58,9.43,38630,36729262.0,1.57,-1.15,-0.11,0.68
2016-09-12,000529,9.25,9.1,9.33,9.08,59309,54543477.0,2.65,-3.7,-0.35,1.05
2016-09-13,000529,9.17,9.25,9.26,9.12,31858,29333042.0,1.54,1.65,0.15,0.56
2016-09-14,000529,9.25,9.26,9.33,9.17,29309,27166790.0,1.73,0.11,0.01,0.52
2016-09-19,000529,9.27,9.49,9.54,9.23,42666,40053475.0,3.35,2.48,0.23,0.75
2016-09-20,000529,9.54,9.46,9.54,9.36,29185,27532063.0,1.9,-0.32,-0.03,0.51
2016-09-21,000529,9.49,9.5,9.57,9.4,31286,29741629.0,1.8,0.42,0.04,0.55
2016-09-22,000529,9.58,9.51,9.58,9.47,34645,32975792.0,1.16,0.11,0.01,0.61
2016-09-23,000529,9.54,9.62,9.7,9.51,61304,59064098.0,2.0,1.16,0.11,1.08
2016-09-26,000529,9.63,9.37,9.7,9.37,44830,42781452.0,3.43,-2.6,-0.25,0.79
2016-09-27,000529,9.41,9.43,9.43,9.23,32752,30577860.0,2.13,0.64,0.06,0.58
2016-09-28,000529,9.51,9.55,9.6,9.43,32036,30547354.0,1.8,1.27,0.12,0.56
2016-09-29,000529,9.57,9.66,9.68,9.53,46761,45028380.0,1.57,1.15,0.11,0.82
2016-09-30,000529,9.66,9.87,9.92,9.6,86164,84472675.0,3.31,2.17,0.21,1.52
2016-10-10,000529,9.91,10.17,10.2,9.8,105803,105732403.0,4.05,3.04,0.3,1.87
2016-10-11,000529,10.15,10.04,10.16,9.97,77002,77319958.0,1.87,-1.28,-0.13,1.36
2016-10-12,000529,10.05,10.05,10.05,9.91,51620,51524374.0,1.39,0.1,0.01,0.91
2016-10-13,000529,10.05,10.23,10.45,10.0,110131,113151522.0,4.48,1.79,0.18,1.94
2016-10-14,000529,10.16,10.08,10.17,9.95,52873,53026155.0,2.15,-1.47,-0.15,0.93
2016-10-17,000529,10.08,9.9,10.09,9.85,54663,54513784.0,2.38,-1.79,-0.18,0.96
2016-10-18,000529,9.9,10.05,10.09,9.89,43242,43232674.0,2.02,1.52,0.15,0.76
2016-10-19,000529,10.08,10.01,10.09,10.0,31494,31558493.0,0.9,-0.4,-0.04,0.56
2016-10-20,000529,10.0,9.96,10.08,9.93,49402,49345720.0,1.5,-0.5,-0.05,0.87
2016-10-21,000529,9.96,10.02,10.06,9.85,45263,45067824.0,2.11,0.6,0.06,0.8
2016-10-24,000529,10.04,10.15,10.21,10.03,61702,62611280.0,1.8,1.3,0.13,1.09
2016-10-25,000529,10.15,10.28,10.28,10.06,59191,60220793.0,2.17,1.28,0.13,1.04
2016-10-26,000529,10.27,10.23,10.35,10.16,56697,58086390.0,1.85,-0.49,-0.05,1.0
2016-10-27,000529,10.23,10.65,10.72,10.23,156061,165010589.0,4.79,4.11,0.42,2.75
2016-10-28,000529,10.55,10.41,10.73,10.4,89181,94141512.0,3.1,-2.25,-0.24,1.57
2016-10-31,000529,10.46,10.28,10.46,10.2,65942,67910746.0,2.5,-1.25,-0.13,1.16
2016-11-01,000529,10.35,10.54,10.54,10.19,74069,76656119.0,3.4,2.53,0.26,1.31
2016-11-02,000529,10.56,10.77,10.97,10.47,140088,151590489.0,4.74,2.18,0.23,2.47
2016-11-03,000529,10.77,11.33,11.85,10.77,256929,293501568.0,10.03,5.2,0.56,4.53
2016-11-04,000529,11.28,11.36,11.59,11.25,139168,158624104.0,3.0,0.26,0.03,2.45
2016-11-07,000529,11.36,11.35,11.51,11.11,78094,88425182.0,3.52,-0.09,-0.01,1.38
2016-11-08,000529,11.38,11.33,11.45,11.15,69733,78917035.0,2.64,-0.18,-0.02,1.23
2016-11-09,000529,11.33,11.61,11.87,11.12,142017,163296262.0,6.62,2.47,0.28,2.5
2016-11-10,000529,11.73,11.7,11.85,11.5,97770,113737926.0,3.01,0.78,0.09,1.72
2016-11-11,000529,11.7,11.27,11.7,11.12,154683,175470910.0,4.96,-3.68,-0.43,2.73
2016-11-14,000529,11.28,11.13,11.34,11.01,100908,112452736.0,2.93,-1.24,-0.14,1.78
2016-11-15,000529,11.17,12.24,12.24,11.17,190278,224442090.0,9.61,9.97,1.11,3.35
2016-11-16,000529,12.24,12.14,12.8,11.83,248910,307712656.0,7.92,-0.82,-0.1,4.39
2016-11-17,000529,12.2,11.93,12.24,11.83,106167,127164151.0,3.38,-1.73,-0.21,1.87
2016-11-18,000529,11.9,12.08,12.47,11.81,107733,132092614.0,5.53,1.26,0.15,1.9
2016-11-21,000529,12.16,12.01,12.19,11.83,74126,88763235.0,2.98,-0.58,-0.07,1.31
2016-11-22,000529,12.01,11.88,12.12,11.77,78180,92951901.0,2.91,-1.08,-0.13,1.38
2016-11-23,000529,11.9,11.95,12.39,11.86,96507,116892752.0,4.46,0.59,0.07,1.7
2016-11-24,000529,11.8,11.71,11.98,11.64,71443,83859999.0,2.85,-2.01,-0.24,1.26
2016-11-25,000529,11.61,12.06,12.15,11.5,86748,103387457.0,5.55,2.99,0.35,1.53
2016-11-28,000529,12.06,12.06,12.3,11.97,63964,77852069.0,2.74,0.0,0.0,1.13
2016-11-29,000529,12.05,11.75,12.05,11.71,80021,94741692.0,2.82,-2.57,-0.31,1.41
2016-11-30,000529,11.68,11.2,11.72,11.16,100287,113765626.0,4.77,-4.68,-0.55,1.77
2016-12-01,000529,11.21,11.36,11.39,11.04,58199,65239495.0,3.13,1.43,0.16,1.03
2016-12-02,000529,11.36,11.07,11.36,11.03,35628,39689720.0,2.9,-2.55,-0.29,0.63
2016-12-05,000529,10.87,11.1,11.26,10.51,34089,37828652.0,6.78,0.27,0.03,0.6
2016-12-06,000529,11.0,10.87,11.13,10.84,38880,42573574.0,2.61,-2.07,-0.23,0.69
2016-12-07,000529,10.71,11.04,11.11,10.63,40100,43965796.0,4.42,1.56,0.17,0.71
2016-12-08,000529,11.03,10.93,11.11,10.91,30818,33892990.0,1.81,-1.0,-0.11,0.54
2016-12-09,000529,11.0,10.94,11.05,10.83,39392,43147211.0,2.01,0.09,0.01,0.69
2016-12-12,000529,10.9,10.33,11.06,10.3,59064,63249570.0,6.95,-5.58,-0.61,1.04
2016-12-13,000529,10.25,10.54,10.67,10.21,35830,37574360.0,4.45,2.03,0.21,0.63
2016-12-14,000529,10.5,10.9,11.39,10.45,78666,86595040.0,8.92,3.42,0.36,1.39
2016-12-15,000529,10.76,11.11,11.32,10.75,65253,72481142.0,5.23,1.93,0.21,1.15
2016-12-16,000529,11.01,11.09,11.25,11.0,34644,38499917.0,2.25,-0.18,-0.02,0.61
2016-12-19,000529,11.33,11.14,11.39,11.08,51750,57813533.0,2.8,0.45,0.05,0.91
2016-12-20,000529,11.17,11.17,11.22,10.91,33214,36758266.0,2.78,0.27,0.03,0.59
2016-12-21,000529,11.18,11.46,11.59,11.13,71054,80836263.0,4.12,2.6,0.29,1.25
2016-12-22,000529,11.36,11.52,11.63,11.18,75933,87169510.0,3.93,0.52,0.06,1.34
2016-12-23,000529,11.45,11.15,11.47,11.11,55780,62616688.0,3.13,-3.21,-0.37,0.98
2016-12-26,000529,11.0,11.38,11.41,10.92,44757,50057564.0,4.39,2.06,0.23,0.79
2016-12-27,000529,11.46,11.48,11.72,11.33,67153,77729441.0,3.43,0.88,0.1,1.18
2016-12-28,000529,11.44,11.47,11.63,11.4,37085,42776944.0,2.0,-0.09,-0.01,0.65
2016-12-29,000529,11.42,11.52,11.67,11.42,40045,46370595.0,2.18,0.44,0.05,0.71
2016-12-30,000529,11.52,11.8,12.03,11.38,75020,88017115.0,5.64,2.43,0.28,1.32
2017-01-03,000529,11.82,11.8,11.85,11.63,56899,66624874.0,1.86,0.0,0.0,1.0
2017-01-04,000529,11.81,11.87,11.88,11.66,64423,75681437.0,1.86,0.59,0.07,1.14
2017-01-05,000529,11.98,11.81,12.0,11.78,60512,71891988.0,1.85,-0.51,-0.06,1.07
2017-01-06,000529,11.83,11.89,12.1,11.65,80073,95045140.0,3.81,0.68,0.08,1.41
2017-01-09,000529,11.9,11.66,11.9,11.53,69568,81288889.0,3.11,-1.93,-0.23,1.23
2017-01-10,000529,11.59,11.44,11.78,11.44,56632,65627959.0,2.92,-1.89,-0.22,1.0
2017-01-11,000529,11.39,11.21,11.53,11.19,45720,51795142.0,2.97,-2.01,-0.23,0.81
2017-01-12,000529,11.29,11.01,11.4,10.88,52612,58554253.0,4.64,-1.78,-0.2,0.93
2017-01-13,000529,10.97,10.94,11.13,10.86,36668,40451662.0,2.45,-0.64,-0.07,0.65
2017-01-16,000529,11.0,10.47,11.02,10.2,84532,89431263.0,7.5,-4.3,-0.47,1.49
2017-01-17,000529,10.39,10.5,10.58,10.24,35861,37346586.0,3.25,0.29,0.03,0.63
2017-01-18,000529,10.43,10.32,10.55,10.27,37873,39404951.0,2.67,-1.71,-0.18,0.67
2017-01-19,000529,10.29,10.3,10.47,10.29,42666,44240984.0,1.74,-0.19,-0.02,0.75
2017-01-20,000529,10.35,10.58,10.63,10.25,45920,48152036.0,3.69,2.72,0.28,0.81
2017-01-23,000529,10.57,10.87,10.89,10.5,46554,50013725.0,3.69,2.74,0.29,0.82
2017-01-24,000529,10.9,10.85,10.94,10.73,25815,27927109.0,1.93,-0.18,-0.02,0.46
2017-01-25,000529,10.86,10.84,10.9,10.74,19792,21376164.0,1.47,-0.09,-0.01,0.35
2017-01-26,000529,10.94,10.88,10.96,10.83,14791,16078150.0,1.2,0.37,0.04,0.26
2017-02-03,000529,10.88,10.67,10.93,10.64,17373,18640811.0,2.67,-1.93,-0.21,0.31
2017-02-06,000529,10.69,10.96,10.97,10.67,30251,32858761.0,2.81,2.72,0.29,0.53
2017-02-07,000529,11.02,10.96,11.1,10.9,46385,50999686.0,1.82,0.0,0.0,0.82
2017-02-08,000529,11.03,11.08,11.12,10.9,29433,32490200.0,2.01,1.09,0.12,0.52
2017-02-09,000529,11.09,11.07,11.14,10.98,31794,35158953.0,1.44,-0.09,-0.01,0.56
2017-02-10,000529,11.1,11.02,11.1,10.99,25015,27607999.0,0.99,-0.45,-0.05,0.44
2017-02-13,000529,11.06,11.11,11.27,11.06,41442,46200365.0,1.91,0.82,0.09,0.73
2017-02-14,000529,11.12,10.98,11.12,10.96,26898,29597822.0,1.44,-1.17,-0.13,0.47
2017-02-15,000529,11.04,11.05,11.25,10.91,43229,47838002.0,3.1,0.64,0.07,0.76
2017-02-16,000529,11.06,11.04,11.17,10.98,33828,37391011.0,1.72,-0.09,-0.01,0.6
2017-02-17,000529,11.05,11.25,11.25,10.96,52902,58932991.0,2.63,1.9,0.21,0.93
2017-02-20,000529,11.28,11.43,11.53,11.22,85060,97075617.0,2.76,1.6,0.18,1.5
2017-02-21,000529,11.41,11.42,11.65,11.32,63495,72735972.0,2.89,-0.09,-0.01,1.12
2017-02-22,000529,11.45,11.5,11.5,11.31,53462,60893264.0,1.66,0.7,0.08,0.94
2017-02-23,000529,11.45,11.2,11.45,11.18,61849,69830461.0,2.35,-2.61,-0.3,1.09
2017-02-24,000529,11.22,11.54,11.77,11.12,95540,109520952.0,5.8,3.04,0.34,1.68
2017-02-27,000529,11.54,11.37,11.62,11.3,44147,50507607.0,2.77,-1.47,-0.17,0.78
2017-02-28,000529,11.36,11.33,11.43,11.21,27256,30798245.0,1.93,-0.35,-0.04,0.48
2017-03-01,000529,11.34,11.3,11.41,11.25,38124,43138910.0,1.41,-0.26,-0.03,0.67
2017-03-02,000529,11.33,11.11,11.34,11.11,34259,38410785.0,2.04,-1.68,-0.19,0.6
2017-03-03,000529,11.07,11.12,11.21,11.06,26216,29205760.0,1.35,0.09,0.01,0.46
2017-03-06,000529,11.12,11.3,11.33,11.07,33708,37786238.0,2.34,1.62,0.18,0.59
2017-03-07,000529,11.3,11.34,11.43,11.22,42628,48296964.0,1.86,0.35,0.04,0.75
2017-03-08,000529,11.31,11.28,11.35,11.13,37020,41655862.0,1.94,-0.53,-0.06,0.65
2017-03-09,000529,11.26,11.05,11.3,10.98,46957,52167983.0,2.84,-2.04,-0.23,0.83
2017-03-10,000529,11.05,10.85,11.13,10.82,40816,44641528.0,2.81,-1.81,-0.2,0.72
2017-03-13,000529,10.8,10.91,10.97,10.62,35418,38338181.0,3.23,0.55,0.06,0.62
2017-03-14,000529,10.92,10.88,10.97,10.86,22225,24252818.0,1.01,-0.27,-0.03,0.39
2017-03-15,000529,10.88,10.78,10.95,10.78,21192,22987772.0,1.56,-0.92,-0.1,0.37
2017-03-16,000529,10.73,10.89,10.97,10.73,24467,26644033.0,2.23,1.02,0.11,0.43
2017-03-17,000529,10.96,10.82,10.96,10.78,22313,24260129.0,1.65,-0.64,-0.07,0.39
2017-03-20,000529,10.76,10.92,10.97,10.76,23766,25826301.0,1.94,0.92,0.1,0.42
2017-03-21,000529,10.98,10.86,10.98,10.84,17021,18532441.0,1.28,-0.55,-0.06,0.3
2017-03-22,000529,10.8,10.81,10.88,10.7,20163,21743242.0,1.66,-0.46,-0.05,0.36
2017-03-23,000529,10.81,10.63,10.84,10.61,28703,30779069.0,2.13,-1.67,-0.18,0.51
2017-03-24,000529,10.64,10.5,10.65,10.4,40903,42932966.0,2.35,-1.22,-0.13,0.72
2017-03-27,000529,10.5,10.8,10.88,10.49,46959,50256327.0,3.71,2.86,0.3,0.83
2017-03-28,000529,10.8,10.86,10.91,10.62,42568,45930407.0,2.69,0.56,0.06,0.75
2017-03-29,000529,10.87,10.69,10.89,10.65,31873,34379152.0,2.21,-1.57,-0.17,0.56
2017-03-30,000529,10.69,10.68,10.85,10.65,35412,37976811.0,1.87,-0.09,-0.01,0.62
2017-03-31,000529,10.57,10.75,10.82,10.57,19161,20556321.0,2.34,0.66,0.07,0.34
2017-04-05,000529,10.75,10.87,10.91,10.75,34511,37413443.0,1.49,1.12,0.12,0.61
2017-04-06,000529,10.88,10.88,10.93,10.8,21891,23759876.0,1.2,0.09,0.01,0.39
2017-04-07,000529,10.88,10.96,10.96,10.81,28817,31393003.0,1.38,0.74,0.08,0.51
2017-04-10,000529,10.97,11.04,11.07,10.91,42577,46818799.0,1.46,0.73,0.08,0.75
2017-04-11,000529,11.03,11.38,11.62,10.66,91232,101951213.0,8.7,3.08,0.34,1.61
2017-04-12,000529,11.69,11.76,12.08,11.55,242105,286381536.0,4.66,3.34,0.38,4.27
2017-04-13,000529,11.76,11.46,11.79,11.34,108055,123910734.0,3.83,-2.55,-0.3,1.91
2017-04-14,000529,11.33,11.38,11.75,11.21,94792,108616808.0,4.71,-0.7,-0.08,1.67
2017-04-17,000529,11.38,10.81,11.38,10.56,65239,71311489.0,7.21,-5.01,-0.57,1.15
2017-04-18,000529,10.75,10.86,11.03,10.71,38054,41511658.0,2.96,0.46,0.05,0.67
2017-04-19,000529,10.75,10.55,10.86,10.38,49633,52352315.0,4.42,-2.85,-0.31,0.88
2017-04-20,000529,10.65,10.3,10.65,10.22,50234,51974733.0,4.08,-2.37,-0.25,0.89
2017-04-21,000529,10.3,10.29,10.36,10.07,34501,35177659.0,2.82,-0.1,-0.01,0.61
2017-04-24,000529,10.24,10.16,10.25,10.02,28836,29186869.0,2.24,-1.26,-0.13,0.51
2017-04-25,000529,10.09,10.05,10.25,9.88,42163,42413779.0,3.64,-1.08,-0.11,0.74
2017-04-26,000529,10.0,9.97,10.1,9.92,25586,25561420.0,1.79,-0.8,-0.08,0.45
2017-04-27,000529,9.97,9.74,9.97,9.5,33459,32532017.0,4.71,-2.31,-0.23,0.59
2017-04-28,000529,9.76,10.0,10.03,9.76,27988,27617628.0,2.77,2.67,0.26,0.49
2017-05-02,000529,10.0,10.03,10.14,9.89,17881,17910323.0,2.5,0.3,0.03,0.32
2017-05-03,000529,10.02,10.22,10.26,9.97,30246,30687655.0,2.89,1.89,0.19,0.53
2017-05-04,000529,10.18,10.17,10.26,10.08,17597,17872979.0,1.76,-0.49,-0.05,0.31
2017-05-05,000529,10.19,10.12,10.19,10.0,23059,23370478.0,1.87,-0.49,-0.05,0.41
2017-05-08,000529,10.08,9.89,10.19,9.88,22846,22852366.0,3.06,-2.27,-0.23,0.4
2017-05-09,000529,9.7,9.89,9.99,9.53,20195,19656822.0,4.65,0.0,0.0,0.36
2017-05-10,000529,9.9,9.68,9.94,9.62,9781,9625122.0,3.24,-2.12,-0.21,0.17
2017-05-11,000529,9.51,9.75,9.87,9.41,19263,18467821.0,4.75,0.72,0.07,0.34
2017-05-12,000529,9.71,9.87,9.96,9.56,21734,21373672.0,4.1,1.23,0.12,0.38
2017-05-15,000529,9.76,9.63,9.88,9.63,13109,12785794.0,2.53,-2.43,-0.24,0.23
2017-05-16,000529,9.71,9.9,9.95,9.54,20894,20330052.0,4.26,2.8,0.27,0.37
2017-05-17,000529,9.89,10.06,10.08,9.81,22769,22677315.0,2.73,1.62,0.16,0.4
2017-05-18,000529,10.0,10.01,10.16,9.93,14662,14705098.0,2.29,-0.5,-0.05,0.26
2017-05-19,000529,9.97,10.07,10.16,9.97,13903,13985475.0,1.9,0.6,0.06,0.24
2017-05-22,000529,10.08,9.94,10.12,9.78,14006,13927243.0,3.38,-1.29,-0.13,0.25
2017-05-23,000529,9.83,9.57,9.9,9.38,28747,27494879.0,5.23,-3.72,-0.37,0.5
2017-05-24,000529,9.54,9.49,9.54,9.0,24567,22800072.0,5.64,-0.84,-0.08,0.43
2017-05-25,000529,9.46,9.44,9.55,9.23,22013,20595953.0,3.37,-0.53,-0.05,0.39
2017-05-26,000529,9.4,9.23,9.45,9.16,18283,17054507.0,3.07,-2.22,-0.21,0.32
2017-05-31,000529,9.35,9.18,9.4,9.17,14229,13131167.0,2.49,-0.54,-0.05,0.25
2017-06-01,000529,9.11,8.8,9.25,8.76,19151,17238840.0,5.34,-4.14,-0.38,0.34
2017-06-02,000529,8.8,8.72,8.8,8.58,27187,23555685.0,2.5,-0.91,-0.08,0.48
2017-06-05,000529,8.7,8.94,9.01,8.63,63251,55660132.0,4.36,2.52,0.22,1.11
2017-06-06,000529,8.87,8.92,9.14,8.81,36680,33021383.0,3.69,-0.22,-0.02,0.64
2017-06-07,000529,8.92,9.2,9.22,8.89,38971,35529243.0,3.7,3.14,0.28,0.68
2017-06-08,000529,9.2,9.46,9.84,9.16,62422,59451927.0,7.39,2.83,0.26,1.1
2017-06-09,000529,9.38,9.58,9.9,9.33,46833,44680744.0,6.03,1.27,0.12,0.82
2017-06-12,000529,9.46,9.39,9.6,9.39,28458,26970147.0,2.19,-1.98,-0.19,0.5
2017-06-13,000529,9.4,9.4,9.5,9.28,30935,29073080.0,2.34,0.11,0.01,0.54
2017-06-14,000529,9.4,9.47,9.55,9.34,16532,15581633.0,2.23,0.74,0.07,0.29
2017-06-15,000529,9.43,9.49,9.57,9.41,20276,19215025.0,1.69,0.21,0.02,0.36
2017-06-16,000529,9.55,9.25,9.55,9.25,34700,32423973.0,3.16,-2.53,-0.24,0.61
2017-06-19,000529,9.23,9.23,9.33,9.14,37021,34155259.0,2.05,-0.22,-0.02,0.65
2017-06-20,000529,9.25,9.31,9.47,9.13,35473,32983446.0,3.68,0.87,0.08,0.62
2017-06-21,000529,9.23,9.31,9.39,9.22,20454,19001995.0,1.83,0.0,0.0,0.36
2017-06-22,000529,9.25,8.95,9.36,8.91,26009,23922016.0,4.83,-3.87,-0.36,0.46
2017-06-23,000529,8.93,8.78,8.99,8.68,58300,51233965.0,3.46,-1.9,-0.17,1.02
2017-06-26,000529,8.8,9.04,9.05,8.69,34655,30888639.0,4.1,2.96,0.26,0.61
2017-06-27,000529,9.04,9.15,9.35,9.04,35697,32804126.0,3.43,1.22,0.11,0.63
2017-06-28,000529,9.06,8.98,9.11,8.91,22120,19896968.0,2.19,-1.86,-0.17,0.39
2017-06-29,000529,9.0,9.06,9.12,8.92,17112,15457766.0,2.23,0.89,0.08,0.3
2017-06-30,000529,9.06,9.15,9.27,8.93,27052,24674076.0,3.75,0.99,0.09,0.47
2017-07-03,000529,9.11,9.16,9.2,9.07,24623,22470576.0,1.42,0.11,0.01,0.43
2017-07-04,000529,9.12,9.05,9.15,9.0,18882,17120838.0,1.64,-1.2,-0.11,0.33
2017-07-05,000529,9.05,9.15,9.27,9.01,28016,25624194.0,2.87,1.1,0.1,0.49
2017-07-06,000529,9.15,9.07,9.18,9.03,22141,20152401.0,1.64,-0.87,-0.08,0.39
2017-07-07,000529,9.12,9.45,9.48,9.06,78454,73481246.0,4.63,4.19,0.38,1.38
2017-07-10,000529,9.38,9.5,9.73,9.3,91033,87070104.0,4.55,0.53,0.05,1.6
2017-07-11,000529,9.57,9.34,9.77,9.3,85418,81564217.0,4.95,-1.68,-0.16,1.5
2017-07-12,000529,9.29,9.45,9.54,9.2,39464,36906785.0,3.64,1.18,0.11,0.69
2017-07-13,000529,9.45,9.33,9.45,9.28,20221,18902919.0,1.8,-1.27,-0.12,0.35
2017-07-14,000529,9.33,9.07,9.41,8.98,47638,43718038.0,4.61,-2.79,-0.26,0.84
2017-07-17,000529,9.07,8.48,9.07,8.29,82983,71740099.0,8.6,-6.5,-0.59,1.46
2017-07-18,000529,8.35,8.08,8.68,7.75,115106,92416879.0,10.97,-4.72,-0.4,2.02
2017-07-19,000529,8.06,8.14,8.19,7.92,54814,44056762.0,3.34,0.74,0.06,0.96
2017-07-20,000529,8.12,8.15,8.25,8.08,28049,22946702.0,2.09,0.12,0.01,0.49
2017-07-21,000529,8.11,8.18,8.24,8.11,22470,18353719.0,1.6,0.37,0.03,0.39
2017-07-24,000529,8.09,8.27,8.3,8.09,23111,18939074.0,2.57,1.1,0.09,0.41
2017-07-25,000529,8.25,8.2,8.32,8.14,22378,18319406.0,2.18,-0.85,-0.07,0.39
2017-07-26,000529,8.22,8.12,8.24,8.08,17508,14234950.0,1.95,-0.98,-0.08,0.31
2017-07-27,000529,8.15,8.23,8.32,8.1,31297,25738619.0,2.71,1.35,0.11,0.55
2017-07-28,000529,8.22,8.27,8.31,8.22,23568,19464914.0,1.09,0.49,0.04,0.41
2017-07-31,000529,8.24,8.35,8.48,8.2,37631,31457162.0,3.39,0.97,0.08,0.66
2017-08-01,000529,8.31,8.32,8.4,8.25,19296,16040014.0,1.8,-0.36,-0.03,0.34
2017-08-02,000529,8.28,8.22,8.32,8.2,21894,18046051.0,1.44,-1.2,-0.1,0.38
2017-08-03,000529,8.22,8.27,8.27,8.16,21848,17971382.0,1.34,0.61,0.05,0.38
2017-08-04,000529,8.4,8.59,8.88,8.4,88139,76406689.0,5.8,3.87,0.32,1.55
2017-08-07,000529,8.47,8.68,8.75,8.4,68497,58568532.0,4.07,1.05,0.09,1.2
2017-08-08,000529,8.64,8.9,8.93,8.49,72496,63568230.0,5.07,2.53,0.22,1.27
2017-08-09,000529,8.84,8.75,8.88,8.72,43393,38106188.0,1.8,-1.69,-0.15,0.76
2017-08-10,000529,8.75,8.56,8.79,8.51,36498,31405782.0,3.2,-2.17,-0.19,0.64
2017-08-11,000529,8.56,8.35,8.62,8.33,31545,26645739.0,3.39,-2.45,-0.21,0.55
2017-08-14,000529,8.35,8.48,8.49,8.3,28338,23867902.0,2.28,1.56,0.13,0.5
2017-08-15,000529,8.48,8.48,8.55,8.45,17209,14602348.0,1.18,0.0,0.0,0.3
2017-08-16,000529,8.49,8.54,8.54,8.38,21428,18142523.0,1.89,0.71,0.06,0.38
2017-08-17,000529,8.58,8.67,8.68,8.5,36511,31507416.0,2.11,1.52,0.13,0.64
2017-08-18,000529,8.62,8.69,8.87,8.58,45413,39599961.0,3.34,0.23,0.02,0.8
2017-08-21,000529,8.72,8.75,8.89,8.72,30816,27098483.0,1.96,0.69,0.06,0.54
2017-08-22,000529,8.78,8.59,8.82,8.54,28317,24563068.0,3.2,-1.83,-0.16,0.5
2017-08-23,000529,8.57,8.57,8.64,8.51,17344,14884767.0,1.51,-0.23,-0.02,0.3
2017-08-24,000529,8.51,8.64,8.71,8.51,25056,21621154.0,2.33,0.82,0.07,0.44
2017-08-25,000529,8.66,8.64,8.67,8.58,19795,17079798.0,1.04,0.0,0.0,0.35
2017-08-28,000529,8.62,8.69,8.71,8.62,24850,21561903.0,1.04,0.58,0.05,0.44
2017-08-29,000529,8.68,8.71,8.83,8.66,29217,25500642.0,1.96,0.23,0.02,0.51
2017-08-30,000529,8.72,8.9,9.0,8.71,57827,51440582.0,3.33,2.18,0.19,1.01
2017-08-31,000529,8.86,8.85,8.92,8.8,31251,27677674.0,1.35,-0.56,-0.05,0.55
2017-09-01,000529,8.85,8.84,8.92,8.8,29808,26362011.0,1.36,-0.11,-0.01,0.52
2017-09-04,000529,8.81,8.75,8.89,8.72,31443,27577716.0,1.92,-1.02,-0.09,0.55
2017-09-05,000529,8.76,8.76,8.82,8.72,27038,23687640.0,1.14,0.11,0.01,0.47
2017-09-06,000529,8.76,8.73,8.78,8.7,24130,21090626.0,0.91,-0.34,-0.03,0.42
2017-09-07,000529,8.71,8.71,8.77,8.67,27569,24064982.0,1.15,-0.23,-0.02,0.48
2017-09-08,000529,8.69,8.73,8.75,8.67,27127,23639154.0,0.92,0.23,0.02,0.48
2017-09-11,000529,8.75,8.76,8.76,8.67,25007,21804080.0,1.03,0.34,0.03,0.44
2017-09-12,000529,8.79,8.7,8.79,8.69,33830,29540860.0,1.14,-0.68,-0.06,0.59
2017-09-13,000529,8.69,8.58,8.7,8.54,35384,30474839.0,1.84,-1.38,-0.12,0.62
2017-09-14,000529,8.58,8.62,8.65,8.54,28048,24113955.0,1.28,0.47,0.04,0.49
2017-09-15,000529,8.65,8.53,8.65,8.52,16575,14192248.0,1.51,-1.04,-0.09,0.29
2017-09-18,000529,8.56,8.58,8.58,8.49,20117,17162656.0,1.06,0.59,0.05,0.35
2017-09-19,000529,8.52,8.53,8.58,8.48,19952,17004342.0,1.17,-0.58,-0.05,0.35
2017-09-20,000529,8.52,8.55,8.56,8.46,15606,13306225.0,1.17,0.23,0.02,0.27
2017-09-21,000529,8.52,8.62,8.71,8.52,42795,36895404.0,2.22,0.82,0.07,0.75
2017-09-22,000529,8.73,8.7,8.87,8.62,54391,47507881.0,2.9,0.93,0.08,0.95
2017-09-25,000529,8.65,8.3,8.66,8.0,40601,34133504.0,7.59,-4.6,-0.4,0.71
2017-09-26,000529,8.29,8.21,8.37,8.18,28342,23343454.0,2.29,-1.08,-0.09,0.5
2017-09-27,000529,8.22,8.3,8.34,8.17,25849,21333691.0,2.07,1.1,0.09,0.45
2017-09-28,000529,8.27,8.15,8.27,8.15,23661,19410550.0,1.45,-1.81,-0.15,0.42
2017-09-29,000529,8.11,8.17,8.21,8.1,28276,23025900.0,1.35,0.25,0.02,0.5
2017-10-09,000529,8.25,8.27,8.33,8.21,19775,16366897.0,1.47,1.22,0.1,0.35
2017-10-10,000529,8.25,8.65,8.86,8.24,71702,61692619.0,7.5,4.59,0.38,1.26
2017-10-11,000529,8.58,8.55,8.66,8.51,34898,29902737.0,1.73,-1.16,-0.1,0.61
2017-10-12,000529,8.6,8.46,8.61,8.42,17821,15159387.0,2.22,-1.05,-0.09,0.31
2017-10-13,000529,8.51,8.52,8.58,8.44,17479,14875460.0,1.65,0.71,0.06,0.31
2017-10-16,000529,8.51,8.24,8.57,8.24,28009,23551635.0,3.87,-3.29,-0.28,0.49
2017-10-17,000529,8.24,8.21,8.36,8.16,24437,20120625.0,2.43,-0.36,-0.03,0.43
2017-10-18,000529,8.21,8.16,8.31,8.13,16643,13683203.0,2.19,-0.61,-0.05,0.29
2017-10-19,000529,8.17,8.16,8.22,8.07,13978,11377840.0,1.84,0.0,0.0,0.25
2017-10-20,000529,8.08,8.24,8.29,8.08,16402,13460494.0,2.57,0.98,0.08,0.29
2017-10-23,000529,8.2,8.23,8.26,8.17,15648,12856764.0,1.09,-0.12,-0.01,0.27
2017-10-24,000529,8.25,8.32,8.32,8.17,17467,14399267.0,1.82,1.09,0.09,0.31
2017-10-25,000529,8.69,8.45,8.83,8.43,59243,50935822.0,4.81,1.56,0.13,1.04
2017-10-26,000529,8.35,8.45,8.55,8.35,34993,29579230.0,2.37,0.0,0.0,0.61
2017-10-27,000529,8.45,8.28,8.46,8.21,25915,21604440.0,2.96,-2.01,-0.17,0.45
2017-10-30,000529,8.29,8.11,8.36,8.05,23305,18986904.0,3.74,-2.05,-0.17,0.41
2017-10-31,000529,8.1,8.13,8.33,8.1,27067,22134199.0,2.84,0.25,0.02,0.47
2017-11-01,000529,8.11,8.13,8.21,8.11,24158,19704397.0,1.23,0.0,0.0,0.42
2017-11-02,000529,8.16,8.04,8.17,8.0,27710,22348925.0,2.09,-1.11,-0.09,0.49
2017-11-03,000529,8.04,8.0,8.08,7.94,18753,14984184.0,1.74,-0.5,-0.04,0.33
2017-11-06,000529,8.0,7.97,8.01,7.88,19881,15785128.0,1.63,-0.38,-0.03,0.35
2017-11-07,000529,7.96,7.9,7.96,7.74,50926,39940835.0,2.76,-0.88,-0.07,0.89
2017-11-08,000529,7.87,7.86,7.93,7.82,32020,25216207.0,1.39,-0.51,-0.04,0.56
2017-11-09,000529,7.86,7.78,7.88,7.78,26849,21005385.0,1.27,-1.02,-0.08,0.47
2017-11-10,000529,7.78,7.84,7.86,7.75,27477,21397878.0,1.41,0.77,0.06,0.48
2017-11-13,000529,7.8,7.66,7.84,7.51,53736,41249354.0,4.21,-2.3,-0.18,0.94
2017-11-14,000529,7.63,7.69,7.9,7.61,27074,20822598.0,3.79,0.39,0.03,0.48
2017-11-15,000529,7.69,7.64,7.82,7.63,22541,17312581.0,2.47,-0.65,-0.05,0.4
2017-11-16,000529,7.63,7.72,7.79,7.53,37195,28544537.0,3.4,1.05,0.08,0.65
2017-11-17,000529,7.68,7.42,7.74,7.4,37676,28464877.0,4.4,-3.89,-0.3,0.66
2017-11-20,000529,7.38,7.4,7.48,7.22,24251,17790955.0,3.5,-0.27,-0.02,0.43
2017-11-21,000529,7.39,7.21,7.43,7.18,34736,25323108.0,3.38,-2.57,-0.19,0.61
2017-11-22,000529,7.21,7.27,7.51,7.17,41613,30296448.0,4.72,0.83,0.06,0.73
2017-11-23,000529,7.28,7.17,7.32,7.15,20462,14790935.0,2.34,-1.38,-0.1,0.36
2017-11-24,000529,7.12,7.1,7.19,7.07,19039,13537522.0,1.67,-0.98,-0.07,0.33
2017-11-27,000529,7.09,7.09,7.17,7.05,13162,9355945.0,1.69,-0.14,-0.01,0.23
2017-11-28,000529,7.06,7.13,7.15,7.06,12134,8642787.0,1.27,0.56,0.04,0.21
2017-11-29,000529,7.19,7.11,7.2,7.01,15592,11076783.0,2.66,-0.28,-0.02,0.27
2017-11-30,000529,7.08,7.11,7.16,7.08,10202,7268336.0,1.13,0.0,0.0,0.18
2017-12-01,000529,7.09,7.23,7.24,7.08,19925,14325921.0,2.25,1.69,0.12,0.35
2017-12-04,000529,7.22,7.19,7.3,7.16,17091,12345983.0,1.94,-0.55,-0.04,0.3
2017-12-05,000529,7.2,6.97,7.21,6.95,27959,19692971.0,3.62,-3.06,-0.22,0.49
2017-12-06,000529,6.95,7.04,7.04,6.91,16393,11452137.0,1.87,1.0,0.07,0.29
2017-12-07,000529,7.05,7.05,7.09,7.01,13205,9308338.0,1.14,0.14,0.01,0.23
2017-12-08,000529,7.05,7.12,7.18,7.05,13525,9636592.0,1.84,0.99,0.07,0.24
2017-12-11,000529,7.1,7.28,7.33,7.06,23073,16629153.0,3.79,2.25,0.16,0.4
2017-12-12,000529,7.2,7.07,7.24,7.07,23429,16736730.0,2.34,-2.88,-0.21,0.41
2017-12-13,000529,7.09,7.11,7.13,7.03,9185,6514864.0,1.41,0.57,0.04,0.16
2017-12-14,000529,7.11,7.1,7.13,7.06,10341,7336195.0,0.98,-0.14,-0.01,0.18
2017-12-15,000529,7.1,7.07,7.1,7.03,14664,10349755.0,0.99,-0.42,-0.03,0.26
2017-12-18,000529,7.06,7.06,7.1,7.01,11124,7847449.0,1.27,-0.14,-0.01,0.2
2017-12-19,000529,7.06,7.08,7.12,7.04,10136,7174375.0,1.13,0.28,0.02,0.18
2017-12-20,000529,7.06,7.03,7.09,7.02,9366,6602998.0,0.99,-0.71,-0.05,0.16
2017-12-21,000529,7.03,6.96,7.05,6.95,14275,9979882.0,1.42,-1.0,-0.07,0.25
2017-12-22,000529,6.96,6.99,7.01,6.95,10658,7442508.0,0.86,0.43,0.03,0.19
2017-12-25,000529,6.99,6.8,7.04,6.77,24675,16922237.0,3.86,-2.72,-0.19,0.43
2017-12-26,000529,6.79,6.8,6.86,6.71,17032,11551765.0,2.21,0.0,0.0,0.3
2017-12-27,000529,6.78,6.73,6.8,6.7,14481,9773690.0,1.47,-1.03,-0.07,0.25
2017-12-28,000529,6.7,6.75,6.78,6.7,18312,12348926.0,1.19,0.3,0.02,0.32
2017-12-29,000529,6.75,6.78,6.79,6.73,11277,7619330.0,0.89,0.44,0.03,0.2
2018-01-02,000529,6.78,6.87,6.95,6.78,23409,15985426.0,2.51,1.33,0.09,0.41
2018-01-03,000529,6.85,6.92,6.93,6.83,18703,12898722.0,1.46,0.73,0.05,0.33
2018-01-04,000529,6.92,6.93,6.95,6.89,14027,9712234.0,0.87,0.14,0.01,0.25
2018-01-05,000529,6.92,7.07,7.1,6.91,31844,22373330.0,2.74,2.02,0.14,0.56
2018-01-08,000529,7.08,7.02,7.11,6.95,28373,19857041.0,2.26,-0.71,-0.05,0.5
2018-01-09,000529,7.02,6.94,7.02,6.9,22125,15327476.0,1.71,-1.14,-0.08,0.39
2018-01-10,000529,6.93,6.78,6.93,6.72,31646,21499008.0,3.03,-2.31,-0.16,0.56
2018-01-11,000529,6.79,7.17,7.17,6.72,69115,48356953.0,6.64,5.75,0.39,1.21
2018-01-12,000529,7.08,7.37,7.6,7.05,136216,100243291.0,7.67,2.79,0.2,2.39
2018-01-15,000529,7.21,6.92,7.24,6.81,75761,53546296.0,5.83,-6.11,-0.45,1.33
2018-01-16,000529,6.92,7.11,7.13,6.82,38189,26944805.0,4.48,2.75,0.19,0.67
2018-01-17,000529,7.13,7.4,7.55,7.01,84987,61661876.0,7.59,4.08,0.29,1.49
2018-01-18,000529,7.23,7.25,7.3,7.2,60223,43622508.0,1.35,-2.03,-0.15,1.06
2018-01-19,000529,7.2,7.09,7.25,7.07,34548,24728742.0,2.48,-2.21,-0.16,0.61
2018-01-22,000529,7.1,7.18,7.2,7.02,23972,17043405.0,2.54,1.27,0.09,0.42
2018-01-23,000529,7.16,7.16,7.25,7.11,19197,13744853.0,1.95,-0.28,-0.02,0.34
2018-01-24,000529,7.12,7.1,7.16,7.02,30771,21743859.0,1.96,-0.84,-0.06,0.54
2018-01-25,000529,7.09,7.08,7.13,7.05,22357,15858744.0,1.13,-0.28,-0.02,0.39
2018-01-26,000529,7.08,7.11,7.17,7.03,23858,16968429.0,1.98,0.42,0.03,0.42
2018-01-29,000529,7.11,7.02,7.14,7.0,25780,18223365.0,1.97,-1.27,-0.09,0.45
2018-01-30,000529,7.04,6.94,7.05,6.92,18987,13253749.0,1.85,-1.14,-0.08,0.33
2018-01-31,000529,6.92,6.72,6.93,6.61,31392,21212116.0,4.61,-3.17,-0.22,0.55
2018-02-01,000529,6.71,6.16,6.76,6.05,74796,46780361.0,10.57,-8.33,-0.56,1.31
2018-02-02,000529,5.81,6.06,6.19,5.81,30589,18424467.0,6.17,-1.62,-0.1,0.54
2018-02-05,000529,6.0,6.08,6.14,5.93,13529,8196754.0,3.47,0.33,0.02,0.24
2018-02-06,000529,6.05,5.59,6.05,5.56,27484,16039966.0,8.06,-8.06,-0.49,0.48
2018-02-07,000529,5.83,5.67,5.85,5.55,24454,13983360.0,5.37,1.43,0.08,0.43
2018-02-08,000529,5.66,5.73,5.78,5.62,19842,11324294.0,2.82,1.06,0.06,0.35
2018-02-09,000529,5.72,5.93,6.29,5.69,68324,40842074.0,10.47,3.49,0.2,1.2
2018-02-12,000529,5.84,6.03,6.05,5.8,39738,23521844.0,4.22,1.69,0.1,0.7
2018-02-13,000529,6.03,6.02,6.1,5.93,29331,17658866.0,2.82,-0.17,-0.01,0.51
2018-02-14,000529,6.01,6.04,6.08,5.98,10738,6469952.0,1.66,0.33,0.02,0.19
2018-02-22,000529,6.05,6.11,6.18,6.05,11700,7146289.0,2.15,1.16,0.07,0.21
2018-02-23,000529,6.12,6.08,6.15,6.06,12891,7844175.0,1.47,-0.49,-0.03,0.23
2018-02-26,000529,6.13,6.15,6.16,6.09,25201,15444815.0,1.15,1.15,0.07,0.44
2018-02-27,000529,6.14,6.18,6.25,6.1,28749,17718510.0,2.44,0.49,0.03,0.5
2018-02-28,000529,6.15,6.15,6.22,6.09,18605,11447227.0,2.1,-0.49,-0.03,0.33
2018-03-01,000529,6.12,6.31,6.34,6.12,27220,17011969.0,3.58,2.6,0.16,0.48
2018-03-02,000529,6.26,6.28,6.34,6.23,13646,8571619.0,1.74,-0.48,-0.03,0.24
2018-03-05,000529,6.28,6.25,6.32,6.2,19177,11979428.0,1.91,-0.48,-0.03,0.34
2018-03-06,000529,6.25,6.35,6.36,6.2,22995,14512457.0,2.56,1.6,0.1,0.4
2018-03-07,000529,6.35,6.41,6.68,6.3,53853,34935093.0,5.98,0.94,0.06,0.94
2018-03-08,000529,6.38,6.41,6.47,6.37,22146,14196244.0,1.56,0.0,0.0,0.39
2018-03-09,000529,6.42,6.46,6.53,6.37,22923,14749784.0,2.5,0.78,0.05,0.4
2018-03-12,000529,6.46,6.58,6.61,6.44,25285,16549819.0,2.63,1.86,0.12,0.44
2018-03-13,000529,6.55,6.63,6.67,6.52,35669,23555471.0,2.28,0.76,0.05,0.63
2018-03-14,000529,6.57,6.54,6.66,6.52,20613,13569040.0,2.11,-1.36,-0.09,0.36
2018-03-15,000529,6.54,6.45,6.61,6.36,27099,17562668.0,3.82,-1.38,-0.09,0.48
2018-03-16,000529,6.44,6.41,6.53,6.38,18368,11860349.0,2.33,-0.62,-0.04,0.32
2018-03-19,000529,6.37,6.79,6.89,6.31,82814,54809085.0,9.05,5.93,0.38,1.45
2018-03-20,000529,6.7,6.6,6.7,6.54,65061,43244771.0,2.36,-2.8,-0.19,1.14
2018-03-21,000529,6.58,6.48,6.85,6.46,69571,46514734.0,5.91,-1.82,-0.12,1.22
2018-03-22,000529,6.43,6.55,6.6,6.39,48782,31600047.0,3.24,1.08,0.07,0.86
2018-03-23,000529,6.4,6.7,6.98,6.33,129609,86150869.0,9.92,2.29,0.15,2.27
2018-03-26,000529,6.47,6.29,6.47,6.03,79269,49245475.0,6.57,-6.12,-0.41,1.39
2018-03-27,000529,6.32,6.38,6.45,6.31,42805,27302025.0,2.23,1.43,0.09,0.75
2018-03-28,000529,6.31,6.28,6.4,6.26,26066,16480009.0,2.19,-1.57,-0.1,0.46
2018-03-29,000529,6.25,6.32,6.35,6.25,20012,12617949.0,1.59,0.64,0.04,0.35
2018-03-30,000529,6.3,6.35,6.39,6.3,29852,18909114.0,1.42,0.47,0.03,0.52
2018-04-02,000529,6.43,6.33,6.45,6.31,25943,16479813.0,2.2,-0.31,-0.02,0.46
2018-04-03,000529,6.26,6.26,6.41,6.14,23423,14795081.0,4.27,-1.11,-0.07,0.41
2018-04-04,000529,6.29,6.22,6.32,6.2,20498,12857468.0,1.92,-0.64,-0.04,0.36
2018-04-09,000529,6.21,6.15,6.23,6.01,24216,14841361.0,3.54,-1.13,-0.07,0.42
2018-04-10,000529,6.18,6.18,6.22,6.11,22501,13879814.0,1.79,0.49,0.03,0.39
2018-04-11,000529,6.2,6.23,6.24,6.17,17451,10837580.0,1.13,0.81,0.05,0.31
2018-04-12,000529,6.21,6.18,6.23,6.13,17065,10560382.0,1.61,-0.8,-0.05,0.3
2018-04-13,000529,6.22,6.26,6.26,6.19,16641,10358895.0,1.13,1.29,0.08,0.29
2018-04-16,000529,6.26,6.24,6.31,6.19,16652,10382464.0,1.92,-0.32,-0.02,0.29
2018-04-17,000529,6.24,6.25,6.28,6.17,20894,13008534.0,1.76,0.16,0.01,0.37
2018-04-18,000529,6.27,6.23,6.27,6.1,19565,12135553.0,2.72,-0.32,-0.02,0.34
2018-04-19,000529,6.23,6.21,6.25,6.15,19170,11878683.0,1.61,-0.32,-0.02,0.34
2018-04-20,000529,6.26,6.13,6.26,6.08,18663,11512415.0,2.9,-1.29,-0.08,0.33
2018-04-23,000529,6.09,6.16,6.3,6.08,13078,8076031.0,3.59,0.49,0.03,0.23
2018-04-24,000529,6.16,6.28,6.3,6.16,18345,11487009.0,2.27,1.95,0.12,0.32
2018-04-25,000529,6.2,6.31,6.35,6.2,20163,12694948.0,2.39,0.48,0.03,0.35
2018-04-26,000529,6.29,6.3,6.35,6.25,23957,15107355.0,1.58,-0.16,-0.01,0.42
2018-04-27,000529,6.34,6.38,6.4,6.25,30560,19361919.0,2.38,1.27,0.08,0.54
2018-05-02,000529,6.38,6.32,6.43,6.28,22686,14402985.0,2.35,-0.94,-0.06,0.4
2018-05-03,000529,6.35,6.18,6.36,6.05,28733,17681295.0,4.91,-2.22,-0.14,0.5
2018-05-04,000529,6.17,6.13,6.17,6.09,17673,10845154.0,1.29,-0.81,-0.05,0.31
2018-05-07,000529,6.1,6.26,6.26,6.1,23734,14728900.0,2.61,2.12,0.13,0.42
2018-05-08,000529,6.26,6.45,6.45,6.21,46432,29467663.0,3.83,3.04,0.19,0.81
2018-05-09,000529,6.41,6.24,6.43,6.21,33786,21329425.0,3.41,-3.26,-0.21,0.59
2018-05-10,000529,6.25,6.86,6.86,6.24,89130,58491276.0,9.94,9.94,0.62,1.56
2018-05-11,000529,6.86,6.63,6.86,6.58,94474,63103907.0,4.08,-3.35,-0.23,1.66
2018-05-14,000529,6.57,6.43,6.61,6.42,39193,25495680.0,2.87,-3.02,-0.2,0.69
2018-05-15,000529,6.48,6.67,6.8,6.43,67059,44513081.0,5.75,3.73,0.24,1.18
2018-05-16,000529,6.61,6.66,6.74,6.52,50146,33256835.0,3.3,-0.15,-0.01,0.88
2018-05-17,000529,6.66,6.93,7.18,6.57,103415,70750795.0,9.16,4.05,0.27,1.81
2018-05-18,000529,6.85,6.98,7.02,6.73,63824,44037802.0,4.18,0.72,0.05,1.12
2018-05-21,000529,6.9,7.0,7.12,6.83,51614,35988999.0,4.15,0.29,0.02,0.91
2018-05-22,000529,6.95,6.86,7.09,6.83,49338,34113370.0,3.71,-2.0,-0.14,0.87
2018-05-23,000529,6.87,6.73,6.87,6.73,34012,23075033.0,2.04,-1.9,-0.13,0.6
2018-05-24,000529,6.73,6.89,6.99,6.65,52132,35646163.0,5.05,2.38,0.16,0.91
2018-05-25,000529,6.84,6.88,6.97,6.82,36383,25054485.0,2.18,-0.15,-0.01,0.64
2018-05-28,000529,6.83,6.66,6.83,6.65,32587,21910093.0,2.62,-3.2,-0.22,0.57
2018-05-29,000529,6.66,6.53,6.73,6.49,25513,16805020.0,3.6,-1.95,-0.13,0.45
2018-05-30,000529,6.45,6.16,6.45,6.05,30002,18703735.0,6.13,-5.67,-0.37,0.53
2018-05-31,000529,6.24,6.31,6.38,6.17,21810,13705597.0,3.41,2.44,0.15,0.38
2018-06-01,000529,6.28,6.17,6.29,6.09,26204,16277973.0,3.17,-2.22,-0.14,0.46
2018-06-04,000529,6.2,6.13,6.23,6.1,14033,8632502.0,2.11,-0.65,-0.04,0.25
2018-06-05,000529,6.2,6.25,6.26,6.13,20729,12861934.0,2.12,1.96,0.12,0.36
2018-06-06,000529,6.26,6.21,6.27,6.15,15550,9647829.0,1.92,-0.64,-0.04,0.27
2018-06-07,000529,6.2,6.26,6.29,6.18,29319,18248933.0,1.77,0.81,0.05,0.51
2018-06-08,000529,6.23,6.1,6.26,6.07,26218,16075869.0,3.04,-2.56,-0.16,0.46
2018-06-11,000529,6.09,6.07,6.2,6.05,13816,8442396.0,2.46,-0.49,-0.03,0.24
2018-06-12,000529,6.06,6.11,6.12,6.02,12338,7504625.0,1.65,0.66,0.04,0.22
2018-06-13,000529,6.18,6.1,6.25,6.07,12742,7845981.0,2.95,-0.16,-0.01,0.22
2018-06-14,000529,6.09,6.1,6.16,6.06,21785,13327669.0,1.64,0.0,0.0,0.38
2018-06-15,000529,6.08,6.02,6.14,5.98,15171,9166685.0,2.62,-1.31,-0.08,0.27
2018-06-19,000529,5.9,5.42,6.0,5.42,44238,24860041.0,9.63,-9.97,-0.6,0.78
2018-06-20,000529,5.38,5.38,5.47,5.3,28486,15330936.0,3.14,-0.74,-0.04,0.5
2018-06-21,000529,5.38,5.13,5.42,5.1,27547,14508961.0,5.95,-4.65,-0.25,0.48
2018-06-22,000529,5.13,5.2,5.22,5.01,14135,7292658.0,4.09,1.36,0.07,0.25
2018-06-25,000529,5.31,5.2,5.35,5.18,11386,5942310.0,3.27,0.0,0.0,0.2
2018-06-26,000529,5.19,5.26,5.28,5.1,11503,5997495.0,3.46,1.15,0.06,0.2
2018-06-27,000529,5.27,5.29,5.45,5.25,19428,10375684.0,3.8,0.57,0.03,0.34
2018-06-28,000529,5.31,5.64,5.73,5.24,42864,23645197.0,9.26,6.62,0.35,0.75
2018-06-29,000529,5.53,5.62,5.63,5.45,34909,19356114.0,3.19,-0.35,-0.02,0.61
2018-07-02,000529,5.57,5.38,5.59,5.32,19422,10594187.0,4.8,-4.27,-0.24,0.34
2018-07-03,000529,5.53,5.4,5.53,5.31,13686,7394603.0,4.09,0.37,0.02,0.24
2018-07-04,000529,5.44,5.4,5.48,5.36,12438,6730531.0,2.22,0.0,0.0,0.22
2018-07-05,000529,5.36,5.19,5.41,5.12,19804,10405902.0,5.37,-3.89,-0.21,0.35
2018-07-06,000529,5.2,5.15,5.23,4.97,34297,17493265.0,5.01,-0.77,-0.04,0.6
2018-07-09,000529,5.15,5.26,5.27,5.15,17365,9073203.0,2.33,2.14,0.11,0.3
2018-07-10,000529,5.28,5.25,5.28,5.22,8686,4561619.0,1.14,-0.19,-0.01,0.15
2018-07-11,000529,5.11,5.11,5.17,5.0,15565,7930933.0,3.24,-2.67,-0.14,0.27
2018-07-12,000529,5.11,5.24,5.26,5.1,16826,8751703.0,3.13,2.54,0.13,0.3
2018-07-13,000529,5.24,5.28,5.32,5.24,16278,8586119.0,1.53,0.76,0.04,0.29
2018-07-16,000529,5.28,5.23,5.28,5.2,10116,5291790.0,1.52,-0.95,-0.05,0.18
2018-07-17,000529,5.25,5.25,5.25,5.11,7167,3723043.0,2.68,0.38,0.02,0.13
2018-07-18,000529,5.25,5.34,5.44,5.21,29906,15971726.0,4.38,1.71,0.09,0.52
2018-07-19,000529,5.35,5.37,5.41,5.28,21079,11314652.0,2.43,0.56,0.03,0.37
2018-07-20,000529,5.38,5.43,5.44,5.31,15700,8465147.0,2.42,1.12,0.06,0.28
2018-07-23,000529,5.43,5.46,5.49,5.36,11572,6303036.0,2.39,0.55,0.03,0.2
2018-07-24,000529,5.43,5.53,5.55,5.41,20144,11081240.0,2.56,1.28,0.07,0.35
2018-07-25,000529,5.54,5.53,5.58,5.49,13024,7206630.0,1.63,0.0,0.0,0.23
2018-07-26,000529,5.5,5.54,5.57,5.48,16926,9363453.0,1.63,0.18,0.01,0.3
2018-07-27,000529,5.55,5.68,5.73,5.54,37046,20927032.0,3.43,2.53,0.14,0.65
2018-07-30,000529,5.65,5.51,5.66,5.49,23199,12899407.0,2.99,-2.99,-0.17,0.41
2018-07-31,000529,5.51,5.59,5.62,5.45,18841,10418505.0,3.09,1.45,0.08,0.33
2018-08-01,000529,5.59,5.47,5.62,5.43,14336,7971901.0,3.4,-2.15,-0.12,0.25
2018-08-02,000529,5.44,5.19,5.45,5.15,23265,12219143.0,5.48,-5.12,-0.28,0.41
2018-08-03,000529,5.19,5.2,5.29,5.15,18838,9828479.0,2.7,0.19,0.01,0.33
2018-08-06,000529,5.15,5.08,5.25,5.05,12408,6363644.0,3.85,-2.31,-0.12,0.22
2018-08-07,000529,5.07,5.2,5.23,5.06,11013,5679301.0,3.35,2.36,0.12,0.19
2018-08-08,000529,5.2,5.18,5.23,5.16,7419,3853705.0,1.35,-0.38,-0.02,0.13
2018-08-09,000529,5.16,5.26,5.28,5.16,11899,6239847.0,2.32,1.54,0.08,0.21
2018-08-10,000529,5.26,5.23,5.33,5.22,12342,6507866.0,2.09,-0.57,-0.03,0.22
2018-08-13,000529,5.2,5.24,5.29,5.12,12357,6450796.0,3.25,0.19,0.01,0.22
2018-08-14,000529,5.25,5.49,5.59,5.21,47465,25786512.0,7.25,4.77,0.25,0.83
2018-08-15,000529,5.42,5.23,5.49,5.18,37289,19903929.0,5.65,-4.74,-0.26,0.65
2018-08-16,000529,5.2,5.16,5.25,5.08,17601,9125230.0,3.25,-1.34,-0.07,0.31
2018-08-17,000529,5.2,5.17,5.24,5.11,11802,6129433.0,2.52,0.19,0.01,0.21
2018-08-20,000529,5.12,5.1,5.18,5.05,15874,8090197.0,2.51,-1.35,-0.07,0.28
2018-08-21,000529,5.1,5.15,5.17,5.1,12751,6558137.0,1.37,0.98,0.05,0.22
2018-08-22,000529,5.12,5.07,5.16,5.05,10627,5418642.0,2.14,-1.55,-0.08,0.19
2018-08-23,000529,5.07,5.08,5.11,5.02,9833,4985421.0,1.78,0.2,0.01,0.17
2018-08-24,000529,5.08,5.06,5.1,5.04,6680,3380500.0,1.18,-0.39,-0.02,0.12
2018-08-27,000529,5.07,5.13,5.13,5.05,13028,6641305.0,1.58,1.38,0.07,0.23
2018-08-28,000529,5.13,5.14,5.15,5.11,8606,4413717.0,0.78,0.19,0.01,0.15
2018-08-29,000529,5.13,5.15,5.21,5.13,14114,7281434.0,1.56,0.19,0.01,0.25
2018-08-30,000529,5.17,5.07,5.17,5.05,11621,5920796.0,2.33,-1.55,-0.08,0.2
2018-08-31,000529,5.07,5.04,5.08,5.02,5376,2713142.0,1.18,-0.59,-0.03,0.09
2018-09-03,000529,5.04,5.09,5.1,5.03,9585,4850986.0,1.39,0.99,0.05,0.17
2018-09-04,000529,5.07,5.14,5.18,5.07,10685,5485425.0,2.16,0.98,0.05,0.19
2018-09-05,000529,5.15,5.1,5.17,5.07,8275,4240257.0,1.95,-0.78,-0.04,0.15
2018-09-06,000529,5.1,5.08,5.12,5.07,6264,3192450.0,0.98,-0.39,-0.02,0.11
2018-09-07,000529,5.08,5.07,5.13,5.06,7051,3589980.0,1.38,-0.2,-0.01,0.12
2018-09-10,000529,5.1,4.99,5.1,4.99,10261,5157215.0,2.17,-1.58,-0.08,0.18
2018-09-11,000529,4.99,4.98,5.04,4.97,7035,3516222.0,1.4,-0.2,-0.01,0.12
2018-09-12,000529,4.98,4.98,5.0,4.95,9128,4547360.0,1.0,0.0,0.0,0.16
2018-09-13,000529,5.0,5.16,5.16,4.98,24014,12192701.0,3.61,3.61,0.18,0.42
2018-09-14,000529,5.19,5.12,5.24,5.11,18171,9407331.0,2.52,-0.78,-0.04,0.32
2018-09-17,000529,5.06,5.04,5.13,5.02,11343,5738396.0,2.15,-1.56,-0.08,0.2
2018-09-18,000529,5.01,5.09,5.12,5.01,11619,5866387.0,2.18,0.99,0.05,0.2
2018-09-19,000529,5.08,5.13,5.15,5.07,14697,7526582.0,1.57,0.79,0.04,0.26
2018-09-20,000529,5.13,5.1,5.15,5.09,8753,4481493.0,1.17,-0.58,-0.03,0.15
2018-09-21,000529,5.13,5.17,5.18,5.1,17323,8926708.0,1.57,1.37,0.07,0.3
2018-09-25,000529,5.14,5.12,5.2,5.07,16361,8376798.0,2.51,-0.97,-0.05,0.29
2018-09-26,000529,5.14,5.13,5.18,5.1,13318,6852093.0,1.56,0.2,0.01,0.23
2018-09-27,000529,5.16,5.11,5.16,5.09,10519,5392344.0,1.36,-0.39,-0.02,0.18
2018-09-28,000529,5.11,5.12,5.13,5.08,12731,6501717.0,0.98,0.2,0.01,0.22
2018-10-08,000529,5.05,5.0,5.1,4.98,14462,7291477.0,2.34,-2.34,-0.12,0.25
2018-10-09,000529,5.0,4.98,5.06,4.94,15372,7687188.0,2.4,-0.4,-0.02,0.27
2018-10-10,000529,4.95,4.97,5.03,4.94,6689,3334721.0,1.81,-0.2,-0.01,0.12
2018-10-11,000529,4.9,4.56,4.9,4.49,19667,9179632.0,8.25,-8.25,-0.41,0.35
2018-10-12,000529,4.54,4.46,4.56,4.25,15361,6844041.0,6.8,-2.19,-0.1,0.27
2018-10-15,000529,4.53,4.5,4.58,4.48,12525,5661990.0,2.24,0.9,0.04,0.22
2018-10-16,000529,4.53,4.27,4.53,4.25,16754,7306021.0,6.22,-5.11,-0.23,0.29
2018-10-17,000529,4.32,4.39,4.4,4.27,13709,5965945.0,3.04,2.81,0.12,0.24
2018-10-18,000529,4.31,4.16,4.36,4.08,27388,11530222.0,6.38,-5.24,-0.23,0.48
2018-10-19,000529,4.07,4.19,4.2,3.93,20518,8399165.0,6.49,0.72,0.03,0.36
2018-10-22,000529,4.2,4.39,4.45,4.2,19783,8614128.0,5.97,4.77,0.2,0.35
2018-10-23,000529,4.44,4.36,4.48,4.35,17681,7790628.0,2.96,-0.68,-0.03,0.31
2018-10-24,000529,4.25,4.42,4.45,4.25,10623,4646674.0,4.59,1.38,0.06,0.19
2018-10-25,000529,4.3,4.38,4.4,4.25,11474,4964251.0,3.39,-0.9,-0.04,0.2
2018-10-26,000529,4.44,4.48,4.51,4.4,12522,5604710.0,2.51,2.28,0.1,0.22
2018-10-29,000529,4.52,4.37,4.52,4.35,10220,4490092.0,3.79,-2.46,-0.11,0.18
2018-10-30,000529,4.37,4.43,4.45,4.3,11357,4966244.0,3.43,1.37,0.06,0.2
2018-10-31,000529,4.51,4.47,4.51,4.31,18500,8227495.0,4.51,0.9,0.04,0.32
2018-11-01,000529,4.48,4.47,4.55,4.43,18598,8359602.0,2.68,0.0,0.0,0.33
2018-11-02,000529,4.5,4.61,4.76,4.5,32743,15160294.0,5.82,3.13,0.14,0.57
2018-11-05,000529,4.63,4.7,4.7,4.54,22636,10438092.0,3.47,1.95,0.09,0.4
2018-11-06,000529,4.68,4.63,4.7,4.57,14079,6488858.0,2.77,-1.49,-0.07,0.25
2018-11-07,000529,4.63,4.62,4.65,4.57,10862,5014321.0,1.73,-0.22,-0.01,0.19
2018-11-08,000529,4.6,4.58,4.66,4.56,11135,5142329.0,2.16,-0.87,-0.04,0.2
2018-11-09,000529,4.51,4.66,4.66,4.5,20609,9500873.0,3.49,1.75,0.08,0.36
2018-11-12,000529,4.67,4.74,4.76,4.64,21669,10202084.0,2.58,1.72,0.08,0.38
2018-11-13,000529,4.72,4.95,5.1,4.72,42760,21099896.0,8.02,4.43,0.21,0.75
2018-11-14,000529,4.9,4.88,4.98,4.87,17408,8566283.0,2.22,-1.41,-0.07,0.31
2018-11-15,000529,4.9,4.97,5.0,4.88,18116,8966211.0,2.46,1.84,0.09,0.32
2018-11-16,000529,4.99,5.09,5.12,4.96,26095,13209183.0,3.22,2.41,0.12,0.46
2018-11-19,000529,5.09,5.22,5.28,5.01,37894,19551034.0,5.3,2.55,0.13,0.66
2018-11-20,000529,5.15,5.02,5.3,5.01,24829,12739298.0,5.56,-3.83,-0.2,0.44
2018-11-21,000529,4.96,5.09,5.14,4.9,19370,9817124.0,4.78,1.39,0.07,0.34
2018-11-22,000529,5.16,5.04,5.16,5.03,12415,6297425.0,2.55,-0.98,-0.05,0.22
2018-11-23,000529,5.01,4.97,5.07,4.91,21186,10538043.0,3.17,-1.39,-0.07,0.37
2018-11-26,000529,5.02,4.95,5.04,4.87,16757,8373903.0,3.42,-0.4,-0.02,0.29
2018-11-27,000529,4.98,4.99,5.05,4.95,10394,5203188.0,2.02,0.81,0.04,0.18
2018-11-28,000529,5.05,5.03,5.09,4.95,23479,11791405.0,2.81,0.8,0.04,0.41
2018-11-29,000529,5.05,4.94,5.07,4.89,12351,6157141.0,3.58,-1.79,-0.09,0.22
2018-11-30,000529,4.93,4.92,4.95,4.8,20711,10067356.0,3.04,-0.4,-0.02,0.36
2018-12-03,000529,4.98,5.0,5.06,4.96,24633,12349866.0,2.03,1.63,0.08,0.43
2018-12-04,000529,5.01,5.0,5.02,4.94,19496,9722236.0,1.6,0.0,0.0,0.34
2018-12-05,000529,5.0,4.91,5.0,4.84,17528,8606048.0,3.2,-1.8,-0.09,0.31
2018-12-06,000529,4.9,5.03,5.15,4.85,41984,21112885.0,6.11,2.44,0.12,0.74
2018-12-07,000529,5.01,4.8,5.04,4.76,48124,23491300.0,5.57,-4.57,-0.23,0.84
2018-12-10,000529,4.8,4.69,4.84,4.64,27240,12833400.0,4.17,-2.29,-0.11,0.48
2018-12-11,000529,4.69,4.66,4.72,4.63,18453,8602702.0,1.92,-0.64,-0.03,0.32
2018-12-12,000529,4.66,4.75,4.82,4.66,27923,13220960.0,3.43,1.93,0.09,0.49
2018-12-13,000529,4.85,5.0,5.13,4.76,62272,30893913.0,7.79,5.26,0.25,1.09
2018-12-14,000529,4.95,4.76,4.95,4.68,56838,27267743.0,5.4,-4.8,-0.24,1.0
2018-12-17,000529,4.71,4.68,4.75,4.66,21202,9939711.0,1.89,-1.68,-0.08,0.37
2018-12-18,000529,4.64,4.67,4.7,4.59,13410,6228951.0,2.35,-0.21,-0.01,0.24
2018-12-19,000529,4.66,4.56,4.67,4.52,9165,4216577.0,3.21,-2.36,-0.11,0.16
2018-12-20,000529,4.57,4.57,4.61,4.54,9441,4316521.0,1.54,0.22,0.01,0.17
2018-12-21,000529,4.6,4.58,4.61,4.52,7967,3638744.0,1.97,0.22,0.01,0.14
2018-12-24,000529,4.58,4.52,4.58,4.48,17455,7903052.0,2.18,-1.31,-0.06,0.31
2018-12-25,000529,4.48,4.41,4.49,4.32,21406,9423370.0,3.76,-2.43,-0.11,0.38
2018-12-26,000529,4.44,4.4,4.45,4.39,9804,4335261.0,1.36,-0.23,-0.01,0.17
2018-12-27,000529,4.47,4.43,4.48,4.39,10897,4828321.0,2.05,0.68,0.03,0.19
2018-12-28,000529,4.41,4.48,4.64,4.4,26121,11678545.0,5.42,1.13,0.05,0.46
2019-01-02,000529,4.45,4.52,4.65,4.43,31999,14561482.0,4.91,0.89,0.04,0.56
2019-01-03,000529,4.5,4.66,4.8,4.49,35496,16457023.0,6.86,3.1,0.14,0.62
2019-01-04,000529,4.61,4.73,4.76,4.56,25456,11916548.0,4.29,1.5,0.07,0.45
2019-01-07,000529,4.72,4.77,4.78,4.7,18639,8843884.0,1.69,0.85,0.04,0.33
2019-01-08,000529,4.8,4.72,4.8,4.69,14805,6998206.0,2.31,-1.05,-0.05,0.26
2019-01-09,000529,4.72,4.68,4.78,4.68,19158,9081905.0,2.12,-0.85,-0.04,0.34
2019-01-10,000529,4.7,4.75,4.78,4.68,21135,10047773.0,2.14,1.5,0.07,0.37
2019-01-11,000529,4.77,4.76,4.78,4.67,22913,10837065.0,2.32,0.21,0.01,0.4
2019-01-14,000529,4.75,4.73,4.82,4.72,16160,7701627.0,2.1,-0.63,-0.03,0.28
2019-01-15,000529,4.75,4.89,4.9,4.72,33309,16064952.0,3.81,3.38,0.16,0.58
2019-01-16,000529,4.9,4.75,4.9,4.72,27259,13103264.0,3.68,-2.86,-0.14,0.48
2019-01-17,000529,4.75,4.69,4.81,4.68,14546,6903011.0,2.74,-1.26,-0.06,0.26
2019-01-18,000529,4.69,4.77,4.79,4.69,15376,7318971.0,2.13,1.71,0.08,0.27
2019-01-21,000529,4.76,4.74,4.8,4.73,13475,6419799.0,1.47,-0.63,-0.03,0.24
2019-01-22,000529,4.73,4.77,4.8,4.73,17913,8551013.0,1.48,0.63,0.03,0.31
2019-01-23,000529,4.76,4.69,4.76,4.43,24510,11440427.0,6.92,-1.68,-0.08,0.43
2019-01-24,000529,4.69,4.77,4.78,4.66,21735,10326621.0,2.56,1.71,0.08,0.38
2019-01-25,000529,4.78,4.82,4.85,4.76,21232,10211589.0,1.89,1.05,0.05,0.37
2019-01-28,000529,4.79,4.73,4.87,4.72,23265,11120269.0,3.11,-1.87,-0.09,0.41
2019-01-29,000529,4.69,4.73,4.77,4.59,19227,9018413.0,3.81,0.0,0.0,0.34
2019-01-30,000529,4.67,4.56,4.71,4.54,16304,7556534.0,3.59,-3.59,-0.17,0.29
2019-01-31,000529,4.51,4.58,4.64,4.51,17323,7959440.0,2.85,0.44,0.02,0.3
2019-02-01,000529,4.6,4.65,4.68,4.59,16030,7429499.0,1.97,1.53,0.07,0.28
2019-02-11,000529,4.69,4.75,4.75,4.61,26211,12312342.0,3.01,2.15,0.1,0.46
2019-02-12,000529,4.75,4.87,4.88,4.71,47893,22985121.0,3.58,2.53,0.12,0.84
2019-02-13,000529,4.9,4.98,5.04,4.9,58013,28901186.0,2.87,2.26,0.11,1.02
2019-02-14,000529,4.95,4.97,5.0,4.93,30596,15184964.0,1.41,-0.2,-0.01,0.54
2019-02-15,000529,4.99,5.07,5.22,4.92,78450,39876902.0,6.04,2.01,0.1,1.38
2019-02-18,000529,5.12,5.17,5.18,5.04,65816,33753206.0,2.76,1.97,0.1,1.15
2019-02-19,000529,5.33,5.69,5.69,5.23,230810,127701519.0,8.9,10.06,0.52,4.05
2019-02-20,000529,5.79,6.26,6.26,5.69,131405,79911554.0,10.02,10.02,0.57,2.31
2019-02-21,000529,6.4,6.89,6.89,6.37,575370,386784976.0,8.31,10.06,0.63,10.1
2019-02-22,000529,6.88,6.68,6.98,6.36,548168,361797248.0,9.0,-3.05,-0.21,9.62
2019-02-25,000529,6.46,6.73,6.94,6.45,451574,302090272.0,7.34,0.75,0.05,7.92
2019-02-26,000529,6.62,6.56,7.03,6.3,410874,271858064.0,10.85,-2.53,-0.17,7.21
2019-02-27,000529,6.35,6.1,6.47,6.02,280348,176009310.0,6.86,-7.01,-0.46,4.92
2019-02-28,000529,6.1,6.26,6.26,6.05,154800,95466160.0,3.44,2.62,0.16,2.72
2019-03-01,000529,6.26,6.22,6.35,6.15,113144,70474592.0,3.19,-0.64,-0.04,1.99
2019-03-04,000529,6.29,6.28,6.39,6.21,191688,120683297.0,2.89,0.96,0.06,3.36
2019-03-05,000529,6.2,6.37,6.38,6.18,168925,106532962.0,3.18,1.43,0.09,2.96
2019-03-06,000529,6.4,6.41,6.42,6.21,188620,119346448.0,3.3,0.63,0.04,3.31
2019-03-07,000529,6.45,7.05,7.05,6.41,387165,264317290.0,9.98,9.98,0.64,6.79
2019-03-08,000529,6.9,6.62,7.39,6.6,346679,237487125.0,11.21,-6.1,-0.43,6.08
2019-03-11,000529,6.71,6.73,6.87,6.5,195250,130967870.0,5.59,1.66,0.11,3.43
2019-03-12,000529,6.7,7.14,7.4,6.58,353553,246440628.0,12.18,6.09,0.41,6.2
2019-03-13,000529,6.95,6.67,7.09,6.63,217777,148683515.0,6.44,-6.58,-0.47,3.82
2019-03-14,000529,6.51,6.18,6.51,6.06,169984,106849913.0,6.75,-7.35,-0.49,2.98
2019-03-15,000529,6.26,6.2,6.35,6.13,74578,46587500.0,3.56,0.32,0.02,1.31
2019-03-18,000529,6.2,6.32,6.33,6.17,62255,39073978.0,2.58,1.94,0.12,1.09
2019-03-19,000529,6.35,6.42,6.5,6.32,82699,53159119.0,2.85,1.58,0.1,1.45
2019-03-20,000529,6.42,6.44,6.55,6.3,89567,57693868.0,3.89,0.31,0.02,1.57
2019-03-21,000529,6.43,6.46,6.54,6.37,88910,57486418.0,2.64,0.31,0.02,1.56
2019-03-22,000529,6.54,6.78,7.0,6.47,166457,111278341.0,8.2,4.95,0.32,2.92
2019-03-25,000529,6.61,6.59,6.73,6.51,98897,65481181.0,3.24,-2.8,-0.19,1.74
2019-03-26,000529,6.63,6.51,6.81,6.48,94611,62724013.0,5.01,-1.21,-0.08,1.66
2019-03-27,000529,6.52,6.28,6.56,6.12,81241,51448281.0,6.76,-3.53,-0.23,1.43
2019-03-28,000529,6.33,6.25,6.4,6.21,39224,24693471.0,3.03,-0.48,-0.03,0.69
2019-03-29,000529,6.23,6.46,6.52,6.2,71853,45863098.0,5.12,3.36,0.21,1.26
2019-04-01,000529,6.57,6.65,6.72,6.5,105035,69571055.0,3.41,2.94,0.19,1.84
2019-04-02,000529,6.71,6.6,6.77,6.57,100072,66473391.0,3.01,-0.75,-0.05,1.76
2019-04-03,000529,6.54,6.76,6.9,6.46,139009,93376849.0,6.67,2.42,0.16,2.44
2019-04-04,000529,6.79,6.67,6.88,6.62,113472,76002321.0,3.85,-1.33,-0.09,1.99
2019-04-08,000529,6.65,7.34,7.34,6.56,430307,308084256.0,11.69,10.04,0.67,7.55
2019-04-09,000529,7.34,7.0,7.34,6.94,282024,200590581.0,5.45,-4.63,-0.34,4.95
2019-04-10,000529,6.95,6.87,6.95,6.69,157585,107533476.0,3.71,-1.86,-0.13,2.77
2019-04-11,000529,6.87,6.81,7.06,6.73,155128,107024027.0,4.8,-0.87,-0.06,2.72
2019-04-12,000529,6.75,7.07,7.14,6.74,193023,134926426.0,5.87,3.82,0.26,3.39
2019-04-15,000529,7.1,6.86,7.25,6.8,168886,119614914.0,6.36,-2.97,-0.21,2.96
2019-04-16,000529,6.91,7.55,7.55,6.91,333701,248512638.0,9.33,10.06,0.69,5.86
2019-04-17,000529,7.78,7.79,8.3,7.36,505404,391660000.0,12.45,3.18,0.24,8.87
2019-04-18,000529,7.55,7.77,8.2,7.55,362358,285532848.0,8.34,-0.26,-0.02,6.36
2019-04-19,000529,7.55,7.63,7.75,7.5,175809,133587807.0,3.22,-1.8,-0.14,3.09
2019-04-22,000529,7.67,8.15,8.16,7.55,296350,235658178.0,7.99,6.82,0.52,5.2
2019-04-23,000529,7.9,8.34,8.87,7.82,412443,345430432.0,12.88,2.33,0.19,7.24
2019-04-24,000529,8.28,8.61,8.8,8.01,338049,285751664.0,9.47,3.24,0.27,5.93
2019-04-25,000529,8.41,8.36,8.97,8.31,332429,287569264.0,7.67,-2.9,-0.25,5.83
2019-04-26,000529,8.1,7.52,8.2,7.52,292037,226432169.0,8.13,-10.05,-0.84,5.12
2019-04-29,000529,7.42,7.23,7.68,7.2,174818,130097060.0,6.38,-3.86,-0.29,3.07
2019-04-30,000529,7.33,7.68,7.78,7.23,164067,124175890.0,7.61,6.22,0.45,2.88
2019-05-06,000529,7.49,6.91,7.59,6.91,177549,127713997.0,8.85,-10.03,-0.77,3.12
2019-05-07,000529,7.05,6.84,7.1,6.63,153748,106172685.0,6.8,-1.01,-0.07,2.7
2019-05-08,000529,6.72,6.26,6.72,6.19,178792,115006401.0,7.75,-8.48,-0.58,3.14
2019-05-09,000529,6.31,6.34,6.45,6.22,131799,83717507.0,3.67,1.28,0.08,2.31
2019-05-10,000529,6.4,6.57,6.67,6.19,166193,108183630.0,7.57,3.63,0.23,2.92
2019-05-13,000529,6.59,6.56,6.7,6.48,106543,70154362.0,3.35,-0.15,-0.01,1.87
2019-05-14,000529,6.44,6.54,6.68,6.31,105445,68857277.0,5.64,-0.3,-0.02,1.85
2019-05-15,000529,6.58,6.63,6.66,6.47,102391,67348584.0,2.91,1.38,0.09,1.8
2019-05-16,000529,6.61,6.53,6.73,6.5,111245,73191319.0,3.47,-1.51,-0.1,1.95
2019-05-17,000529,6.53,6.28,6.63,6.23,107973,69531364.0,6.13,-3.83,-0.25,1.89
2019-05-20,000529,6.33,5.98,6.33,5.8,105361,63116694.0,8.44,-4.78,-0.3,1.85
2019-05-21,000529,5.99,6.45,6.54,5.99,142971,90401576.0,9.2,7.86,0.47,2.51
2019-05-22,000529,6.35,6.34,6.58,6.31,97432,62641238.0,4.19,-1.71,-0.11,1.71
2019-05-23,000529,6.4,6.15,6.45,6.08,99110,61876878.0,5.84,-3.0,-0.19,1.74
2019-05-24,000529,6.06,6.2,6.45,6.06,86429,54283235.0,6.34,0.81,0.05,1.52
2019-05-27,000529,6.34,6.4,6.4,6.1,97635,61067018.0,4.84,3.23,0.2,1.71
2019-05-28,000529,6.36,6.44,6.69,6.31,143249,93317155.0,5.94,0.63,0.04,2.51
2019-05-29,000529,6.4,6.49,6.6,6.32,84753,54987878.0,4.35,0.78,0.05,1.49
2019-05-30,000529,6.53,6.51,6.66,6.35,98535,64066495.0,4.78,0.31,0.02,1.73
2019-05-31,000529,6.47,6.48,6.59,6.42,86479,56083498.0,2.61,-0.46,-0.03,1.52
2019-06-03,000529,6.54,6.26,6.63,6.17,99251,63365078.0,7.1,-3.4,-0.22,1.74
2019-06-04,000529,6.32,6.1,6.34,6.01,66014,40481380.0,5.27,-2.56,-0.16,1.16
2019-06-05,000529,6.11,6.09,6.22,6.05,55266,34001291.0,2.79,-0.16,-0.01,0.97
2019-06-06,000529,6.08,5.83,6.15,5.8,68638,40674987.0,5.75,-4.27,-0.26,1.2
2019-06-10,000529,5.87,5.95,5.98,5.84,45688,27056440.0,2.4,2.06,0.12,0.8
2019-06-11,000529,5.94,6.18,6.22,5.92,71786,43949025.0,5.04,3.87,0.23,1.26
2019-06-12,000529,6.14,6.13,6.22,6.1,42839,26325120.0,1.94,-0.81,-0.05,0.75
2019-06-13,000529,6.08,6.05,6.17,5.99,51869,31363538.0,2.94,-1.31,-0.08,0.91
2019-06-14,000529,6.04,5.87,6.1,5.86,56335,33550287.0,3.97,-2.98,-0.18,0.99
2019-06-17,000529,5.9,5.72,5.96,5.7,63366,36635236.0,4.43,-2.56,-0.15,1.11
2019-06-18,000529,5.78,5.86,5.88,5.7,48220,28029889.0,3.15,2.45,0.14,0.85
2019-06-19,000529,5.99,5.87,6.15,5.84,59641,35398377.0,5.29,0.17,0.01,1.05
2019-06-20,000529,5.84,5.91,5.95,5.77,53486,31431157.0,3.07,0.68,0.04,0.94
2019-06-21,000529,5.95,6.0,6.04,5.94,57832,34686508.0,1.69,1.52,0.09,1.01
2019-06-24,000529,6.04,6.01,6.07,5.95,37941,22791090.0,2.0,0.17,0.01,0.67
2019-06-25,000529,5.97,5.94,6.01,5.86,44819,26594741.0,2.5,-1.16,-0.07,0.79
2019-06-26,000529,5.93,5.95,6.01,5.87,36246,21613589.0,2.36,0.17,0.01,0.64
2019-06-27,000529,5.95,6.03,6.06,5.95,44256,26614597.0,1.85,1.34,0.08,0.78
2019-06-28,000529,6.0,5.93,6.06,5.88,37634,22354633.0,2.99,-1.66,-0.1,0.66
2019-07-01,000529,6.01,6.11,6.12,5.96,64873,39399677.0,2.7,3.04,0.18,1.14
2019-07-02,000529,6.11,6.26,6.34,6.11,87963,54848064.0,3.76,2.45,0.15,1.54
2019-07-03,000529,6.24,6.23,6.3,6.14,56179,34899351.0,2.56,-0.48,-0.03,0.99
2019-07-04,000529,6.23,6.2,6.3,6.15,55005,34146406.0,2.41,-0.48,-0.03,0.97
2019-07-05,000529,6.16,6.24,6.26,6.16,38569,23926686.0,1.61,0.65,0.04,0.68
2019-07-08,000529,6.24,6.25,6.47,6.17,127726,80267580.0,4.81,0.16,0.01,2.24
2019-07-09,000529,6.26,6.12,6.26,6.04,87445,53365286.0,3.52,-2.08,-0.13,1.53
2019-07-10,000529,6.14,5.96,6.18,5.94,54351,32844072.0,3.92,-2.61,-0.16,0.95
2019-07-11,000529,6.05,6.18,6.24,6.01,77415,47422573.0,3.86,3.69,0.22,1.36
2019-07-12,000529,6.14,6.05,6.18,6.02,54900,33290827.0,2.59,-2.1,-0.13,0.96
2019-07-15,000529,6.04,6.1,6.12,5.92,47751,28758644.0,3.31,0.83,0.05,0.84
2019-07-16,000529,6.12,6.09,6.16,6.06,36903,22534806.0,1.64,-0.16,-0.01,0.65
2019-07-17,000529,6.12,6.21,6.29,6.07,87149,53981776.0,3.61,1.97,0.12,1.53
2019-07-18,000529,6.22,6.83,6.83,6.15,147676,98281548.0,10.95,9.98,0.62,2.59
2019-07-19,000529,6.99,6.88,7.24,6.66,327964,228246847.0,8.49,0.73,0.05,5.75
2019-07-22,000529,6.66,7.09,7.28,6.51,235203,160783108.0,11.19,3.05,0.21,4.13
2019-07-23,000529,6.92,7.19,7.25,6.87,234713,167684010.0,5.36,1.41,0.1,4.12
2019-07-24,000529,7.11,7.2,7.36,7.03,225063,162096120.0,4.59,0.14,0.01,3.95
2019-07-25,000529,7.13,7.13,7.19,7.02,140995,100035362.0,2.36,-0.97,-0.07,2.47
2019-07-26,000529,7.17,7.06,7.32,7.05,127385,91329503.0,3.79,-0.98,-0.07,2.24
2019-07-29,000529,7.08,7.0,7.13,6.87,99177,69252624.0,3.68,-0.85,-0.06,1.74
2019-07-30,000529,7.01,6.83,7.05,6.83,103780,71735078.0,3.14,-2.43,-0.17,1.82
2019-07-31,000529,6.89,6.88,7.19,6.87,122751,86069884.0,4.69,0.73,0.05,2.15
2019-08-01,000529,6.61,6.79,6.98,6.59,114970,78143406.0,5.67,-1.31,-0.09,2.02
2019-08-02,000529,6.61,6.59,6.75,6.45,114396,75226778.0,4.42,-2.95,-0.2,2.01
2019-08-05,000529,6.57,6.48,6.62,6.47,63244,41300209.0,2.28,-1.67,-0.11,1.11
2019-08-06,000529,6.25,6.1,6.27,5.83,93753,57027922.0,6.79,-5.86,-0.38,1.65
2019-08-07,000529,6.17,6.03,6.23,6.02,51601,31477503.0,3.44,-1.15,-0.07,0.91
2019-08-08,000529,6.03,6.03,6.08,5.89,38099,22926098.0,3.15,0.0,0.0,0.67
2019-08-09,000529,6.1,5.91,6.14,5.89,42847,25659646.0,4.15,-1.99,-0.12,0.75
2019-08-12,000529,5.92,6.08,6.08,5.9,40126,24135101.0,3.05,2.88,0.17,0.7
2019-08-13,000529,6.02,5.97,6.08,5.94,33534,20124059.0,2.3,-1.81,-0.11,0.59
2019-08-14,000529,6.06,6.01,6.09,5.97,38563,23275382.0,2.01,0.67,0.04,0.68
2019-08-15,000529,5.86,5.99,6.01,5.83,33395,19812003.0,3.0,-0.33,-0.02,0.59
2019-08-16,000529,5.95,6.05,6.11,5.94,51712,31211972.0,2.84,1.0,0.06,0.91
2019-08-19,000529,6.09,6.17,6.21,6.08,71306,43818979.0,2.15,1.98,0.12,1.25
2019-08-20,000529,6.15,6.16,6.25,6.12,47148,29112015.0,2.11,-0.16,-0.01,0.83
2019-08-21,000529,6.17,6.12,6.22,6.08,42383,25963035.0,2.27,-0.65,-0.04,0.74
2019-08-22,000529,6.17,6.73,6.73,6.1,100775,66294510.0,10.29,9.97,0.61,1.77
2019-08-23,000529,6.84,6.51,6.86,6.46,170052,112168594.0,5.94,-3.27,-0.22,2.98
2019-08-26,000529,6.36,6.58,6.73,6.27,110641,72119500.0,7.07,1.08,0.07,1.94
2019-08-27,000529,6.58,6.78,6.89,6.53,137356,92551311.0,5.47,3.04,0.2,2.41
2019-08-28,000529,6.68,6.98,7.08,6.65,193573,133807735.0,6.34,2.95,0.2,3.4
2019-08-29,000529,6.87,6.72,6.97,6.69,110620,74888209.0,4.01,-3.72,-0.26,1.94
2019-08-30,000529,6.68,6.55,6.76,6.47,82642,54526747.0,4.32,-2.53,-0.17,1.45
2019-09-02,000529,6.55,6.64,6.67,6.42,75320,49657881.0,3.82,1.37,0.09,1.32
2019-09-03,000529,6.63,6.75,6.93,6.63,120409,81954175.0,4.52,1.66,0.11,2.11
2019-09-04,000529,6.76,6.67,6.79,6.6,88867,59159411.0,2.81,-1.19,-0.08,1.56
2019-09-05,000529,6.71,6.71,6.76,6.63,87371,58554415.0,1.95,0.6,0.04,1.53
2019-09-06,000529,6.72,6.58,6.74,6.51,73068,48132094.0,3.43,-1.94,-0.13,1.28
2019-09-09,000529,6.64,6.72,6.74,6.59,82589,55101135.0,2.28,2.13,0.14,1.45
2019-09-10,000529,6.69,6.8,6.95,6.68,116655,79502290.0,4.02,1.19,0.08,2.05
2019-09-11,000529,6.8,6.68,6.84,6.66,73429,49412563.0,2.65,-1.76,-0.12,1.29
2019-09-12,000529,6.68,6.68,6.71,6.6,56548,37562924.0,1.65,0.0,0.0,0.99
2019-09-16,000529,6.71,6.7,6.76,6.65,52518,35214827.0,1.65,0.3,0.02,0.92
2019-09-17,000529,6.7,6.4,6.7,6.36,82338,53469663.0,5.07,-4.48,-0.3,1.44
2019-09-18,000529,6.43,6.39,6.47,6.38,36366,23362077.0,1.41,-0.16,-0.01,0.64
2019-09-19,000529,6.46,6.4,6.46,6.31,43690,27821047.0,2.35,0.16,0.01,0.77
2019-09-20,000529,6.42,6.28,6.42,6.25,61373,38742394.0,2.66,-1.88,-0.12,1.08
2019-09-23,000529,6.24,6.25,6.3,6.18,32058,19951147.0,1.91,-0.48,-0.03,0.56
2019-09-24,000529,6.25,6.19,6.27,6.18,36010,22349022.0,1.44,-0.96,-0.06,0.63
2019-09-25,000529,6.16,6.08,6.18,6.06,33875,20740494.0,1.94,-1.78,-0.11,0.59
2019-09-26,000529,6.08,5.92,6.15,5.88,45304,27068860.0,4.44,-2.63,-0.16,0.79
2019-09-27,000529,5.92,6.06,6.07,5.88,31991,19292900.0,3.21,2.36,0.14,0.56
2019-09-30,000529,6.08,6.09,6.14,6.06,27550,16828738.0,1.32,0.5,0.03,0.48
2019-10-08,000529,6.15,6.12,6.18,6.09,31373,19223032.0,1.48,0.49,0.03,0.55
2019-10-09,000529,6.17,6.15,6.18,6.01,24847,15181933.0,2.78,0.49,0.03,0.44
2019-10-10,000529,6.18,6.2,6.24,6.13,29821,18480166.0,1.79,0.81,0.05,0.52
2019-10-11,000529,6.18,6.16,6.26,6.13,28578,17666318.0,2.1,-0.65,-0.04,0.5
2019-10-14,000529,6.2,6.21,6.27,6.17,35192,21881782.0,1.62,0.81,0.05,0.62
2019-10-15,000529,6.18,6.33,6.45,6.18,55759,35187935.0,4.35,1.93,0.12,0.98
2019-10-16,000529,6.23,6.16,6.29,6.12,40431,24995192.0,2.69,-2.69,-0.17,0.71
2019-10-17,000529,6.27,6.14,6.27,6.13,20171,12425137.0,2.27,-0.32,-0.02,0.35
2019-10-18,000529,6.13,6.03,6.17,6.03,26931,16413052.0,2.28,-1.79,-0.11,0.47
2019-10-21,000529,6.06,6.25,6.26,5.99,55276,34160317.0,4.48,3.65,0.22,0.97
2019-10-22,000529,6.23,6.42,6.51,6.17,89423,56696784.0,5.44,2.72,0.17,1.57
2019-10-23,000529,6.5,7.06,7.06,6.43,433105,302136848.0,9.81,9.97,0.64,7.6
2019-10-24,000529,7.03,6.65,7.03,6.6,323705,218496941.0,6.09,-5.81,-0.41,5.68
2019-10-25,000529,6.61,6.8,7.13,6.61,332976,227637810.0,7.82,2.26,0.15,5.84
2019-10-28,000529,6.53,6.77,6.77,6.4,218438,144364142.0,5.44,-0.44,-0.03,3.83
2019-10-29,000529,6.68,7.09,7.12,6.61,317105,220016537.0,7.53,4.73,0.32,5.56
2019-10-30,000529,7.09,6.93,7.31,6.88,307514,217365487.0,6.06,-2.26,-0.16,5.4
2019-10-31,000529,6.86,7.3,7.37,6.86,303065,217287857.0,7.36,5.34,0.37,5.32
2019-11-01,000529,7.15,7.21,7.35,7.04,191009,137009453.0,4.25,-1.23,-0.09,3.35
2019-11-04,000529,7.11,7.09,7.12,6.84,188237,131661421.0,3.88,-1.66,-0.12,3.3
2019-11-05,000529,6.99,6.93,7.2,6.91,178327,125769506.0,4.09,-2.26,-0.16,3.13
2019-11-06,000529,6.84,6.63,6.85,6.62,159511,107047244.0,3.32,-4.33,-0.3,2.8
2019-11-07,000529,6.64,6.71,6.84,6.55,102801,69184826.0,4.37,1.21,0.08,1.8
2019-11-08,000529,6.76,6.57,6.77,6.56,84993,56618605.0,3.13,-2.09,-0.14,1.49
2019-11-11,000529,6.51,6.7,6.7,6.43,113015,74800497.0,4.11,1.98,0.13,1.98
2019-11-12,000529,6.73,6.81,6.83,6.6,111480,74928744.0,3.43,1.64,0.11,1.96
2019-11-13,000529,6.75,6.68,6.85,6.61,76175,51135676.0,3.52,-1.91,-0.13,1.34
2019-11-14,000529,6.64,6.7,6.7,6.58,62699,41718841.0,1.8,0.3,0.02,1.1
2019-11-15,000529,6.64,6.29,6.64,6.24,112738,72448359.0,5.97,-6.12,-0.41,1.98
2019-11-18,000529,6.28,6.33,6.4,6.13,50405,31788197.0,4.29,0.64,0.04,0.88
2019-11-19,000529,6.33,6.73,6.74,6.33,133807,88524721.0,6.48,6.32,0.4,2.35
2019-11-20,000529,6.7,6.72,6.85,6.65,87068,58619741.0,2.97,-0.15,-0.01,1.53
2019-11-21,000529,6.75,6.6,6.76,6.55,56904,37741413.0,3.13,-1.79,-0.12,1.0
2019-11-22,000529,6.6,6.41,6.71,6.36,81725,53041613.0,5.3,-2.88,-0.19,1.43
2019-11-25,000529,6.35,6.3,6.46,6.23,56644,35718638.0,3.59,-1.72,-0.11,0.99
2019-11-26,000529,6.3,6.36,6.4,6.27,45617,28893285.0,2.06,0.95,0.06,0.8
2019-11-27,000529,6.39,6.23,6.39,6.21,51535,32379027.0,2.83,-2.04,-0.13,0.9
2019-11-28,000529,6.27,6.33,6.51,6.23,64331,40995608.0,4.49,1.61,0.1,1.13
2019-11-29,000529,6.34,6.26,6.34,6.2,49246,30800555.0,2.21,-1.11,-0.07,0.86
2019-12-02,000529,6.26,6.33,6.38,6.26,37809,23911437.0,1.92,1.12,0.07,0.66
2019-12-03,000529,6.3,6.31,6.35,6.24,36516,22965112.0,1.74,-0.32,-0.02,0.64
2019-12-04,000529,6.3,6.29,6.31,6.24,31284,19634554.0,1.11,-0.32,-0.02,0.55
2019-12-05,000529,6.3,6.29,6.35,6.25,48446,30513513.0,1.59,0.0,0.0,0.85
2019-12-06,000529,6.28,6.41,6.41,6.28,65146,41418066.0,2.07,1.91,0.12,1.14
2019-12-09,000529,6.41,6.38,6.46,6.34,54241,34697973.0,1.87,-0.47,-0.03,0.95
2019-12-10,000529,6.4,6.3,6.42,6.27,64749,41015910.0,2.35,-1.25,-0.08,1.14
2019-12-11,000529,6.3,6.4,6.41,6.26,59996,38084573.0,2.38,1.59,0.1,1.05
2019-12-12,000529,6.44,6.63,6.64,6.41,122477,80579896.0,3.59,3.59,0.23,2.15
2019-12-13,000529,6.65,6.6,6.65,6.51,71937,47254076.0,2.11,-0.45,-0.03,1.26
2019-12-16,000529,6.57,6.63,6.64,6.52,74015,48794828.0,1.82,0.45,0.03,1.3
2019-12-17,000529,6.61,6.68,6.79,6.57,103864,69493923.0,3.32,0.75,0.05,1.82
2019-12-18,000529,6.67,6.63,6.75,6.6,84129,56094219.0,2.25,-0.75,-0.05,1.48
2019-12-19,000529,6.64,6.68,6.74,6.61,60260,40261157.0,1.96,0.75,0.05,1.06
2019-12-20,000529,6.77,6.78,6.88,6.68,112269,76437198.0,2.99,1.5,0.1,1.97
2019-12-23,000529,6.81,6.61,6.94,6.61,83218,55999152.0,4.87,-2.51,-0.17,1.46
2019-12-24,000529,6.63,6.68,6.69,6.5,60014,39549493.0,2.87,1.06,0.07,1.05
2019-12-25,000529,6.67,6.59,6.73,6.58,49258,32728845.0,2.25,-1.35,-0.09,0.86
2019-12-26,000529,6.59,6.77,6.83,6.59,75984,51129141.0,3.64,2.73,0.18,1.33
2019-12-27,000529,6.74,6.65,6.88,6.64,64372,43455715.0,3.55,-1.77,-0.12,1.13
2019-12-30,000529,6.7,6.77,6.77,6.56,63032,42098869.0,3.16,1.8,0.12,1.11
2019-12-31,000529,6.77,6.85,7.08,6.73,131629,90689878.0,5.17,1.18,0.08,2.31
2020-01-02,000529,6.88,6.92,6.97,6.85,100055,69153182.0,1.75,1.02,0.07,1.76
2020-01-03,000529,6.89,6.92,6.96,6.81,71856,49414605.0,2.17,0.0,0.0,1.26
2020-01-06,000529,6.89,6.9,6.97,6.82,90939,62791077.0,2.17,-0.29,-0.02,1.6
2020-01-07,000529,6.92,7.08,7.11,6.91,140390,98639385.0,2.9,2.61,0.18,2.46
2020-01-08,000529,7.08,6.83,7.08,6.8,119402,82552801.0,3.95,-3.53,-0.25,2.1
2020-01-09,000529,6.88,6.84,7.02,6.81,94454,65257168.0,3.07,0.15,0.01,1.66
2020-01-10,000529,6.86,7.13,7.15,6.74,192221,134609499.0,5.99,4.24,0.29,3.37
2020-01-13,000529,7.08,7.08,7.23,6.98,113618,80298438.0,3.51,-0.7,-0.05,1.99
2020-01-14,000529,7.07,7.02,7.16,6.99,83574,58831870.0,2.4,-0.85,-0.06,1.47
2020-01-15,000529,7.02,6.94,7.04,6.87,49896,34643776.0,2.42,-1.14,-0.08,0.88
2020-01-16,000529,7.0,7.03,7.04,6.85,85000,59043192.0,2.74,1.3,0.09,1.49
2020-01-17,000529,7.0,6.95,7.07,6.9,46996,32657006.0,2.42,-1.14,-0.08,0.82
2020-01-20,000529,6.96,6.97,7.0,6.84,57126,39488622.0,2.3,0.29,0.02,1.0
2020-01-21,000529,6.97,7.04,7.08,6.88,81079,56641821.0,2.87,1.0,0.07,1.42
2020-01-22,000529,6.96,7.06,7.08,6.8,87175,60792725.0,3.98,0.28,0.02,1.53
2020-01-23,000529,7.04,6.8,7.04,6.58,111748,76263593.0,6.52,-3.68,-0.26,1.96
2020-02-03,000529,6.12,6.12,6.14,6.12,76562,46861452.0,0.29,-10.0,-0.68,1.34
2020-02-04,000529,5.9,6.17,6.24,5.9,85137,52424728.0,5.56,0.82,0.05,1.49
2020-02-05,000529,6.16,6.21,6.39,6.15,81690,51141225.0,3.89,0.65,0.04,1.43
2020-02-06,000529,6.28,6.4,6.48,6.2,75282,47692332.0,4.51,3.06,0.19,1.32
2020-02-07,000529,6.42,6.38,6.44,6.3,57000,36275077.0,2.19,-0.31,-0.02,1.0
2020-02-10,000529,6.34,6.7,6.73,6.29,113390,74306953.0,6.9,5.02,0.32,1.99
2020-02-11,000529,6.64,6.51,6.66,6.46,71870,46991307.0,2.99,-2.84,-0.19,1.26
2020-02-12,000529,6.51,6.52,6.54,6.42,69303,44950610.0,1.84,0.15,0.01,1.22
2020-02-13,000529,6.51,6.4,6.52,6.36,64894,41682037.0,2.45,-1.84,-0.12,1.14
2020-02-14,000529,6.36,6.48,6.49,6.34,57589,36974944.0,2.34,1.25,0.08,1.01
2020-02-17,000529,6.45,6.65,6.66,6.45,77054,50760102.0,3.24,2.62,0.17,1.35
2020-02-18,000529,6.66,6.68,6.69,6.55,78725,52167973.0,2.11,0.45,0.03,1.38
2020-02-19,000529,6.7,6.79,6.96,6.65,146046,99496536.0,4.64,1.65,0.11,2.56
2020-02-20,000529,6.78,6.84,6.91,6.73,95546,65147025.0,2.65,0.74,0.05,1.68
2020-02-21,000529,6.88,6.96,7.01,6.83,123696,85817670.0,2.63,1.75,0.12,2.17
2020-02-24,000529,6.94,6.97,7.05,6.91,132990,92845509.0,2.01,0.14,0.01,2.33
2020-02-25,000529,6.85,7.13,7.15,6.65,254174,176703273.0,7.17,2.3,0.16,4.46
2020-02-26,000529,7.0,6.86,7.04,6.79,132111,91603342.0,3.51,-3.79,-0.27,2.32
2020-02-27,000529,6.88,6.9,6.96,6.75,82347,56584343.0,3.06,0.58,0.04,1.44
2020-02-28,000529,6.78,6.57,6.82,6.51,114003,75700658.0,4.49,-4.78,-0.33,2.0
2020-03-02,000529,6.6,6.84,6.87,6.6,78202,52804497.0,4.11,4.11,0.27,1.37
2020-03-03,000529,6.9,7.09,7.11,6.87,174300,122337218.0,3.51,3.65,0.25,3.06
2020-03-04,000529,7.04,7.24,7.35,7.0,205638,147597005.0,4.94,2.12,0.15,3.61
2020-03-05,000529,7.37,7.6,7.77,7.17,309651,232891788.0,8.29,4.97,0.36,5.43
2020-03-06,000529,7.45,7.47,7.58,7.37,171220,127732892.0,2.76,-1.71,-0.13,3.0
2020-03-09,000529,7.35,7.13,7.39,7.11,157153,113837910.0,3.75,-4.55,-0.34,2.76
2020-03-10,000529,7.0,7.15,7.18,6.83,152471,107510208.0,4.91,0.28,0.02,2.68
2020-03-11,000529,7.1,7.06,7.33,7.05,136191,97427432.0,3.92,-1.26,-0.09,2.39
2020-03-12,000529,6.92,6.83,6.98,6.73,103330,70820048.0,3.54,-3.26,-0.23,1.81
2020-03-13,000529,6.58,6.7,6.76,6.27,111480,73003160.0,7.17,-1.9,-0.13,1.96
2020-03-16,000529,6.72,6.4,6.82,6.4,98503,65205354.0,6.27,-4.48,-0.3,1.73
2020-03-17,000529,6.45,6.5,6.55,6.21,79745,51067397.0,5.31,1.56,0.1,1.4
2020-03-18,000529,6.53,6.39,6.7,6.38,92469,60618801.0,4.92,-1.69,-0.11,1.62
2020-03-19,000529,6.42,6.33,6.45,6.19,82458,52161713.0,4.07,-0.94,-0.06,1.45
2020-03-20,000529,6.41,6.4,6.43,6.3,52848,33691148.0,2.05,1.11,0.07,0.93
2020-03-23,000529,6.23,6.13,6.28,6.1,68988,42671065.0,2.81,-4.22,-0.27,1.21
2020-03-24,000529,6.25,6.4,6.44,6.17,61974,38794369.0,4.4,4.4,0.27,1.09
2020-03-25,000529,6.44,6.53,6.6,6.4,83355,54185031.0,3.13,2.03,0.13,1.46
2020-03-26,000529,6.45,6.61,6.68,6.43,85039,56124646.0,3.83,1.23,0.08,1.49
2020-03-27,000529,6.66,6.6,6.69,6.53,70234,46390981.0,2.42,-0.15,-0.01,1.23
2020-03-30,000529,6.48,6.57,6.65,6.39,83318,54415662.0,3.94,-0.45,-0.03,1.46
2020-03-31,000529,6.6,6.91,6.95,6.57,209011,141912994.0,5.78,5.18,0.34,3.67
2020-04-01,000529,6.84,6.78,6.92,6.66,164397,111149634.0,3.76,-1.88,-0.13,2.88
2020-04-02,000529,6.69,6.66,6.73,6.5,98354,65029209.0,3.39,-1.77,-0.12,1.73
2020-04-03,000529,6.65,6.8,6.92,6.6,113402,76949869.0,4.8,2.1,0.14,1.99
2020-04-07,000529,6.9,7.04,7.13,6.81,184922,129646121.0,4.71,3.53,0.24,3.24
2020-04-08,000529,6.94,6.9,7.07,6.85,123973,86243934.0,3.13,-1.99,-0.14,2.18
2020-04-09,000529,6.97,7.11,7.19,6.89,140426,99220875.0,4.35,3.04,0.21,2.46
2020-04-10,000529,7.03,6.91,7.15,6.87,113627,79529309.0,3.94,-2.81,-0.2,1.99
2020-04-13,000529,6.84,7.2,7.3,6.8,154693,109714000.0,7.24,4.2,0.29,2.71
2020-04-14,000529,7.18,7.22,7.25,7.1,101631,72802288.0,2.08,0.28,0.02,1.78
2020-04-15,000529,7.22,7.06,7.25,6.99,108241,76753398.0,3.6,-2.22,-0.16,1.9
2020-04-16,000529,7.07,7.05,7.13,6.98,75590,53339168.0,2.12,-0.14,-0.01,1.33
2020-04-17,000529,7.0,6.93,7.08,6.92,102219,71570213.0,2.27,-1.7,-0.12,1.79
2020-04-20,000529,7.05,7.13,7.17,7.01,117591,83491667.0,2.31,2.89,0.2,2.06
2020-04-21,000529,7.08,6.98,7.08,6.91,81014,56440820.0,2.38,-2.1,-0.15,1.42
2020-04-22,000529,6.98,7.37,7.37,6.93,228247,165415772.0,6.3,5.59,0.39,4.01
2020-04-23,000529,7.3,7.34,7.55,7.24,212026,156159199.0,4.21,-0.41,-0.03,3.72
2020-04-24,000529,7.36,7.46,7.55,7.23,195108,143989483.0,4.36,1.63,0.12,3.42
2020-04-27,000529,7.5,7.63,7.98,7.34,265532,202803786.0,8.58,2.28,0.17,4.66
2020-04-28,000529,7.53,7.24,7.56,6.87,239088,172014217.0,9.04,-5.11,-0.39,4.2
2020-04-29,000529,7.15,6.96,7.2,6.95,156291,110247359.0,3.45,-3.87,-0.28,2.74
2020-04-30,000529,7.0,6.98,7.04,6.94,104706,73171328.0,1.44,0.29,0.02,1.84
2020-05-06,000529,6.93,7.1,7.11,6.89,93788,65980052.0,3.15,1.72,0.12,1.65
2020-05-07,000529,7.05,7.18,7.22,7.01,103786,74053078.0,2.96,1.13,0.08,1.82
2020-05-08,000529,7.18,7.24,7.31,7.12,110161,79659042.0,2.65,0.84,0.06,1.93
2020-05-11,000529,7.23,7.16,7.28,7.03,99780,71137290.0,3.45,-1.1,-0.08,1.75
2020-05-12,000529,7.11,7.17,7.21,7.06,55289,39444573.0,2.09,0.14,0.01,0.97
2020-05-13,000529,7.09,7.21,7.21,7.06,73601,52596932.0,2.09,0.56,0.04,1.29
2020-05-14,000529,7.17,6.9,7.18,6.9,120339,84136347.0,3.88,-4.3,-0.31,2.11
2020-05-15,000529,6.94,6.8,6.98,6.8,80154,55249427.0,2.61,-1.45,-0.1,1.41
2020-05-18,000529,6.81,6.87,6.93,6.71,69416,47484144.0,3.24,1.03,0.07,1.22
2020-05-19,000529,6.88,6.82,6.93,6.78,50725,34647808.0,2.18,-0.73,-0.05,0.89
2020-05-20,000529,6.82,6.77,6.88,6.74,42037,28598370.0,2.05,-0.73,-0.05,0.74
2020-05-21,000529,6.82,6.89,6.95,6.75,55678,38224584.0,2.95,1.77,0.12,0.98
2020-05-22,000529,6.87,6.68,6.89,6.65,63521,42738835.0,3.48,-3.05,-0.21,1.11
2020-05-25,000529,6.63,6.75,6.78,6.57,37873,25376902.0,3.14,1.05,0.07,0.66
2020-05-26,000529,6.73,6.82,6.84,6.71,37251,25295084.0,1.93,1.04,0.07,0.65
2020-05-27,000529,6.82,6.72,6.82,6.68,47644,32103212.0,2.05,-1.47,-0.1,0.84
2020-05-28,000529,6.74,6.67,6.78,6.6,44340,29455845.0,2.68,-0.74,-0.05,0.78
2020-05-29,000529,6.62,6.73,6.75,6.6,44419,29786076.0,2.25,0.9,0.06,0.78
2020-06-01,000529,6.77,6.87,6.87,6.75,51363,35061823.0,1.78,2.08,0.14,0.9
2020-06-02,000529,6.87,6.85,6.91,6.83,52797,36265928.0,1.16,-0.29,-0.02,0.93
2020-06-03,000529,6.92,6.88,6.97,6.85,67834,46856546.0,1.75,0.44,0.03,1.19
2020-06-04,000529,6.9,7.03,7.08,6.89,87938,61513471.0,2.76,2.18,0.15,1.54
2020-06-05,000529,7.03,6.97,7.08,6.88,58761,40859866.0,2.84,-0.85,-0.06,1.03
2020-06-08,000529,6.99,7.04,7.04,6.9,52770,36809380.0,2.01,1.0,0.07,0.93
2020-06-09,000529,7.0,7.08,7.13,7.0,64518,45616199.0,1.85,0.57,0.04,1.13
2020-06-10,000529,7.05,6.99,7.07,6.96,45345,31787334.0,1.55,-1.27,-0.09,0.8
2020-06-11,000529,6.98,6.9,7.0,6.81,53637,37084977.0,2.72,-1.29,-0.09,0.94
2020-06-12,000529,6.76,6.89,6.9,6.67,40848,27832209.0,3.33,-0.14,-0.01,0.72
2020-06-15,000529,6.88,7.04,7.24,6.86,134766,95760523.0,5.52,2.18,0.15,2.36
2020-06-16,000529,7.05,7.15,7.15,6.97,84070,59621201.0,2.56,1.56,0.11,1.48
2020-06-17,000529,7.13,7.19,7.22,7.03,92003,65593788.0,2.66,0.56,0.04,1.61
2020-06-18,000529,7.19,7.1,7.22,7.07,63407,45137829.0,2.09,-1.25,-0.09,1.11
2020-06-19,000529,7.05,7.25,7.28,7.03,105976,76276186.0,3.52,2.11,0.15,1.86
2020-06-22,000529,7.28,7.24,7.32,7.18,91913,66724257.0,1.93,-0.14,-0.01,1.61
2020-06-23,000529,7.22,7.34,7.36,7.11,91477,66455285.0,3.45,1.38,0.1,1.61
2020-06-24,000529,7.34,7.2,7.34,7.18,78645,56958034.0,2.18,-1.91,-0.14,1.38
2020-06-29,000529,7.17,7.18,7.26,7.09,58018,41622515.0,2.36,-0.28,-0.02,1.02
2020-06-30,000529,7.2,7.36,7.36,7.2,88262,64429741.0,2.23,2.51,0.18,1.55
2020-07-01,000529,7.36,7.25,7.47,7.18,111142,81042701.0,3.94,-1.49,-0.11,1.95
2020-07-02,000529,7.23,7.35,7.35,7.18,115649,84128271.0,2.34,1.38,0.1,2.03
2020-07-03,000529,7.35,7.44,7.45,7.28,102125,75441858.0,2.31,1.22,0.09,1.79
2020-07-06,000529,7.5,7.68,7.77,7.43,178795,136375514.0,4.57,3.23,0.24,3.14
2020-07-07,000529,7.65,7.59,7.79,7.52,153833,117612385.0,3.52,-1.17,-0.09,2.7
2020-07-08,000529,7.55,7.88,8.07,7.52,207425,161928997.0,7.25,3.82,0.29,3.64
2020-07-09,000529,7.91,8.1,8.19,7.8,182120,145531433.0,4.95,2.79,0.22,3.2
2020-07-10,000529,8.12,8.23,8.46,8.0,187740,155360010.0,5.68,1.6,0.13,3.29
2020-07-13,000529,8.59,9.05,9.05,8.4,246787,218412938.0,7.9,9.96,0.82,4.33
2020-07-14,000529,9.5,8.77,9.5,8.61,342105,307213440.0,9.83,-3.09,-0.28,6.0
2020-07-15,000529,8.76,8.5,8.84,8.49,177138,153186004.0,3.99,-3.08,-0.27,3.11
2020-07-16,000529,8.5,8.04,8.57,8.01,172585,143376883.0,6.59,-5.41,-0.46,3.03
2020-07-17,000529,8.08,8.08,8.17,7.7,134233,107714491.0,5.85,0.5,0.04,2.36
2020-07-20,000529,8.17,8.3,8.33,8.15,118645,97918616.0,2.23,2.72,0.22,2.08
2020-07-21,000529,8.32,8.31,8.47,8.24,119566,99596032.0,2.77,0.12,0.01,2.1
2020-07-22,000529,8.35,8.24,8.37,8.18,108196,89648297.0,2.29,-0.84,-0.07,1.9
2020-07-23,000529,8.08,8.23,8.23,7.95,110461,89198280.0,3.4,-0.12,-0.01,1.94
2020-07-24,000529,8.16,8.0,8.49,8.0,169256,139821712.0,5.95,-2.79,-0.23,2.97
2020-07-27,000529,8.06,8.1,8.36,7.96,111770,90878126.0,5.0,1.25,0.1,1.96
2020-07-28,000529,8.13,8.63,8.63,8.06,199704,167465837.0,7.04,6.54,0.53,3.5
2020-07-29,000529,8.53,8.61,8.62,8.35,165133,140359584.0,3.13,-0.23,-0.02,2.9
2020-07-30,000529,8.57,8.51,8.61,8.4,116491,99102338.0,2.44,-1.16,-0.1,2.04
2020-07-31,000529,8.5,8.68,8.7,8.41,145116,124386950.0,3.41,2.0,0.17,2.55
2020-08-03,000529,8.8,8.92,9.02,8.69,174833,155194334.0,3.8,2.76,0.24,3.07
2020-08-04,000529,8.9,8.78,8.91,8.7,126173,110854913.0,2.35,-1.57,-0.14,2.21
2020-08-05,000529,8.77,8.77,8.8,8.55,96766,84024193.0,2.85,-0.11,-0.01,1.7
2020-08-06,000529,8.77,8.55,8.8,8.45,98290,84223526.0,3.99,-2.51,-0.22,1.72
2020-08-07,000529,8.55,8.37,8.61,8.21,96117,80698462.0,4.68,-2.11,-0.18,1.69
2020-08-10,000529,8.31,8.52,8.58,8.27,82115,69394756.0,3.7,1.79,0.15,1.44
2020-08-11,000529,8.49,8.31,8.61,8.27,81228,68863612.0,3.99,-2.46,-0.21,1.43
2020-08-12,000529,8.34,8.18,8.35,7.99,88243,71857922.0,4.33,-1.56,-0.13,1.55
2020-08-13,000529,8.2,8.38,8.62,8.2,113085,95400098.0,5.13,2.44,0.2,1.98
2020-08-14,000529,8.38,8.43,8.48,8.24,70487,58883293.0,2.86,0.6,0.05,1.24
2020-08-17,000529,8.45,8.64,8.75,8.43,108490,93656419.0,3.8,2.49,0.21,1.9
2020-08-18,000529,8.65,8.8,8.92,8.61,129676,114224698.0,3.59,1.85,0.16,2.28
2020-08-19,000529,8.84,8.72,8.98,8.7,115679,102221966.0,3.18,-0.91,-0.08,2.03
2020-08-20,000529,8.69,8.81,8.93,8.57,95763,83960828.0,4.13,1.03,0.09,1.68
2020-08-21,000529,8.75,9.04,9.1,8.7,142850,127366649.0,4.54,2.61,0.23,2.51
2020-08-24,000529,9.07,8.91,9.45,8.84,224917,204688238.0,6.75,-1.44,-0.13,3.95
2020-08-25,000529,8.9,8.77,9.23,8.75,166168,148774451.0,5.39,-1.57,-0.14,2.92
2020-08-26,000529,8.76,8.65,8.94,8.52,121683,105979277.0,4.79,-1.37,-0.12,2.14
2020-08-27,000529,8.65,8.89,8.9,8.6,90687,79545958.0,3.47,2.77,0.24,1.59
2020-08-28,000529,8.92,9.35,9.4,8.74,208048,190418328.0,7.42,5.17,0.46,3.65
2020-08-31,000529,9.38,9.5,9.8,9.36,230406,221006344.0,4.71,1.6,0.15,4.04
2020-09-01,000529,9.5,9.42,9.63,9.23,135786,127497647.0,4.21,-0.84,-0.08,2.38
2020-09-02,000529,9.4,9.37,9.7,9.26,124614,117158464.0,4.67,-0.53,-0.05,2.19
2020-09-03,000529,9.45,9.17,9.45,9.06,106743,97991154.0,4.16,-2.13,-0.2,1.87
2020-09-04,000529,8.98,9.01,9.05,8.87,80751,72535784.0,1.96,-1.74,-0.16,1.42
2020-09-07,000529,9.03,8.39,9.04,8.39,156655,136567020.0,7.21,-6.88,-0.62,2.75
2020-09-08,000529,8.42,8.37,8.53,8.2,108424,90409942.0,3.93,-0.24,-0.02,1.9
2020-09-09,000529,8.37,8.05,8.46,8.04,92698,76245889.0,5.02,-3.82,-0.32,1.63
2020-09-10,000529,8.15,7.81,8.22,7.7,91704,72860028.0,6.46,-2.98,-0.24,1.61
2020-09-11,000529,7.83,7.94,8.03,7.71,66751,52913887.0,4.1,1.66,0.13,1.17
2020-09-14,000529,7.95,7.85,8.02,7.76,64477,50789401.0,3.27,-1.13,-0.09,1.13
2020-09-15,000529,7.88,7.87,7.95,7.82,48639,38382174.0,1.66,0.25,0.02,0.85
2020-09-16,000529,7.88,7.76,7.93,7.67,53035,41318519.0,3.3,-1.4,-0.11,0.93
2020-09-17,000529,7.79,7.71,7.79,7.56,53844,41195319.0,2.96,-0.64,-0.05,0.94
2020-09-18,000529,7.7,7.87,7.89,7.69,56505,44122100.0,2.59,2.08,0.16,0.99
2020-09-21,000529,7.85,7.78,7.99,7.77,55909,43846472.0,2.8,-1.14,-0.09,0.98
2020-09-22,000529,7.78,7.67,7.84,7.63,48122,37169508.0,2.7,-1.41,-0.11,0.84
2020-09-23,000529,7.69,7.71,7.75,7.63,30442,23429177.0,1.56,0.52,0.04,0.53
2020-09-24,000529,7.66,7.46,7.69,7.4,60934,45693470.0,3.76,-3.24,-0.25,1.07
2020-09-25,000529,7.51,7.46,7.52,7.38,37182,27672142.0,1.88,0.0,0.0,0.65
2020-09-28,000529,7.9,7.65,7.9,7.56,88659,68415248.0,4.56,2.55,0.19,1.56
2020-09-29,000529,7.75,7.69,7.75,7.59,43307,33238498.0,2.09,0.52,0.04,0.76
2020-09-30,000529,7.63,7.57,7.72,7.54,45072,34351459.0,2.34,-1.56,-0.12,0.79
2020-10-09,000529,7.64,7.78,7.85,7.64,53193,41311204.0,2.77,2.77,0.21,0.93
2020-10-12,000529,7.84,7.93,7.94,7.76,63970,50461106.0,2.31,1.93,0.15,1.12
2020-10-13,000529,7.94,7.99,8.02,7.86,57902,45947718.0,2.02,0.76,0.06,1.02
2020-10-14,000529,8.0,7.89,8.05,7.85,60950,48474597.0,2.5,-1.25,-0.1,1.07
2020-10-15,000529,7.9,7.81,7.93,7.8,46417,36426548.0,1.65,-1.01,-0.08,0.81
2020-10-16,000529,7.8,7.78,7.82,7.72,33778,26233495.0,1.28,-0.38,-0.03,0.59
2020-10-19,000529,7.82,7.65,7.91,7.64,54249,42112538.0,3.47,-1.67,-0.13,0.95
2020-10-20,000529,7.66,7.73,7.75,7.56,37885,28997743.0,2.48,1.05,0.08,0.66
2020-10-21,000529,7.76,7.51,7.78,7.48,54872,41484633.0,3.88,-2.85,-0.22,0.96
2020-10-22,000529,7.51,7.47,7.54,7.39,43347,32263126.0,2.0,-0.53,-0.04,0.76
2020-10-23,000529,7.48,7.23,7.51,7.21,59280,43476480.0,4.02,-3.21,-0.24,1.04
2020-10-26,000529,7.23,7.33,7.36,7.09,48221,34930093.0,3.73,1.38,0.1,0.85
2020-10-27,000529,7.31,7.21,7.37,7.09,44590,32281392.0,3.82,-1.64,-0.12,0.78
2020-10-28,000529,7.16,7.23,7.31,7.05,59266,42577140.0,3.61,0.28,0.02,1.04
2020-10-29,000529,7.23,7.03,7.23,7.02,98573,69704645.0,2.9,-2.77,-0.2,1.73
2020-10-30,000529,7.01,6.75,7.07,6.74,77256,53189897.0,4.69,-3.98,-0.28,1.36
2020-11-02,000529,6.8,6.65,6.83,6.56,69588,46378961.0,4.0,-1.48,-0.1,1.22
2020-11-03,000529,6.71,6.87,6.9,6.67,56013,38141749.0,3.46,3.31,0.22,0.98
2020-11-04,000529,6.87,6.83,6.9,6.75,40732,27748048.0,2.18,-0.58,-0.04,0.71
2020-11-05,000529,6.85,6.88,6.91,6.77,51611,35324225.0,2.05,0.73,0.05,0.91
2020-11-06,000529,6.87,6.85,6.9,6.75,36812,25054362.0,2.18,-0.44,-0.03,0.65
2020-11-09,000529,6.85,6.92,6.95,6.81,65802,45443058.0,2.04,1.02,0.07,1.15
2020-11-10,000529,6.95,6.89,6.96,6.82,47744,32789279.0,2.02,-0.43,-0.03,0.84
2020-11-11,000529,6.86,6.78,6.88,6.75,42022,28622029.0,1.89,-1.6,-0.11,0.74
2020-11-12,000529,6.8,6.73,6.81,6.69,31886,21482855.0,1.77,-0.74,-0.05,0.56
2020-11-13,000529,6.73,6.72,6.75,6.61,40113,26746367.0,2.08,-0.15,-0.01,0.7
2020-11-16,000529,6.73,6.9,6.92,6.66,64868,44333752.0,3.87,2.68,0.18,1.14
2020-11-17,000529,6.88,6.83,6.89,6.76,47285,32231562.0,1.88,-1.01,-0.07,0.83
2020-11-18,000529,6.86,6.83,6.89,6.81,41507,28429314.0,1.17,0.0,0.0,0.73
2020-11-19,000529,6.8,6.91,6.93,6.77,49294,33909217.0,2.34,1.17,0.08,0.86
2020-11-20,000529,6.93,7.02,7.02,6.9,65329,45530698.0,1.74,1.59,0.11,1.15
2020-11-23,000529,7.05,7.01,7.05,6.94,55449,38775576.0,1.57,-0.14,-0.01,0.97
2020-11-24,000529,7.02,6.97,7.02,6.95,34686,24211011.0,1.0,-0.57,-0.04,0.61
2020-11-25,000529,6.97,6.91,6.99,6.91,37665,26204164.0,1.15,-0.86,-0.06,0.66
2020-11-26,000529,6.94,6.88,7.12,6.87,69576,48490780.0,3.62,-0.43,-0.03,1.22
2020-11-27,000529,6.84,6.93,6.94,6.8,40237,27703221.0,2.03,0.73,0.05,0.71
2020-11-30,000529,6.92,6.92,7.04,6.91,40985,28574387.0,1.88,-0.14,-0.01,0.72
2020-12-01,000529,6.92,7.01,7.04,6.9,41966,29301144.0,2.02,1.3,0.09,0.74
2020-12-02,000529,7.06,6.99,7.06,6.96,30046,20994123.0,1.43,-0.29,-0.02,0.53
2020-12-03,000529,6.98,7.04,7.08,6.96,41993,29493331.0,1.72,0.72,0.05,0.74
2020-12-04,000529,7.05,7.12,7.16,7.04,54841,39037547.0,1.7,1.14,0.08,0.96
2020-12-07,000529,7.17,7.15,7.29,7.1,70179,50444536.0,2.67,0.42,0.03,1.23
2020-12-08,000529,7.15,7.23,7.25,7.05,67760,48480647.0,2.8,1.12,0.08,1.19
2020-12-09,000529,7.23,7.06,7.24,7.04,48821,34840296.0,2.77,-2.35,-0.17,0.86
2020-12-10,000529,7.05,6.99,7.09,6.91,42344,29690878.0,2.55,-0.99,-0.07,0.74
2020-12-11,000529,7.0,6.78,7.02,6.68,76440,51913542.0,4.86,-3.0,-0.21,1.34
2020-12-14,000529,6.78,7.08,7.18,6.73,87113,60904160.0,6.64,4.42,0.3,1.53
2020-12-15,000529,7.06,7.0,7.06,6.91,49580,34644181.0,2.12,-1.13,-0.08,0.87
2020-12-16,000529,7.02,7.1,7.15,6.85,67496,47483741.0,4.29,1.43,0.1,1.18
2020-12-17,000529,7.01,7.11,7.12,6.94,56162,39597521.0,2.54,0.14,0.01,0.99
2020-12-18,000529,7.08,6.98,7.1,6.96,45453,31948841.0,1.97,-1.83,-0.13,0.8
2020-12-21,000529,6.95,6.94,7.01,6.87,44273,30747036.0,2.01,-0.57,-0.04,0.78
2020-12-22,000529,6.88,6.73,6.89,6.72,52642,35887537.0,2.45,-3.03,-0.21,0.92
2020-12-23,000529,6.76,6.73,6.79,6.62,43525,29149198.0,2.53,0.0,0.0,0.76
2020-12-24,000529,6.73,6.76,6.9,6.62,62307,42234427.0,4.16,0.45,0.03,1.09
2020-12-25,000529,6.75,6.75,6.81,6.69,28484,19233399.0,1.78,-0.15,-0.01,0.5
2020-12-28,000529,6.71,6.76,6.81,6.66,32501,21917045.0,2.22,0.15,0.01,0.57
2020-12-29,000529,6.79,6.74,6.84,6.72,28267,19144016.0,1.78,-0.3,-0.02,0.5
2020-12-30,000529,6.74,6.73,6.78,6.68,23549,15856035.0,1.48,-0.15,-0.01,0.41
2020-12-31,000529,6.72,6.78,6.81,6.71,23260,15718820.0,1.49,0.74,0.05,0.41
2021-01-04,000529,6.78,7.02,7.11,6.78,94030,65779070.0,4.87,3.54,0.24,1.65
2021-01-05,000529,6.98,7.23,7.24,6.97,128108,91611421.0,3.85,2.99,0.21,2.25
2021-01-06,000529,7.26,7.07,7.26,7.02,79207,56156511.0,3.32,-2.21,-0.16,1.39
2021-01-07,000529,7.05,6.84,7.06,6.78,76322,52617768.0,3.96,-3.25,-0.23,1.34
2021-01-08,000529,6.79,6.72,6.86,6.66,52586,35425951.0,2.92,-1.75,-0.12,0.92
2021-01-11,000529,6.7,6.59,6.72,6.56,52407,34762445.0,2.38,-1.93,-0.13,0.92
2021-01-12,000529,6.59,6.63,6.66,6.55,30642,20254970.0,1.67,0.61,0.04,0.54
2021-01-13,000529,6.61,6.33,6.61,6.25,75950,48221538.0,5.43,-4.52,-0.3,1.33
2021-01-14,000529,6.31,6.32,6.38,6.23,36997,23255650.0,2.37,-0.16,-0.01,0.65
2021-01-15,000529,6.28,6.39,6.41,6.25,23487,14930453.0,2.53,1.11,0.07,0.41
2021-01-18,000529,6.39,6.41,6.44,6.3,22576,14463982.0,2.19,0.31,0.02,0.4
2021-01-19,000529,6.41,6.41,6.44,6.35,31374,20034671.0,1.4,0.0,0.0,0.55
2021-01-20,000529,6.43,6.33,6.44,6.25,31882,20207756.0,2.96,-1.25,-0.08,0.56
2021-01-21,000529,6.33,6.36,6.37,6.29,22440,14233972.0,1.26,0.47,0.03,0.39
2021-01-22,000529,6.37,6.3,6.37,6.27,26196,16504889.0,1.57,-0.94,-0.06,0.46
2021-01-25,000529,6.3,6.12,6.31,6.1,35003,21567736.0,3.33,-2.86,-0.18,0.61
2021-01-26,000529,6.1,6.18,6.25,6.1,32248,19925541.0,2.45,0.98,0.06,0.57
2021-01-27,000529,6.13,6.14,6.15,6.06,29369,17926190.0,1.46,-0.65,-0.04,0.52
2021-01-28,000529,6.1,6.06,6.22,6.05,29997,18395057.0,2.77,-1.3,-0.08,0.53
2021-01-29,000529,6.05,6.06,6.14,6.0,30140,18241010.0,2.31,0.0,0.0,0.53
2021-02-01,000529,6.03,6.06,6.1,6.02,30199,18269323.0,1.32,0.0,0.0,0.53
2021-02-02,000529,6.07,6.04,6.07,5.99,23945,14438764.0,1.32,-0.33,-0.02,0.42
2021-02-03,000529,6.02,5.9,6.05,5.88,44530,26381799.0,2.81,-2.32,-0.14,0.78
2021-02-04,000529,5.91,5.67,5.91,5.5,53728,30428259.0,6.95,-3.9,-0.23,0.94
2021-02-05,000529,5.67,5.62,5.86,5.62,29930,17156074.0,4.23,-0.88,-0.05,0.53
2021-02-08,000529,5.71,5.77,5.84,5.64,30062,17277309.0,3.56,2.67,0.15,0.53
2021-02-09,000529,5.77,5.8,5.82,5.71,18547,10696253.0,1.91,0.52,0.03,0.33
2021-02-10,000529,5.83,5.85,5.86,5.75,24481,14238647.0,1.9,0.86,0.05,0.43
2021-02-18,000529,5.91,6.01,6.03,5.91,30708,18385805.0,2.05,2.74,0.16,0.54
2021-02-19,000529,5.98,6.23,6.26,5.98,41034,25287629.0,4.66,3.66,0.22,0.72
2021-02-22,000529,6.29,6.45,6.55,6.21,88571,56580461.0,5.46,3.53,0.22,1.55
2021-02-23,000529,6.37,6.34,6.41,6.29,50216,31836688.0,1.86,-1.71,-0.11,0.88
2021-02-24,000529,6.36,6.35,6.43,6.32,29808,18950290.0,1.74,0.16,0.01,0.52
2021-02-25,000529,6.36,6.32,6.4,6.32,23164,14674771.0,1.26,-0.47,-0.03,0.41
2021-02-26,000529,6.29,6.24,6.32,6.22,23508,14731563.0,1.58,-1.27,-0.08,0.41
2021-03-01,000529,6.24,6.26,6.3,6.22,20811,12994085.0,1.28,0.32,0.02,0.37
2021-03-02,000529,6.28,6.14,6.28,6.1,28239,17440680.0,2.88,-1.92,-0.12,0.5
2021-03-03,000529,6.13,6.2,6.2,6.1,18863,11644155.0,1.63,0.98,0.06,0.33
2021-03-04,000529,6.18,6.14,6.24,6.13,25628,15824309.0,1.77,-0.97,-0.06,0.45
2021-03-05,000529,6.14,6.2,6.2,6.12,17442,10769181.0,1.3,0.98,0.06,0.31
2021-03-08,000529,6.22,6.16,6.26,6.16,21261,13208013.0,1.61,-0.65,-0.04,0.37
2021-03-09,000529,6.16,6.06,6.18,5.89,34599,20915299.0,4.71,-1.62,-0.1,0.61
2021-03-10,000529,6.08,5.95,6.11,5.94,16256,9748549.0,2.81,-1.82,-0.11,0.29
2021-03-11,000529,5.93,6.02,6.03,5.91,13089,7843347.0,2.02,1.18,0.07,0.23
2021-03-12,000529,6.03,6.02,6.04,5.96,14249,8545381.0,1.33,0.0,0.0,0.25
2021-03-15,000529,5.98,6.03,6.04,5.96,10995,6604296.0,1.33,0.17,0.01,0.19
2021-03-16,000529,6.04,6.19,6.2,6.02,20442,12496884.0,2.99,2.65,0.16,0.36
2021-03-17,000529,6.2,6.19,6.24,6.15,14242,8834734.0,1.45,0.0,0.0,0.25
2021-03-18,000529,6.2,6.15,6.2,6.12,12721,7837440.0,1.29,-0.65,-0.04,0.22
2021-03-19,000529,6.15,6.17,6.21,6.11,17047,10518464.0,1.63,0.33,0.02,0.3
2021-03-22,000529,6.17,6.2,6.22,6.14,16364,10124073.0,1.3,0.49,0.03,0.29
2021-03-23,000529,6.21,6.23,6.25,6.18,25531,15887320.0,1.13,0.48,0.03,0.45
2021-03-24,000529,6.21,6.19,6.21,6.15,12166,7513869.0,0.96,-0.64,-0.04,0.21
2021-03-25,000529,6.19,6.17,6.23,6.15,13418,8294409.0,1.29,-0.32,-0.02,0.24
2021-03-26,000529,6.19,6.2,6.21,6.15,16457,10172720.0,0.97,0.49,0.03,0.29
2021-03-29,000529,6.2,6.15,6.22,6.13,15483,9555943.0,1.45,-0.81,-0.05,0.27
2021-03-30,000529,6.14,6.15,6.17,6.1,16300,10002492.0,1.14,0.0,0.0,0.29
2021-03-31,000529,6.12,6.19,6.19,6.11,14479,8893928.0,1.3,0.65,0.04,0.25
2021-04-01,000529,6.2,6.17,6.22,6.13,16541,10212051.0,1.45,-0.32,-0.02,0.29
2021-04-02,000529,6.16,6.17,6.19,6.13,13265,8167664.0,0.97,0.0,0.0,0.23
2021-04-06,000529,6.18,6.2,6.22,6.15,18079,11181184.0,1.13,0.49,0.03,0.32
2021-04-07,000529,6.2,6.3,6.3,6.18,30683,19217925.0,1.94,1.61,0.1,0.54
2021-04-08,000529,6.3,6.21,6.3,6.21,23974,14985683.0,1.43,-1.43,-0.09,0.42
2021-04-09,000529,6.2,6.18,6.24,6.15,17402,10745891.0,1.45,-0.48,-0.03,0.31
2021-04-12,000529,6.18,6.11,6.18,6.11,19276,11823550.0,1.13,-1.13,-0.07,0.34
2021-04-13,000529,6.11,6.14,6.17,6.11,13080,8035022.0,0.98,0.49,0.03,0.23
2021-04-14,000529,6.08,6.09,6.11,6.02,17270,10481251.0,1.47,-0.81,-0.05,0.3
2021-04-15,000529,6.09,6.18,6.24,6.05,23968,14765566.0,3.12,1.48,0.09,0.42
2021-04-16,000529,6.18,6.26,6.28,6.16,33023,20608056.0,1.94,1.29,0.08,0.58
2021-04-19,000529,6.27,6.26,6.3,6.24,26263,16490072.0,0.96,0.0,0.0,0.46
2021-04-20,000529,6.23,6.22,6.29,6.21,21131,13206348.0,1.28,-0.64,-0.04,0.37
2021-04-21,000529,6.21,6.18,6.24,6.14,22963,14244423.0,1.61,-0.64,-0.04,0.4
2021-04-22,000529,6.19,6.28,6.3,6.18,33108,20753472.0,1.94,1.62,0.1,0.58
2021-04-23,000529,6.27,6.15,6.27,6.1,28429,17495008.0,2.71,-2.07,-0.13,0.5
2021-04-26,000529,6.16,6.12,6.19,6.08,22500,13811288.0,1.79,-0.49,-0.03,0.39
2021-04-27,000529,6.11,6.07,6.11,6.01,18395,11119282.0,1.63,-0.82,-0.05,0.32
2021-04-28,000529,6.06,6.02,6.06,5.96,17345,10430134.0,1.65,-0.82,-0.05,0.3
2021-04-29,000529,6.05,5.93,6.06,5.92,29254,17532348.0,2.33,-1.5,-0.09,0.51
2021-04-30,000529,5.93,5.76,5.94,5.72,43385,25188851.0,3.71,-2.87,-0.17,0.76
2021-05-06,000529,5.79,5.85,5.88,5.72,21709,12650478.0,2.78,1.56,0.09,0.38
2021-05-07,000529,5.84,5.89,5.94,5.82,18419,10839125.0,2.05,0.68,0.04,0.32
2021-05-10,000529,5.9,5.8,5.9,5.79,19948,11615622.0,1.87,-1.53,-0.09,0.35
2021-05-11,000529,5.79,5.85,5.87,5.76,15739,9179509.0,1.9,0.86,0.05,0.28
2021-05-12,000529,5.84,5.87,5.89,5.83,14380,8439621.0,1.03,0.34,0.02,0.25
2021-05-13,000529,5.86,5.88,5.9,5.82,24621,14438678.0,1.36,0.17,0.01,0.43
2021-05-14,000529,5.87,5.93,5.95,5.87,22895,13539925.0,1.36,0.85,0.05,0.4
2021-05-17,000529,5.9,5.82,5.91,5.81,21253,12433500.0,1.69,-1.85,-0.11,0.37
2021-05-18,000529,5.82,5.84,5.85,5.78,15852,9211559.0,1.2,0.34,0.02,0.28
2021-05-19,000529,5.82,5.79,5.83,5.78,13943,8078908.0,0.86,-0.86,-0.05,0.24
2021-05-20,000529,5.81,5.82,5.88,5.79,13031,7583912.0,1.55,0.52,0.03,0.23
2021-05-21,000529,5.83,5.8,5.83,5.79,9118,5293318.0,0.69,-0.34,-0.02,0.16
2021-05-24,000529,5.78,5.82,5.83,5.78,12317,7146535.0,0.86,0.34,0.02,0.22
2021-05-25,000529,5.81,5.82,5.83,5.77,16925,9816060.0,1.03,0.0,0.0,0.3
2021-05-26,000529,5.82,5.86,5.87,5.8,18871,11028163.0,1.2,0.69,0.04,0.33
2021-05-27,000529,5.87,5.84,5.88,5.82,17886,10457820.0,1.02,-0.34,-0.02,0.31
2021-05-28,000529,5.84,5.79,5.86,5.76,22501,13042444.0,1.71,-0.86,-0.05,0.39
2021-05-31,000529,5.78,5.7,5.79,5.66,25974,14822517.0,2.25,-1.55,-0.09,0.46
2021-06-01,000529,5.7,5.72,5.74,5.67,16710,9542724.0,1.23,0.35,0.02,0.29
2021-06-02,000529,5.72,5.72,5.75,5.68,15189,8698170.0,1.22,0.0,0.0,0.27
2021-06-03,000529,5.72,5.76,5.77,5.7,24191,13868469.0,1.22,0.7,0.04,0.42
2021-06-04,000529,5.76,5.73,5.79,5.72,15174,8720147.0,1.22,-0.52,-0.03,0.27
2021-06-07,000529,5.72,5.7,5.74,5.7,15581,8896462.0,0.7,-0.52,-0.03,0.27
2021-06-08,000529,5.7,5.65,5.71,5.64,20141,11415826.0,1.23,-0.88,-0.05,0.35
2021-06-09,000529,5.65,5.64,5.67,5.62,11633,6567127.0,0.88,-0.18,-0.01,0.2
2021-06-10,000529,5.64,5.64,5.65,5.61,12053,6780844.0,0.71,0.0,0.0,0.21
2021-06-11,000529,5.65,5.59,5.65,5.57,26379,14761843.0,1.42,-0.89,-0.05,0.46
2021-06-15,000529,5.59,5.56,5.59,5.5,20096,11140761.0,1.61,-0.54,-0.03,0.35
2021-06-16,000529,5.57,5.54,5.6,5.53,12165,6771532.0,1.26,-0.36,-0.02,0.21
2021-06-17,000529,5.56,5.58,5.59,5.52,15547,8628134.0,1.26,0.72,0.04,0.27
2021-06-18,000529,5.54,5.53,5.58,5.51,12546,6935121.0,1.25,-0.9,-0.05,0.22
2021-06-21,000529,5.5,5.42,5.53,5.41,23469,12797810.0,2.17,-1.99,-0.11,0.41
2021-06-22,000529,5.42,5.49,5.52,5.41,20299,11112486.0,2.03,1.29,0.07,0.36
2021-06-23,000529,5.51,5.48,5.51,5.42,18138,9888896.0,1.64,-0.18,-0.01,0.32
2021-06-24,000529,5.49,5.46,5.49,5.43,12171,6650653.0,1.09,-0.36,-0.02,0.21
2021-06-25,000529,5.48,5.47,5.49,5.44,13123,7166692.0,0.92,0.18,0.01,0.23
2021-06-28,000529,5.49,5.6,5.68,5.49,44625,24995865.0,3.47,2.38,0.13,0.78
2021-06-29,000529,5.6,5.54,5.6,5.53,21627,12012959.0,1.25,-1.07,-0.06,0.38
2021-06-30,000529,5.5,5.54,5.57,5.5,15614,8644479.0,1.26,0.0,0.0,0.27
2021-07-01,000529,5.56,5.46,5.57,5.46,20775,11401752.0,1.99,-1.44,-0.08,0.36
2021-07-02,000529,5.44,5.45,5.49,5.43,14981,8174322.0,1.1,-0.18,-0.01,0.26
2021-07-05,000529,5.46,5.5,5.5,5.45,9809,5375475.0,0.92,0.92,0.05,0.17
2021-07-06,000529,5.45,5.4,5.45,5.37,14054,7590040.0,1.45,-1.82,-0.1,0.25
2021-07-07,000529,5.37,5.45,5.46,5.36,14987,8119184.0,1.85,0.93,0.05,0.26
2021-07-08,000529,5.46,5.4,5.46,5.36,11371,6134745.0,1.83,-0.92,-0.05,0.2
2021-07-09,000529,5.38,5.44,5.45,5.36,14985,8107823.0,1.67,0.74,0.04,0.26
2021-07-12,000529,5.45,5.43,5.48,5.4,19570,10628662.0,1.47,-0.18,-0.01,0.34
2021-07-13,000529,5.43,5.43,5.44,5.38,14036,7586762.0,1.1,0.0,0.0,0.25
2021-07-14,000529,5.42,5.37,5.42,5.37,12574,6769237.0,0.92,-1.1,-0.06,0.22
2021-07-15,000529,5.39,5.32,5.39,5.29,20262,10800825.0,1.86,-0.93,-0.05,0.36
2021-07-16,000529,5.32,5.3,5.34,5.3,14171,7521344.0,0.75,-0.38,-0.02,0.25
2021-07-19,000529,5.31,5.21,5.31,5.2,16738,8749367.0,2.08,-1.7,-0.09,0.29
2021-07-20,000529,5.2,5.22,5.22,5.19,9096,4732097.0,0.58,0.19,0.01,0.16
2021-07-21,000529,5.22,5.25,5.25,5.21,11454,5991867.0,0.77,0.57,0.03,0.2
2021-07-22,000529,5.24,5.22,5.24,5.19,17463,9088674.0,0.95,-0.57,-0.03,0.31
2021-07-23,000529,5.22,5.12,5.22,5.1,30193,15516787.0,2.3,-1.92,-0.1,0.53
2021-07-26,000529,5.09,5.02,5.11,5.0,20168,10156459.0,2.15,-1.95,-0.1,0.35
2021-07-27,000529,5.05,4.95,5.06,4.95,14734,7375605.0,2.19,-1.39,-0.07,0.26
2021-07-28,000529,4.96,4.86,4.98,4.7,22417,10869204.0,5.66,-1.82,-0.09,0.39
2021-07-29,000529,4.87,4.95,4.98,4.87,11143,5498540.0,2.26,1.85,0.09,0.2
2021-07-30,000529,4.92,5.0,5.0,4.87,14669,7250842.0,2.63,1.01,0.05,0.26
2021-08-02,000529,4.97,5.14,5.17,4.97,23591,12010042.0,4.0,2.8,0.14,0.41
2021-08-03,000529,5.14,5.1,5.14,5.1,13220,6764143.0,0.78,-0.78,-0.04,0.23
2021-08-04,000529,5.1,5.12,5.15,5.09,11677,5973718.0,1.18,0.39,0.02,0.2
2021-08-05,000529,5.11,5.06,5.11,5.04,12949,6555066.0,1.37,-1.17,-0.06,0.23
2021-08-06,000529,5.05,4.98,5.05,4.97,13553,6777212.0,1.58,-1.58,-0.08,0.24
2021-08-09,000529,5.01,5.11,5.13,5.01,20975,10673467.0,2.41,2.61,0.13,0.37
2021-08-10,000529,5.11,5.13,5.15,5.06,16119,8244429.0,1.76,0.39,0.02,0.28
2021-08-11,000529,5.14,5.15,5.19,5.13,14538,7505848.0,1.17,0.39,0.02,0.26
2021-08-12,000529,5.16,5.17,5.19,5.13,13738,7106159.0,1.17,0.39,0.02,0.24
2021-08-13,000529,5.18,5.13,5.18,5.09,14100,7225978.0,1.74,-0.77,-0.04,0.25
2021-08-16,000529,5.13,5.14,5.17,5.12,11496,5924815.0,0.97,0.19,0.01,0.2
2021-08-17,000529,5.17,5.07,5.17,5.06,15370,7872634.0,2.14,-1.36,-0.07,0.27
2021-08-18,000529,5.07,5.08,5.1,5.05,8604,4368546.0,0.99,0.2,0.01,0.15
2021-08-19,000529,5.1,5.08,5.11,5.06,12448,6324972.0,0.98,0.0,0.0,0.22
2021-08-20,000529,5.07,5.02,5.08,5.0,12076,6061610.0,1.57,-1.18,-0.06,0.21
2021-08-23,000529,5.01,5.05,5.11,5.01,13946,7054732.0,1.99,0.6,0.03,0.24
2021-08-24,000529,5.2,5.56,5.56,5.2,103221,56399440.0,7.13,10.1,0.51,1.81
2021-08-25,000529,5.74,5.72,5.97,5.62,227040,130805616.0,6.29,2.88,0.16,3.98
2021-08-26,000529,5.61,5.45,5.63,5.43,122192,67172189.0,3.5,-4.72,-0.27,2.14
2021-08-27,000529,5.43,5.49,5.54,5.35,82866,45182252.0,3.49,0.73,0.04,1.45
2021-08-30,000529,5.45,5.43,5.46,5.39,50077,27129618.0,1.28,-1.09,-0.06,0.88
2021-08-31,000529,5.44,5.51,5.53,5.4,51348,28094212.0,2.39,1.47,0.08,0.9
2021-09-01,000529,5.5,5.61,5.63,5.42,70213,38810732.0,3.81,1.81,0.1,1.23
2021-09-02,000529,5.62,5.53,5.63,5.53,48578,26976360.0,1.78,-1.43,-0.08,0.85
2021-09-03,000529,5.54,5.58,5.58,5.49,51078,28302813.0,1.63,0.9,0.05,0.9
2021-09-06,000529,5.61,5.72,5.74,5.59,78314,44543241.0,2.69,2.51,0.14,1.37
2021-09-07,000529,5.73,5.77,5.89,5.73,72607,42028189.0,2.8,0.87,0.05,1.27
2021-09-08,000529,5.73,5.77,5.83,5.68,63774,36782526.0,2.6,0.0,0.0,1.12
2021-09-09,000529,5.83,5.87,5.9,5.74,64469,37606662.0,2.77,1.73,0.1,1.13
2021-09-10,000529,5.86,5.74,5.92,5.73,59635,34555839.0,3.24,-2.21,-0.13,1.05
2021-09-13,000529,5.74,5.75,5.79,5.68,42749,24499310.0,1.92,0.17,0.01,0.75
2021-09-14,000529,5.75,5.6,5.81,5.59,45093,25614497.0,3.83,-2.61,-0.15,0.79
2021-09-15,000529,5.62,5.63,5.63,5.56,27640,15463140.0,1.25,0.54,0.03,0.49
2021-09-16,000529,5.63,5.86,5.89,5.61,102264,59146042.0,4.97,4.09,0.23,1.79
2021-09-17,000529,5.81,5.75,5.83,5.63,74686,42718774.0,3.41,-1.88,-0.11,1.31
2021-09-22,000529,5.68,5.6,5.7,5.54,57191,31952906.0,2.78,-2.61,-0.15,1.0
2021-09-23,000529,5.64,5.68,5.68,5.57,47915,26929852.0,1.96,1.43,0.08,0.84
2021-09-24,000529,5.65,5.63,5.78,5.58,54537,30915104.0,3.52,-0.88,-0.05,0.96
2021-09-27,000529,5.64,5.75,5.83,5.58,74488,42551297.0,4.44,2.13,0.12,1.31
2021-09-28,000529,5.68,5.66,5.69,5.58,50406,28320802.0,1.91,-1.57,-0.09,0.88
2021-09-29,000529,5.55,5.48,5.6,5.41,41626,22933199.0,3.36,-3.18,-0.18,0.73
2021-09-30,000529,5.48,5.58,5.62,5.48,27200,15138280.0,2.55,1.82,0.1,0.48
2021-10-08,000529,5.58,5.87,5.9,5.58,96498,56165486.0,5.73,5.2,0.29,1.69
2021-10-11,000529,5.87,5.93,6.17,5.85,84073,50133559.0,5.45,1.02,0.06,1.48
2021-10-12,000529,6.0,5.97,6.08,5.88,82185,49186669.0,3.37,0.67,0.04,1.44
2021-10-13,000529,6.01,5.97,6.02,5.81,52604,31098850.0,3.52,0.0,0.0,0.92
2021-10-14,000529,5.95,5.88,6.04,5.87,41836,24790624.0,2.85,-1.51,-0.09,0.73
2021-10-15,000529,5.82,5.91,6.05,5.8,58915,35116275.0,4.25,0.51,0.03,1.03
2021-10-18,000529,5.93,5.92,5.97,5.78,46195,27149880.0,3.21,0.17,0.01,0.81
2021-10-19,000529,5.91,6.15,6.15,5.88,100829,61345338.0,4.56,3.89,0.23,1.77
2021-10-20,000529,6.1,5.98,6.11,5.93,75266,45110699.0,2.93,-2.76,-0.17,1.32
2021-10-21,000529,5.95,5.87,5.98,5.81,57942,33953351.0,2.84,-1.84,-0.11,1.02
2021-10-22,000529,5.81,5.65,5.88,5.63,60364,34510768.0,4.26,-3.75,-0.22,1.06
2021-10-25,000529,5.77,5.67,5.81,5.63,45065,25738112.0,3.19,0.35,0.02,0.79
2021-10-26,000529,5.66,5.64,5.69,5.59,26348,14815900.0,1.76,-0.53,-0.03,0.46
2021-10-27,000529,5.62,5.58,5.74,5.55,38714,21783361.0,3.37,-1.06,-0.06,0.68
2021-10-28,000529,5.58,5.64,5.66,5.56,31851,17873924.0,1.79,1.08,0.06,0.56
2021-10-29,000529,5.65,5.73,5.75,5.62,40925,23301189.0,2.3,1.6,0.09,0.72
2021-11-01,000529,5.73,5.71,5.77,5.57,53528,30396366.0,3.49,-0.35,-0.02,0.94
2021-11-02,000529,5.71,5.69,5.72,5.61,39823,22564468.0,1.93,-0.35,-0.02,0.7
2021-11-03,000529,5.69,5.91,5.99,5.68,113261,66677914.0,5.45,3.87,0.22,1.99
2021-11-04,000529,5.88,5.98,6.05,5.84,104599,62337238.0,3.55,1.18,0.07,1.84
2021-11-05,000529,5.99,5.96,6.09,5.94,75906,45486188.0,2.51,-0.33,-0.02,1.33
2021-11-08,000529,5.97,5.95,6.05,5.9,53063,31544450.0,2.52,-0.17,-0.01,0.93
2021-11-09,000529,5.96,5.9,5.97,5.84,50735,29886328.0,2.18,-0.84,-0.05,0.89
2021-11-10,000529,5.86,5.91,5.93,5.82,48092,28251052.0,1.86,0.17,0.01,0.84
2021-11-11,000529,5.91,5.84,5.96,5.82,53487,31424449.0,2.37,-1.18,-0.07,0.94
2021-11-12,000529,5.85,5.87,5.89,5.8,36405,21317692.0,1.54,0.51,0.03,0.64
2021-11-15,000529,5.89,6.06,6.06,5.87,93942,56276038.0,3.24,3.24,0.19,1.65
2021-11-16,000529,6.07,5.94,6.07,5.94,51697,30942386.0,2.15,-1.98,-0.12,0.91
2021-11-17,000529,5.93,5.9,5.95,5.87,38358,22625124.0,1.35,-0.67,-0.04,0.67
2021-11-18,000529,5.9,5.78,5.9,5.78,54029,31565041.0,2.03,-2.03,-0.12,0.95
2021-11-19,000529,5.78,5.87,5.87,5.74,30197,17577067.0,2.25,1.56,0.09,0.53
2021-11-22,000529,5.86,5.79,5.89,5.76,41793,24252771.0,2.21,-1.36,-0.08,0.73
2021-11-23,000529,5.78,5.77,5.8,5.75,38359,22126824.0,0.86,-0.35,-0.02,0.67
2021-11-24,000529,5.77,5.74,5.78,5.66,57110,32638713.0,2.08,-0.52,-0.03,1.0
2021-11-25,000529,5.74,5.74,5.77,5.69,30848,17672586.0,1.39,0.0,0.0,0.54
2021-11-26,000529,5.74,5.66,5.74,5.65,33982,19305341.0,1.57,-1.39,-0.08,0.6
2021-11-29,000529,5.61,5.67,5.68,5.58,27917,15709226.0,1.77,0.18,0.01,0.49
2021-11-30,000529,5.68,5.69,5.71,5.66,30150,17135567.0,0.88,0.35,0.02,0.53
2021-12-01,000529,5.7,5.72,5.72,5.66,29522,16809997.0,1.05,0.53,0.03,0.52
2021-12-02,000529,5.7,5.67,5.75,5.66,30166,17201480.0,1.57,-0.87,-0.05,0.53
2021-12-03,000529,5.68,5.77,5.78,5.67,28431,16288595.0,1.94,1.76,0.1,0.5
2021-12-06,000529,5.79,5.75,5.83,5.72,37796,21815301.0,1.91,-0.35,-0.02,0.66
2021-12-07,000529,5.78,5.81,5.86,5.73,44738,25919145.0,2.26,1.04,0.06,0.79
2021-12-08,000529,5.81,5.79,5.84,5.76,26527,15354915.0,1.38,-0.34,-0.02,0.47
2021-12-09,000529,5.79,5.77,5.82,5.75,34079,19697658.0,1.21,-0.35,-0.02,0.6
2021-12-10,000529,5.77,5.72,5.78,5.7,37953,21762584.0,1.39,-0.87,-0.05,0.67
2021-12-13,000529,5.75,5.72,5.79,5.71,41439,23793085.0,1.4,0.0,0.0,0.73
2021-12-14,000529,5.7,5.9,5.92,5.67,110261,64543898.0,4.37,3.15,0.18,1.93
2021-12-15,000529,6.06,5.98,6.37,5.94,217696,132920635.0,7.29,1.36,0.08,3.82
2021-12-16,000529,5.94,5.98,6.04,5.87,123439,73397543.0,2.84,0.0,0.0,2.17
2021-12-17,000529,5.97,5.91,6.0,5.91,59683,35501448.0,1.51,-1.17,-0.07,1.05
2021-12-20,000529,5.97,6.03,6.06,5.88,90822,54267690.0,3.05,2.03,0.12,1.59
2021-12-21,000529,6.03,6.06,6.08,5.98,80810,48857559.0,1.66,0.5,0.03,1.42
2021-12-22,000529,6.08,6.2,6.23,6.08,118613,73189312.0,2.48,2.31,0.14,2.08
2021-12-23,000529,6.24,6.19,6.29,6.15,83088,51490485.0,2.26,-0.16,-0.01,1.46
2021-12-24,000529,6.18,6.18,6.23,6.11,73768,45477650.0,1.94,-0.16,-0.01,1.29
2021-12-27,000529,6.18,6.2,6.24,6.12,60194,37281571.0,1.94,0.32,0.02,1.06
2021-12-28,000529,6.21,6.17,6.21,6.09,45788,28115295.0,1.94,-0.48,-0.03,0.8
2021-12-29,000529,6.13,6.08,6.16,6.08,45461,27778524.0,1.3,-1.46,-0.09,0.8
2021-12-30,000529,6.06,6.18,6.21,6.06,52228,32120834.0,2.47,1.64,0.1,0.92
2021-12-31,000529,6.18,6.3,6.3,6.15,66708,41713253.0,2.43,1.94,0.12,1.17
2022-01-04,000529,6.31,6.47,6.53,6.29,102656,66254284.0,3.81,2.7,0.17,1.8
2022-01-05,000529,6.48,6.45,6.54,6.37,90523,58366303.0,2.63,-0.31,-0.02,1.59
2022-01-06,000529,6.45,6.47,6.48,6.38,57035,36720212.0,1.55,0.31,0.02,1.0
2022-01-07,000529,6.45,6.29,6.51,6.27,83027,53033061.0,3.71,-2.78,-0.18,1.46
2022-01-10,000529,6.29,6.38,6.43,6.21,65434,41606656.0,3.5,1.43,0.09,1.15
2022-01-11,000529,6.41,6.32,6.5,6.29,73935,47195903.0,3.29,-0.94,-0.06,1.3
2022-01-12,000529,6.36,6.38,6.41,6.28,71591,45501015.0,2.06,0.95,0.06,1.26
2022-01-13,000529,6.41,6.36,6.5,6.34,54136,34718082.0,2.51,-0.31,-0.02,0.95
2022-01-14,000529,6.38,6.49,6.77,6.35,138259,90352813.0,6.6,2.04,0.13,2.43
2022-01-17,000529,6.52,6.44,6.6,6.41,88827,57591386.0,2.93,-0.77,-0.05,1.56
2022-01-18,000529,6.47,6.33,6.54,6.29,81462,51896519.0,3.88,-1.71,-0.11,1.43
2022-01-19,000529,6.29,6.44,6.5,6.29,70223,45189992.0,3.32,1.74,0.11,1.23
2022-01-20,000529,6.47,6.35,6.52,6.32,56455,36161025.0,3.11,-1.4,-0.09,0.99
2022-01-21,000529,6.31,6.2,6.4,6.14,67017,41693203.0,4.09,-2.36,-0.15,1.18
2022-01-24,000529,6.25,6.06,6.25,6.0,43707,26694367.0,4.03,-2.26,-0.14,0.77
2022-01-25,000529,6.06,5.75,6.14,5.73,54140,31939478.0,6.77,-5.12,-0.31,0.95
2022-01-26,000529,5.75,5.77,5.82,5.71,37534,21637596.0,1.91,0.35,0.02,0.66
2022-01-27,000529,5.81,5.6,5.82,5.59,46077,26173101.0,3.99,-2.95,-0.17,0.81
2022-01-28,000529,5.61,5.66,5.71,5.57,31629,17881599.0,2.5,1.07,0.06,0.55
2022-02-07,000529,5.73,5.9,5.94,5.69,47420,27726526.0,4.42,4.24,0.24,0.83
2022-02-08,000529,5.9,6.09,6.09,5.88,46382,27752981.0,3.56,3.22,0.19,0.81
2022-02-09,000529,6.11,6.45,6.7,6.11,255470,165946326.0,9.69,5.91,0.36,4.48
2022-02-10,000529,6.4,6.59,6.76,6.27,290608,190236631.0,7.6,2.17,0.14,5.1
2022-02-11,000529,6.58,6.47,6.75,6.42,166331,109202345.0,5.01,-1.82,-0.12,2.92
2022-02-14,000529,6.59,6.45,6.6,6.44,88695,57555265.0,2.47,-0.31,-0.02,1.56
2022-02-15,000529,6.48,6.37,6.54,6.34,77562,49747439.0,3.1,-1.24,-0.08,1.36
2022-02-16,000529,6.41,6.36,6.46,6.34,52952,33743304.0,1.88,-0.16,-0.01,0.93
2022-02-17,000529,6.36,6.3,6.43,6.28,81864,51831361.0,2.36,-0.94,-0.06,1.44
2022-02-18,000529,6.26,6.37,6.38,6.26,55006,34821084.0,1.9,1.11,0.07,0.97
2022-02-21,000529,6.33,6.35,6.43,6.3,51823,32867386.0,2.04,-0.31,-0.02,0.91
2022-02-22,000529,6.33,6.29,6.35,6.25,68249,42931163.0,1.57,-0.94,-0.06,1.2
2022-02-23,000529,6.29,6.25,6.34,6.25,55179,34629046.0,1.43,-0.64,-0.04,0.97
2022-02-24,000529,6.22,6.03,6.29,5.95,84697,51785413.0,5.44,-3.52,-0.22,1.49
2022-02-25,000529,6.05,6.11,6.17,6.05,49095,30006221.0,1.99,1.33,0.08,0.86
2022-02-28,000529,6.16,6.01,6.16,5.98,43176,26048956.0,2.95,-1.64,-0.1,0.76
2022-03-01,000529,6.08,6.2,6.2,6.06,59826,36768223.0,2.33,3.16,0.19,1.05
2022-03-02,000529,6.16,6.24,6.29,6.13,53314,33178699.0,2.58,0.65,0.04,0.94
2022-03-03,000529,6.29,6.26,6.29,6.17,39448,24512206.0,1.92,0.32,0.02,0.69
2022-03-04,000529,6.21,6.2,6.26,6.16,38057,23611532.0,1.6,-0.96,-0.06,0.67
2022-03-07,000529,6.17,6.12,6.22,6.09,44244,27168900.0,2.1,-1.29,-0.08,0.78
2022-03-08,000529,6.15,5.9,6.18,5.9,49855,29908542.0,4.58,-3.59,-0.22,0.87
2022-03-09,000529,5.95,5.87,6.02,5.65,61427,35953471.0,6.27,-0.51,-0.03,1.08
2022-03-10,000529,5.97,5.91,6.0,5.89,36043,21404059.0,1.87,0.68,0.04,0.63
2022-03-11,000529,5.83,6.0,6.0,5.75,51806,30479063.0,4.23,1.52,0.09,0.91
2022-03-14,000529,5.93,5.81,5.99,5.8,35669,21108314.0,3.17,-3.17,-0.19,0.63
2022-03-15,000529,5.8,5.47,5.82,5.46,55917,31630757.0,6.2,-5.85,-0.34,0.98
2022-03-16,000529,5.52,5.63,5.65,5.35,44390,24512169.0,5.48,2.93,0.16,0.78
2022-03-17,000529,5.67,5.65,5.75,5.63,38234,21805785.0,2.13,0.36,0.02,0.67
2022-03-18,000529,5.65,5.91,5.94,5.62,61663,35839786.0,5.66,4.6,0.26,1.08
2022-03-21,000529,5.96,5.94,5.97,5.86,36220,21414300.0,1.86,0.51,0.03,0.64
2022-03-22,000529,5.94,5.98,5.99,5.85,46449,27526944.0,2.36,0.67,0.04,0.82
2022-03-23,000529,6.0,5.99,6.0,5.93,33977,20271645.0,1.17,0.17,0.01,0.6
2022-03-24,000529,5.97,5.93,5.98,5.91,29451,17499528.0,1.17,-1.0,-0.06,0.52
2022-03-25,000529,5.94,6.15,6.21,5.92,75309,46137031.0,4.89,3.71,0.22,1.32
2022-03-28,000529,6.13,6.31,6.39,6.09,116587,73017444.0,4.88,2.6,0.16,2.05
2022-03-29,000529,6.33,6.78,6.94,6.29,353675,237516356.0,10.3,7.45,0.47,6.21
2022-03-30,000529,6.73,6.8,6.98,6.66,206616,140791355.0,4.72,0.29,0.02,3.63
2022-03-31,000529,6.79,6.97,7.07,6.74,187878,130665444.0,4.85,2.5,0.17,3.3
2022-04-01,000529,6.96,7.0,7.1,6.81,160486,111405477.0,4.16,0.43,0.03,2.82
2022-04-06,000529,6.99,6.93,7.2,6.9,180210,126679019.0,4.29,-1.0,-0.07,3.16
2022-04-07,000529,6.71,6.39,6.79,6.33,229574,150088606.0,6.64,-7.79,-0.54,4.03
2022-04-08,000529,6.45,6.19,6.47,6.16,131281,81998093.0,4.85,-3.13,-0.2,2.3
2022-04-11,000529,6.25,6.12,6.4,6.08,140922,87741817.0,5.17,-1.13,-0.07,2.47
2022-04-12,000529,6.1,6.3,6.35,6.09,101839,63305016.0,4.25,2.94,0.18,1.79
2022-04-13,000529,6.28,6.38,6.5,6.27,128371,81882277.0,3.65,1.27,0.08,2.25
2022-04-14,000529,6.38,6.41,6.46,6.2,101481,64562756.0,4.08,0.47,0.03,1.78
2022-04-15,000529,6.33,6.36,6.49,6.3,68154,43486344.0,2.96,-0.78,-0.05,1.2
2022-04-18,000529,6.31,6.66,6.67,6.21,155089,101595198.0,7.23,4.72,0.3,2.72
2022-04-19,000529,6.68,6.76,6.82,6.49,175422,117079088.0,4.95,1.5,0.1,3.08
2022-04-20,000529,6.65,6.74,6.87,6.64,150723,102085525.0,3.4,-0.3,-0.02,2.64
2022-04-21,000529,6.69,6.63,6.94,6.55,149905,100724857.0,5.79,-1.63,-0.11,2.63
2022-04-22,000529,6.55,6.54,7.07,6.5,149634,99032732.0,8.6,-1.36,-0.09,2.63
2022-04-25,000529,6.41,5.91,6.49,5.89,157762,97678236.0,9.17,-9.63,-0.63,2.77
2022-04-26,000529,5.95,5.79,6.1,5.77,103592,61282097.0,5.58,-2.03,-0.12,1.82
2022-04-27,000529,5.68,5.75,5.78,5.44,101753,57103138.0,5.87,-0.69,-0.04,1.79
2022-04-28,000529,5.76,5.79,5.99,5.64,98663,57522300.0,6.09,0.7,0.04,1.73
2022-04-29,000529,5.81,5.89,5.98,5.74,94470,55384961.0,4.15,1.73,0.1,1.66
2022-05-05,000529,5.86,5.92,6.04,5.82,82356,48879375.0,3.74,0.51,0.03,1.45
2022-05-06,000529,5.81,5.74,5.82,5.66,67908,38960062.0,2.7,-3.04,-0.18,1.19
2022-05-09,000529,5.76,5.86,5.89,5.71,55176,32224943.0,3.14,2.09,0.12,0.97
2022-05-10,000529,5.83,6.04,6.04,5.8,73011,43092161.0,4.1,3.07,0.18,1.28
2022-05-11,000529,6.08,5.94,6.08,5.94,83970,50383560.0,2.32,-1.66,-0.1,1.47
2022-05-12,000529,5.9,5.98,6.07,5.86,58399,34698095.0,3.54,0.67,0.04,1.02
2022-05-13,000529,6.03,5.97,6.03,5.88,51593,30680668.0,2.51,-0.17,-0.01,0.91
2022-05-16,000529,6.0,6.57,6.57,5.94,125070,78705184.0,10.55,10.05,0.6,2.19
2022-05-17,000529,6.77,6.6,6.85,6.52,396944,265402610.0,5.02,0.46,0.03,6.97
2022-05-18,000529,6.52,6.7,6.73,6.43,251725,165678251.0,4.55,1.52,0.1,4.42
2022-05-19,000529,6.56,6.72,6.81,6.49,216716,144417538.0,4.78,0.3,0.02,3.8
2022-05-20,000529,6.72,6.72,6.87,6.64,175197,117810891.0,3.42,0.0,0.0,3.07
2022-05-23,000529,6.76,6.8,6.98,6.73,177349,121169541.0,3.72,1.19,0.08,3.11
2022-05-24,000529,6.8,6.59,6.86,6.57,166122,110747192.0,4.26,-3.09,-0.21,2.92
2022-05-25,000529,6.59,6.93,6.96,6.59,221482,151424727.0,5.61,5.16,0.34,3.89
2022-05-26,000529,6.86,6.9,6.91,6.74,146134,99718628.0,2.45,-0.43,-0.03,2.56
2022-05-27,000529,6.86,7.08,7.17,6.78,212949,149346352.0,5.65,2.61,0.18,3.74
2022-05-30,000529,7.15,6.98,7.17,6.88,141917,98848416.0,4.1,-1.41,-0.1,2.49
2022-05-31,000529,6.9,7.68,7.68,6.9,148497,109905198.0,11.17,10.03,0.7,2.61
2022-06-01,000529,8.18,7.16,8.18,7.11,568271,430970960.0,13.93,-6.77,-0.52,9.97
2022-06-02,000529,7.16,7.08,7.32,6.93,346046,244714957.0,5.45,-1.12,-0.08,6.07
2022-06-06,000529,7.04,6.92,7.1,6.85,221534,153329780.0,3.53,-2.26,-0.16,3.89
2022-06-07,000529,6.93,6.84,7.05,6.78,180563,124098292.0,3.9,-1.16,-0.08,3.17
2022-06-08,000529,6.79,6.83,6.9,6.65,178472,121319015.0,3.65,-0.15,-0.01,3.13
2022-06-09,000529,6.79,6.69,6.88,6.62,120512,80846077.0,3.81,-2.05,-0.14,2.11
2022-06-10,000529,6.78,6.77,6.9,6.71,174011,118148430.0,2.84,1.2,0.08,3.05
2022-06-13,000529,6.64,6.74,6.89,6.63,138602,93907834.0,3.84,-0.44,-0.03,2.43
2022-06-14,000529,6.67,6.86,6.99,6.66,197471,135364496.0,4.9,1.78,0.12,3.47
2022-06-15,000529,6.85,6.67,6.9,6.67,168623,114511158.0,3.35,-2.77,-0.19,2.96
2022-06-16,000529,6.68,7.01,7.09,6.67,260631,180845830.0,6.3,5.1,0.34,4.57
2022-06-17,000529,6.93,6.79,6.96,6.68,180439,122438524.0,3.99,-3.14,-0.22,3.17
2022-06-20,000529,6.78,6.87,6.89,6.69,117005,79368743.0,2.95,1.18,0.08,2.05
2022-06-21,000529,6.81,6.99,7.1,6.79,164043,114582703.0,4.51,1.75,0.12,2.88
2022-06-22,000529,7.0,6.98,7.11,6.78,174662,121408154.0,4.72,-0.14,-0.01,3.06
2022-06-23,000529,6.94,6.9,6.97,6.8,123173,84447699.0,2.44,-1.15,-0.08,2.16
2022-06-24,000529,6.9,7.1,7.18,6.85,168090,118030366.0,4.78,2.9,0.2,2.95
2022-06-27,000529,7.14,7.27,7.32,7.06,181866,131476874.0,3.66,2.39,0.17,3.19
2022-06-28,000529,7.23,7.21,7.44,7.17,162278,118115732.0,3.71,-0.83,-0.06,2.85
2022-06-29,000529,7.18,7.05,7.24,7.03,108868,77462603.0,2.91,-2.22,-0.16,1.91
2022-06-30,000529,7.09,7.09,7.17,7.02,90393,64187175.0,2.13,0.57,0.04,1.59
2022-07-01,000529,7.09,7.14,7.3,7.0,108622,78068707.0,4.23,0.71,0.05,1.91
2022-07-04,000529,7.14,7.41,7.46,7.14,186052,136190116.0,4.48,3.78,0.27,3.26
2022-07-05,000529,7.28,7.12,7.31,7.03,174229,124855058.0,3.78,-3.91,-0.29,3.06
2022-07-06,000529,7.04,6.8,7.11,6.75,121064,83123884.0,5.06,-4.49,-0.32,2.12
2022-07-07,000529,6.82,7.1,7.25,6.82,188436,133286499.0,6.32,4.41,0.3,3.31
2022-07-08,000529,7.1,7.09,7.19,7.04,89536,63673176.0,2.11,-0.14,-0.01,1.57
2022-07-11,000529,7.06,7.01,7.24,6.93,102192,72323600.0,4.37,-1.13,-0.08,1.79
2022-07-12,000529,7.05,6.94,7.24,6.92,112173,79400712.1,4.56,-1.0,-0.07,1.97
2022-07-13,000529,6.91,6.95,6.98,6.85,64235,44383365.5,1.87,0.14,0.01,1.13
2022-07-14,000529,6.9,6.8,6.94,6.75,90671,61830567.0,2.73,-2.16,-0.15,1.59
2022-07-15,000529,6.78,6.58,6.8,6.56,86578,57656839.3,3.53,-3.24,-0.22,1.52
2022-07-18,000529,6.55,6.74,6.77,6.53,54426,36430145.8,3.65,2.43,0.16,0.96
2022-07-19,000529,6.76,6.82,6.92,6.71,78866,53731975.4,3.12,1.19,0.08,1.38
2022-07-20,000529,6.86,6.8,6.86,6.74,53011,35949696.0,1.76,-0.29,-0.02,0.93
2022-07-21,000529,6.8,6.72,6.81,6.71,55602,37540248.1,1.47,-1.18,-0.08,0.98
2022-07-22,000529,6.71,6.69,6.75,6.63,44379,29683828.0,1.79,-0.45,-0.03,0.78
2022-07-25,000529,6.64,6.63,6.71,6.47,38311,25393650.0,3.59,-0.9,-0.06,0.67
2022-07-26,000529,6.61,6.63,6.65,6.53,47300,31185252.9,1.81,0.0,0.0,0.83
2022-07-27,000529,6.48,6.45,6.53,6.43,51847,33558072.5,1.51,-2.71,-0.18,0.91
2022-07-28,000529,6.48,6.51,6.58,6.48,40683,26541852.8,1.55,0.93,0.06,0.71
2022-07-29,000529,6.53,6.55,6.64,6.49,58127,38190634.0,2.3,0.61,0.04,1.02
2022-08-01,000529,6.55,6.45,6.55,6.39,46784,30163026.0,2.44,-1.53,-0.1,0.82
2022-08-02,000529,6.4,6.14,6.4,6.04,79386,48896281.5,5.58,-4.81,-0.31,1.39
2022-08-03,000529,6.12,6.08,6.25,6.05,50710,31193131.1,3.26,-0.98,-0.06,0.89
2022-08-04,000529,6.11,6.21,6.21,6.07,32748,20141283.3,2.3,2.14,0.13,0.57
2022-08-05,000529,6.2,6.22,6.24,6.14,34354,21274610.0,1.61,0.16,0.01,0.6
2022-08-08,000529,6.22,6.28,6.3,6.18,32701,20453611.0,1.93,0.96,0.06,0.57
2022-08-09,000529,6.25,6.29,6.34,6.22,37431,23538626.0,1.91,0.16,0.01,0.66
2022-08-10,000529,6.31,6.23,6.32,6.19,36107,22516596.4,2.07,-0.95,-0.06,0.63
2022-08-11,000529,6.26,6.33,6.33,6.24,41548,26120529.2,1.44,1.61,0.1,0.73
2022-08-12,000529,6.36,6.33,6.36,6.28,31700,20016776.4,1.26,0.0,0.0,0.56
2022-08-15,000529,6.32,6.42,6.43,6.26,49759,31501377.4,2.69,1.42,0.09,0.87
2022-08-16,000529,6.38,6.45,6.48,6.36,43599,27978483.4,1.87,0.47,0.03,0.77
2022-08-17,000529,6.46,6.45,6.49,6.41,38899,25055556.9,1.24,0.0,0.0,0.68
2022-08-18,000529,6.42,6.35,6.45,6.33,39174,24916589.0,1.86,-1.55,-0.1,0.69
2022-08-19,000529,6.37,6.44,6.53,6.35,73818,47690978.5,2.83,1.42,0.09,1.3
2022-08-22,000529,6.48,6.46,6.51,6.39,47946,30991597.8,1.86,0.31,0.02,0.84
2022-08-23,000529,6.43,6.54,6.56,6.42,57114,37194996.2,2.17,1.24,0.08,1.0
2022-08-24,000529,6.53,6.47,6.65,6.45,69033,45133186.0,3.06,-1.07,-0.07,1.21
2022-08-25,000529,6.48,6.57,6.62,6.43,69027,45134554.6,2.94,1.55,0.1,1.21
2022-08-26,000529,6.58,6.68,6.69,6.53,80129,53189014.4,2.44,1.67,0.11,1.41
2022-08-29,000529,6.62,6.76,6.78,6.59,88571,59355899.0,2.84,1.2,0.08,1.55
2022-08-30,000529,6.76,6.87,6.88,6.71,98263,66848968.7,2.51,1.63,0.11,1.72
2022-08-31,000529,6.71,6.59,6.72,6.52,134539,88965777.9,2.91,-4.08,-0.28,2.36
2022-09-01,000529,6.6,6.66,6.8,6.6,90046,60198407.0,3.03,1.06,0.07,1.58
2022-09-02,000529,6.68,6.72,6.74,6.63,78009,52249832.0,1.65,0.9,0.06,1.37
2022-09-05,000529,6.72,6.72,6.77,6.64,63279,42388126.3,1.93,0.0,0.0,1.11
2022-09-06,000529,6.8,6.76,6.8,6.67,57743,38841435.4,1.93,0.6,0.04,1.01
2022-09-07,000529,6.73,6.61,6.74,6.57,67508,44737980.8,2.51,-2.22,-0.15,1.18
2022-09-08,000529,6.61,6.59,6.65,6.55,49250,32466894.5,1.51,-0.3,-0.02,0.86
2022-09-09,000529,6.58,6.52,6.59,6.48,44495,29008215.0,1.67,-1.06,-0.07,0.78
2022-09-13,000529,6.52,6.58,6.65,6.49,51481,33862825.4,2.45,0.92,0.06,0.9
2022-09-14,000529,6.51,6.37,6.53,6.32,61185,39056958.8,3.19,-3.19,-0.21,1.07
2022-09-15,000529,6.42,6.23,6.42,6.14,42695,26750213.7,4.4,-2.2,-0.14,0.75
2022-09-16,000529,6.25,6.19,6.35,6.19,52615,33054575.8,2.57,-0.64,-0.04,0.92
2022-09-19,000529,6.18,6.13,6.21,6.08,28509,17479897.0,2.1,-0.97,-0.06,0.5
2022-09-20,000529,6.17,6.17,6.21,6.12,29673,18268965.6,1.47,0.65,0.04,0.52
2022-09-21,000529,6.15,6.17,6.2,6.04,35327,21597696.0,2.59,0.0,0.0,0.62
2022-09-22,000529,6.13,6.07,6.18,6.07,34749,21233604.0,1.78,-1.62,-0.1,0.61
2022-09-23,000529,6.07,5.95,6.14,5.94,44868,27010524.8,3.29,-1.98,-0.12,0.79
2022-09-26,000529,5.91,5.91,6.05,5.9,42466,25367659.8,2.52,-0.67,-0.04,0.75
2022-09-27,000529,5.91,6.26,6.35,5.88,84323,51759351.2,7.95,5.92,0.35,1.48
2022-09-28,000529,6.18,6.14,6.28,6.06,48112,29745608.8,3.51,-1.92,-0.12,0.84
2022-09-29,000529,6.17,6.0,6.22,5.93,37309,22652476.0,4.72,-2.28,-0.14,0.65
2022-09-30,000529,5.96,5.98,6.05,5.93,32541,19454613.5,2.0,-0.33,-0.02,0.57
2022-10-10,000529,6.1,6.2,6.37,6.09,101657,63286245.4,4.68,3.68,0.22,1.78
2022-10-11,000529,6.16,6.15,6.21,6.01,66142,40469328.8,3.23,-0.81,-0.05,1.16
2022-10-12,000529,6.15,6.31,6.33,6.14,89165,55782012.8,3.09,2.6,0.16,1.56
2022-10-13,000529,6.27,6.45,6.49,6.23,94079,60030138.0,4.12,2.22,0.14,1.65
2022-10-14,000529,6.42,6.44,6.48,6.39,59957,38653288.1,1.4,-0.16,-0.01,1.05
2022-10-17,000529,6.4,6.51,6.51,6.36,54981,35490700.6,2.33,1.09,0.07,0.96
2022-10-18,000529,6.52,6.86,7.16,6.48,370548,257895962.4,10.45,5.38,0.35,6.5
2022-10-19,000529,6.77,6.65,7.1,6.58,295845,200266412.0,7.58,-3.06,-0.21,5.19
2022-10-20,000529,6.64,6.44,6.67,6.44,142866,93221914.8,3.46,-3.16,-0.21,2.51
2022-10-21,000529,6.46,6.33,6.51,6.29,104113,66663178.9,3.42,-1.71,-0.11,1.83
2022-10-24,000529,6.34,6.06,6.4,6.04,121669,75529466.5,5.69,-4.27,-0.27,2.13
2022-10-25,000529,6.05,6.06,6.1,5.98,61910,37383321.1,1.98,0.0,0.0,1.09
2022-10-26,000529,6.07,6.15,6.19,6.06,71445,43796322.2,2.15,1.49,0.09,1.25
2022-10-27,000529,6.14,6.45,6.49,6.12,141552,89979964.1,6.02,4.88,0.3,2.48
2022-10-28,000529,6.5,6.65,6.81,6.45,410520,275040291.1,5.58,3.1,0.2,7.2
2022-10-31,000529,6.65,6.79,6.85,6.61,225227,151944601.9,3.61,2.11,0.14,3.95
2022-11-01,000529,6.79,7.0,7.02,6.73,205777,142575788.9,4.27,3.09,0.21,3.61
2022-11-02,000529,6.99,6.97,7.03,6.89,132470,92296220.4,2.0,-0.43,-0.03,2.32
2022-11-03,000529,6.97,7.02,7.05,6.9,103132,71987965.8,2.15,0.72,0.05,1.81
2022-11-04,000529,7.0,7.01,7.05,6.93,84110,58769775.2,1.71,-0.14,-0.01,1.48
2022-11-07,000529,7.02,7.1,7.16,6.99,98478,69869890.5,2.43,1.28,0.09,1.73
2022-11-08,000529,7.15,7.06,7.21,7.01,77327,54827154.1,2.82,-0.56,-0.04,1.36
2022-11-09,000529,7.06,7.03,7.13,7.02,60181,42560312.4,1.56,-0.42,-0.03,1.06
2022-11-10,000529,6.97,7.06,7.11,6.96,69221,48847450.9,2.13,0.43,0.03,1.21
2022-11-11,000529,7.18,7.04,7.23,7.03,87875,62365507.4,2.83,-0.28,-0.02,1.54
2022-11-14,000529,7.05,7.1,7.23,7.0,96852,68997640.8,3.27,0.85,0.06,1.7
2022-11-15,000529,7.12,7.09,7.15,7.04,69787,49347815.8,1.55,-0.14,-0.01,1.22
2022-11-16,000529,7.09,7.11,7.17,7.08,64218,45778151.7,1.27,0.28,0.02,1.13
2022-11-17,000529,7.1,7.21,7.28,7.07,155039,111485442.8,2.95,1.41,0.1,2.72
2022-11-18,000529,7.21,7.12,7.35,7.09,111389,79975132.5,3.61,-1.25,-0.09,1.95
2022-11-21,000529,7.13,7.06,7.13,6.95,74224,52344725.0,2.53,-0.84,-0.06,1.3
2022-11-22,000529,7.06,7.0,7.14,6.97,71048,49952709.6,2.41,-0.85,-0.06,1.25
2022-11-23,000529,6.99,6.96,7.05,6.88,70236,48881001.0,2.43,-0.57,-0.04,1.23
2022-11-24,000529,6.98,6.95,7.08,6.92,50732,35438781.5,2.3,-0.14,-0.01,0.89
2022-11-25,000529,6.91,6.94,7.01,6.9,45117,31382120.0,1.58,-0.14,-0.01,0.79
2022-11-28,000529,6.89,7.1,7.13,6.83,99241,69657784.0,4.32,2.31,0.16,1.74
2022-11-29,000529,7.1,7.15,7.18,7.05,85896,61251152.4,1.83,0.7,0.05,1.51
2022-11-30,000529,7.17,7.15,7.26,7.08,100167,71923902.3,2.52,0.0,0.0,1.76
2022-12-01,000529,7.23,7.34,7.35,7.19,124371,90496594.3,2.24,2.66,0.19,2.18
2022-12-02,000529,7.3,7.27,7.38,7.22,83573,60760378.5,2.18,-0.95,-0.07,1.47
2022-12-05,000529,7.26,7.28,7.38,7.26,75163,54794817.2,1.65,0.14,0.01,1.32
2022-12-06,000529,7.26,7.2,7.33,7.16,90640,65480287.9,2.34,-1.1,-0.08,1.59
2022-12-07,000529,7.16,7.33,7.34,7.16,116129,84575946.5,2.5,1.81,0.13,2.04
2022-12-08,000529,7.31,7.14,7.35,7.1,94999,68212397.0,3.41,-2.59,-0.19,1.67
2022-12-09,000529,7.18,7.24,7.24,7.0,86675,61718353.0,3.36,1.4,0.1,1.52
2022-12-12,000529,7.19,6.94,7.19,6.91,109373,76558490.6,3.87,-4.14,-0.3,1.92
2022-12-13,000529,6.99,7.63,7.63,6.98,489883,367751608.1,9.37,9.94,0.69,8.6
2022-12-14,000529,7.41,7.33,7.47,7.21,428875,313582954.4,3.41,-3.93,-0.3,7.53
2022-12-15,000529,7.32,7.15,7.41,7.1,213673,153573703.2,4.23,-2.46,-0.18,3.75
2022-12-16,000529,7.14,7.03,7.14,6.96,149315,105093400.4,2.52,-1.68,-0.12,2.62
2022-12-19,000529,7.04,6.83,7.09,6.81,162263,111842433.7,3.98,-2.84,-0.2,2.85
2022-12-20,000529,6.89,6.77,6.9,6.74,94505,64251580.1,2.34,-0.88,-0.06,1.66
2022-12-21,000529,6.77,6.96,7.11,6.73,191912,133638858.0,5.61,2.81,0.19,3.37
2022-12-22,000529,6.99,7.66,7.66,6.99,363835,271635686.0,9.63,10.06,0.7,6.38
2022-12-23,000529,8.0,8.43,8.43,7.7,392730,321801758.4,9.53,10.05,0.77,6.89
2022-12-26,000529,9.15,9.27,9.27,8.93,257767,236798328.9,4.03,9.96,0.84,4.52
2022-12-27,000529,10.15,10.0,10.2,8.53,1313059,1245080495.2,18.02,7.87,0.73,23.04
2022-12-28,000529,9.1,9.0,9.37,9.0,742240,672297949.2,3.7,-10.0,-1.0,13.02
2022-12-29,000529,8.37,8.18,8.74,8.18,773089,655462271.6,6.22,-9.11,-0.82,13.57
2022-12-30,000529,8.39,8.77,8.93,8.11,791334,674215794.0,10.02,7.21,0.59,13.89
2023-01-03,000529,8.58,8.64,8.88,8.41,595403,514324849.6,5.36,-1.48,-0.13,10.45
2023-01-04,000529,8.54,8.96,9.1,8.46,708514,629215760.2,7.41,3.7,0.32,12.43
2023-01-05,000529,8.83,8.5,8.87,8.32,555296,473758063.1,6.14,-5.13,-0.46,9.74
2023-01-06,000529,8.4,8.42,8.5,8.23,334950,280822572.1,3.18,-0.94,-0.08,5.88
2023-01-09,000529,8.3,8.37,8.53,8.16,338844,282406299.1,4.39,-0.59,-0.05,5.95
2023-01-10,000529,8.27,8.41,8.43,8.18,289084,239924948.1,2.99,0.48,0.04,5.07
2023-01-11,000529,8.37,8.04,8.37,8.02,311476,254871422.5,4.16,-4.4,-0.37,5.47
2023-01-12,000529,8.0,8.04,8.26,8.0,230927,187045556.9,3.23,0.0,0.0,4.05
2023-01-13,000529,8.19,8.47,8.52,8.12,533350,445843864.7,4.98,5.35,0.43,9.36
2023-01-16,000529,8.31,8.7,8.93,8.25,521020,443989251.4,8.03,2.72,0.23,9.14
2023-01-17,000529,8.52,8.4,8.66,8.35,310714,263126131.4,3.56,-3.45,-0.3,5.45
2023-01-18,000529,8.37,8.12,8.37,8.1,252602,206807650.0,3.21,-3.33,-0.28,4.43
2023-01-19,000529,8.09,8.08,8.18,8.06,172376,139537565.2,1.48,-0.49,-0.04,3.02
2023-01-20,000529,8.09,8.11,8.15,8.07,135766,110034029.0,0.99,0.37,0.03,2.38
2023-01-30,000529,8.19,8.33,8.42,8.11,262920,216638536.0,3.82,2.71,0.22,4.61
2023-01-31,000529,8.25,8.34,8.4,8.22,183099,152145237.2,2.16,0.12,0.01,3.21
2023-02-01,000529,8.31,8.4,8.4,8.25,205678,171665968.4,1.8,0.72,0.06,3.61
2023-02-02,000529,8.4,8.55,8.58,8.33,315831,267523914.3,2.98,1.79,0.15,5.54
2023-02-03,000529,8.57,8.51,8.66,8.41,273827,233390754.0,2.92,-0.47,-0.04,4.8
2023-02-06,000529,8.43,8.32,8.45,8.26,164391,136953460.0,2.23,-2.23,-0.19,2.88
2023-02-07,000529,8.33,8.48,8.61,8.32,237641,201999305.3,3.49,1.92,0.16,4.17
2023-02-08,000529,8.46,8.2,8.51,8.19,228503,189070770.7,3.77,-3.3,-0.28,4.01
2023-02-09,000529,8.17,8.24,8.25,8.13,123038,101112146.4,1.46,0.49,0.04,2.16
2023-02-10,000529,8.24,8.24,8.31,8.2,112370,92739867.7,1.33,0.0,0.0,1.97
2023-02-13,000529,8.24,8.3,8.36,8.21,139332,115098171.2,1.82,0.73,0.06,2.44
2023-02-14,000529,8.36,8.28,8.47,8.26,158107,131838493.4,2.53,-0.24,-0.02,2.77
2023-02-15,000529,8.29,8.34,8.42,8.27,160549,133883427.5,1.81,0.72,0.06,2.82
2023-02-16,000529,8.37,8.66,8.98,8.32,572034,495160398.1,7.91,3.84,0.32,10.04
2023-02-17,000529,8.68,9.15,9.27,8.6,632556,570374524.0,7.74,5.66,0.49,11.1
2023-02-20,000529,9.16,8.95,9.18,8.67,410564,363297855.3,5.57,-2.19,-0.2,7.2
2023-02-21,000529,8.91,8.83,8.93,8.74,274979,241927091.4,2.12,-1.34,-0.12,4.83
2023-02-22,000529,8.75,8.8,8.82,8.66,163195,142872355.9,1.81,-0.34,-0.03,2.86
2023-02-23,000529,8.78,8.69,8.86,8.68,171551,150185161.1,2.05,-1.25,-0.11,3.01
2023-02-24,000529,8.71,8.75,8.85,8.67,148384,130102445.2,2.07,0.69,0.06,2.6
2023-02-27,000529,8.79,8.42,8.88,8.4,231501,198446456.4,5.49,-3.77,-0.33,4.06
2023-02-28,000529,8.41,8.44,8.47,8.28,134356,112484282.4,2.26,0.24,0.02,2.36
2023-03-01,000529,8.41,8.45,8.46,8.34,113093,95008169.9,1.42,0.12,0.01,1.98
2023-03-02,000529,8.46,8.43,8.46,8.37,101665,85417206.8,1.07,-0.24,-0.02,1.78
2023-03-03,000529,8.45,8.4,8.48,8.32,107402,90158313.7,1.9,-0.36,-0.03,1.88
2023-03-06,000529,8.43,8.75,8.75,8.35,290503,250297082.9,4.76,4.17,0.35,5.1
2023-03-07,000529,8.75,8.41,8.75,8.4,201817,172449021.8,4.0,-3.89,-0.34,3.54
2023-03-08,000529,8.38,8.36,8.44,8.31,102331,85529465.9,1.55,-0.59,-0.05,1.8
2023-03-09,000529,8.35,8.29,8.38,8.26,79739,66256840.8,1.44,-0.84,-0.07,1.4
2023-03-10,000529,8.26,8.04,8.3,8.02,122230,99214106.6,3.38,-3.02,-0.25,2.14
2023-03-13,000529,8.02,7.98,8.03,7.8,111027,87913356.4,2.86,-0.75,-0.06,1.95
2023-03-14,000529,7.98,8.06,8.18,7.96,110984,89775683.3,2.76,1.0,0.08,1.95
2023-03-15,000529,8.07,8.13,8.17,8.05,74789,60558953.2,1.49,0.87,0.07,1.31
2023-03-16,000529,8.05,7.88,8.05,7.88,77358,61427515.9,2.09,-3.08,-0.25,1.36
2023-03-17,000529,7.94,7.88,7.97,7.85,72440,57343568.0,1.52,0.0,0.0,1.27
2023-03-20,000529,7.94,8.06,8.17,7.73,144399,115134170.9,5.58,2.28,0.18,2.53
2023-03-21,000529,8.01,8.08,8.09,7.99,66193,53275814.0,1.24,0.25,0.02,1.16
2023-03-22,000529,8.07,8.14,8.15,8.02,74123,60137249.0,1.61,0.74,0.06,1.3
2023-03-23,000529,8.1,8.04,8.11,8.0,74297,59783729.6,1.35,-1.23,-0.1,1.3
2023-03-24,000529,8.06,8.05,8.11,8.01,60165,48482918.3,1.24,0.12,0.01,1.06
2023-03-27,000529,8.05,8.1,8.1,7.91,84026,67275192.1,2.36,0.62,0.05,1.47
2023-03-28,000529,8.11,8.13,8.24,8.04,116892,95369992.9,2.47,0.37,0.03,2.05
2023-03-29,000529,8.13,7.93,8.17,7.91,94864,75757327.0,3.2,-2.46,-0.2,1.66
2023-03-30,000529,7.95,7.96,8.02,7.83,76976,60935291.5,2.4,0.38,0.03,1.35
2023-03-31,000529,7.96,8.16,8.25,7.96,141895,115854263.5,3.64,2.51,0.2,2.49
2023-04-03,000529,8.09,8.26,8.32,8.09,117657,96825003.8,2.82,1.23,0.1,2.06
2023-04-04,000529,8.26,8.19,8.41,8.16,124740,103309725.7,3.03,-0.85,-0.07,2.19
2023-04-06,000529,8.13,7.98,8.19,7.93,109939,88101313.9,3.17,-2.56,-0.21,1.93
2023-04-07,000529,7.99,7.95,8.01,7.9,73530,58379225.8,1.38,-0.38,-0.03,1.29
2023-04-10,000529,7.95,7.84,8.0,7.81,79652,62784640.0,2.39,-1.38,-0.11,1.4
2023-04-11,000529,7.82,7.88,7.92,7.74,59451,46650418.5,2.3,0.51,0.04,1.04
2023-04-12,000529,7.89,8.09,8.1,7.87,114904,92016735.0,2.92,2.66,0.21,2.02
2023-04-13,000529,8.09,8.27,8.35,8.05,181406,149576289.2,3.71,2.22,0.18,3.18
2023-04-14,000529,8.24,7.98,8.25,7.95,158292,127538735.9,3.63,-3.51,-0.29,2.78
2023-04-17,000529,7.94,7.99,7.99,7.85,103075,81591691.5,1.75,0.13,0.01,1.81
2023-04-18,000529,7.96,7.89,7.98,7.87,60982,48247408.5,1.38,-1.25,-0.1,1.07
2023-04-19,000529,7.88,7.92,8.01,7.87,72824,57832696.0,1.77,0.38,0.03,1.28
2023-04-20,000529,7.91,8.05,8.06,7.85,93046,73988121.3,2.65,1.64,0.13,1.63
2023-04-21,000529,8.03,7.8,8.15,7.79,104808,83198985.1,4.47,-3.11,-0.25,1.84
2023-04-24,000529,7.78,7.91,7.97,7.66,88541,69449881.4,3.97,1.41,0.11,1.55
2023-04-25,000529,7.91,7.89,7.97,7.69,84159,65835240.2,3.54,-0.25,-0.02,1.48
2023-04-26,000529,7.85,8.05,8.1,7.79,97288,77656120.5,3.93,2.03,0.16,1.71
2023-04-27,000529,8.07,8.06,8.2,7.96,133695,107945436.8,2.98,0.12,0.01,2.35
2023-04-28,000529,7.68,7.26,7.68,7.25,341753,249236017.5,5.33,-9.93,-0.8,6.0
2023-05-04,000529,7.11,7.34,7.34,7.07,204866,147281472.2,3.72,1.1,0.08,3.59
2023-05-05,000529,7.49,7.21,7.6,7.14,157151,114837119.9,6.27,-1.77,-0.13,2.76
2023-05-08,000529,7.1,7.03,7.17,7.02,130581,92245066.5,2.08,-2.5,-0.18,2.29
2023-05-09,000529,7.03,6.93,7.04,6.92,96174,67080250.1,1.71,-1.42,-0.1,1.69
2023-05-10,000529,6.94,6.88,6.97,6.82,70812,48723947.6,2.16,-0.72,-0.05,1.24
2023-05-11,000529,6.87,7.02,7.07,6.83,89812,62794127.0,3.49,2.03,0.14,1.58
2023-05-12,000529,6.98,6.89,7.02,6.88,61091,42360760.0,1.99,-1.85,-0.13,1.07
2023-05-15,000529,6.91,6.89,6.91,6.74,60529,41348632.9,2.47,0.0,0.0,1.06
2023-05-16,000529,6.9,6.79,6.91,6.77,49004,33530004.9,2.03,-1.45,-0.1,0.86
2023-05-17,000529,6.75,6.84,6.84,6.72,37573,25493809.6,1.77,0.74,0.05,0.66
2023-05-18,000529,6.83,6.79,6.87,6.77,47781,32572697.8,1.46,-0.73,-0.05,0.84
2023-05-19,000529,6.79,6.83,6.84,6.71,43574,29583410.0,1.91,0.59,0.04,0.76
2023-05-22,000529,6.82,6.89,6.89,6.79,45418,31084697.0,1.46,0.88,0.06,0.8
2023-05-23,000529,6.9,6.8,6.9,6.8,38068,26047435.0,1.45,-1.31,-0.09,0.67
2023-05-24,000529,6.77,6.74,6.78,6.68,38514,25913276.2,1.47,-0.88,-0.06,0.68
2023-05-25,000529,6.7,6.62,6.73,6.52,78720,51972836.0,3.12,-1.78,-0.12,1.38
2023-05-26,000529,6.58,6.58,6.63,6.48,45245,29627684.0,2.27,-0.6,-0.04,0.79
2023-05-29,000529,6.6,6.51,6.62,6.46,43854,28575670.2,2.43,-1.06,-0.07,0.77
2023-05-30,000529,6.49,6.54,6.55,6.42,36127,23453493.6,2.0,0.46,0.03,0.63
2023-05-31,000529,6.52,6.53,6.56,6.5,26781,17489682.3,0.92,-0.15,-0.01,0.47
2023-06-01,000529,6.55,6.69,6.74,6.49,66583,44195317.9,3.83,2.45,0.16,1.17
2023-06-02,000529,6.68,6.72,6.73,6.66,36233,24306046.7,1.05,0.45,0.03,0.64
2023-06-05,000529,6.68,6.75,6.77,6.65,38975,26239606.2,1.79,0.45,0.03,0.68
2023-06-06,000529,6.74,6.62,6.76,6.6,37994,25354697.4,2.37,-1.93,-0.13,0.67
2023-06-07,000529,6.61,6.67,6.7,6.6,36027,23999434.0,1.51,0.76,0.05,0.63
2023-06-08,000529,6.66,6.73,6.86,6.62,63464,42867488.4,3.6,0.9,0.06,1.11
2023-06-09,000529,6.71,6.77,6.8,6.68,58355,39447845.5,1.78,0.59,0.04,1.02
2023-06-12,000529,6.75,6.76,6.79,6.66,44456,29891996.0,1.92,-0.15,-0.01,0.78
2023-06-13,000529,6.74,6.74,6.81,6.72,36235,24486756.1,1.33,-0.3,-0.02,0.64
2023-06-14,000529,6.74,6.76,6.83,6.72,42706,28876102.6,1.63,0.3,0.02,0.75
2023-06-15,000529,6.76,6.68,6.76,6.64,41603,27777852.0,1.78,-1.18,-0.08,0.73
2023-06-16,000529,6.68,6.77,6.79,6.64,48979,33057378.0,2.25,1.35,0.09,0.86
2023-06-19,000529,6.75,6.67,6.81,6.67,42657,28736732.8,2.07,-1.48,-0.1,0.75
2023-06-20,000529,6.67,6.54,6.69,6.52,46888,30850089.0,2.55,-1.95,-0.13,0.82
2023-06-21,000529,6.54,6.39,6.57,6.38,51047,32915702.9,2.91,-2.29,-0.15,0.9
2023-06-26,000529,6.39,6.25,6.4,6.23,41985,26397880.9,2.66,-2.19,-0.14,0.74
2023-06-27,000529,6.27,6.43,6.43,6.27,36316,23212117.9,2.56,2.88,0.18,0.64
2023-06-28,000529,6.44,6.39,6.44,6.29,33882,21542138.2,2.33,-0.62,-0.04,0.59
2023-06-29,000529,6.25,6.27,6.35,6.24,36944,23229020.7,1.72,-1.88,-0.12,0.65
2023-06-30,000529,6.25,6.36,6.38,6.25,41217,26119328.6,2.07,1.44,0.09,0.72
2023-07-03,000529,6.4,6.38,6.41,6.32,36113,22979779.7,1.42,0.31,0.02,0.63
2023-07-04,000529,6.41,6.36,6.41,6.33,35144,22318912.6,1.25,-0.31,-0.02,0.62
2023-07-05,000529,6.38,6.33,6.38,6.31,30581,19383908.6,1.1,-0.47,-0.03,0.54
2023-07-06,000529,6.33,6.37,6.47,6.32,42162,26874778.8,2.37,0.63,0.04,0.74
2023-07-07,000529,6.33,6.4,6.5,6.28,50566,32359063.0,3.45,0.47,0.03,0.89
2023-07-10,000529,6.43,6.43,6.48,6.4,30313,19508743.5,1.25,0.47,0.03,0.53
2023-07-11,000529,6.44,6.46,6.46,6.4,27125,17463203.7,0.93,0.47,0.03,0.48
2023-07-12,000529,6.47,6.38,6.48,6.37,38729,24887296.3,1.7,-1.24,-0.08,0.68
2023-07-13,000529,6.38,6.48,6.49,6.38,45780,29524940.2,1.72,1.57,0.1,0.8
2023-07-14,000529,6.48,6.42,6.48,6.38,35093,22547281.4,1.54,-0.93,-0.06,0.62
2023-07-17,000529,6.4,6.41,6.44,6.32,28192,18015323.6,1.87,-0.16,-0.01,0.49
2023-07-18,000529,6.43,6.44,6.48,6.37,31814,20466112.6,1.72,0.47,0.03,0.56
2023-07-19,000529,6.43,6.48,6.49,6.43,31778,20539547.2,0.93,0.62,0.04,0.56
2023-07-20,000529,6.48,6.44,6.5,6.42,33114,21396572.8,1.23,-0.62,-0.04,0.58
2023-07-21,000529,6.42,6.53,6.54,6.41,58773,38265581.0,2.02,1.4,0.09,1.03
2023-07-24,000529,6.52,6.52,6.57,6.46,48036,31237809.4,1.68,-0.15,-0.01,0.84
2023-07-25,000529,6.53,6.57,6.57,6.51,43582,28509882.0,0.92,0.77,0.05,0.76
2023-07-26,000529,6.57,6.57,6.59,6.54,34115,22395831.0,0.76,0.0,0.0,0.6
2023-07-27,000529,6.55,6.57,6.62,6.55,42944,28299586.2,1.07,0.0,0.0,0.75
2023-07-28,000529,6.59,6.7,6.7,6.56,57452,38090632.4,2.13,1.98,0.13,1.01
2023-07-31,000529,6.7,6.83,6.83,6.67,101859,68871731.8,2.39,1.94,0.13,1.79
2023-08-01,000529,6.82,6.76,6.86,6.71,67107,45410528.8,2.2,-1.02,-0.07,1.18
2023-08-02,000529,6.76,6.71,6.78,6.68,59758,40113393.3,1.48,-0.74,-0.05,1.05
2023-08-03,000529,6.71,6.83,6.84,6.66,66871,45352457.7,2.68,1.79,0.12,1.17
2023-08-04,000529,6.84,6.71,6.86,6.7,61200,41422787.0,2.34,-1.76,-0.12,1.07
2023-08-07,000529,6.73,6.73,6.79,6.71,45463,30650949.0,1.19,0.3,0.02,0.8
2023-08-08,000529,6.72,6.81,6.84,6.66,64798,43787737.8,2.67,1.19,0.08,1.14
2023-08-09,000529,6.78,6.68,6.82,6.66,47067,31651306.6,2.35,-1.91,-0.13,0.83
2023-08-10,000529,6.67,6.74,6.78,6.67,33935,22806363.7,1.65,0.9,0.06,0.6
2023-08-11,000529,6.74,6.74,6.78,6.67,51391,34543809.7,1.63,0.0,0.0,0.9
2023-08-14,000529,6.68,6.82,6.82,6.64,68660,46422283.8,2.67,1.19,0.08,1.2
2023-08-15,000529,6.8,6.74,6.81,6.68,50986,34359597.0,1.91,-1.17,-0.08,0.89
2023-08-16,000529,6.7,6.65,6.72,6.65,33328,22249028.0,1.04,-1.34,-0.09,0.58
2023-08-17,000529,6.62,6.69,6.69,6.55,34078,22549423.6,2.11,0.6,0.04,0.6
2023-08-18,000529,6.7,6.56,6.71,6.56,42131,27897854.9,2.24,-1.94,-0.13,0.74
2023-08-21,000529,6.55,6.45,6.6,6.45,35797,23331735.8,2.29,-1.68,-0.11,0.63
2023-08-22,000529,6.47,6.49,6.52,6.36,37134,23917529.0,2.48,0.62,0.04,0.65
2023-08-23,000529,6.49,6.54,6.6,6.45,45423,29695208.4,2.31,0.77,0.05,0.8
2023-08-24,000529,6.57,6.66,6.69,6.46,46433,30653811.6,3.52,1.83,0.12,0.81
2023-08-25,000529,6.66,6.74,6.96,6.66,122756,83550504.5,4.5,1.2,0.08,2.15
2023-08-28,000529,7.0,6.88,7.05,6.82,163947,113759848.9,3.41,2.08,0.14,2.88
2023-08-29,000529,6.84,7.07,7.07,6.83,148000,103363354.7,3.49,2.76,0.19,2.6
2023-08-30,000529,7.05,7.01,7.1,6.96,85712,60104567.4,1.98,-0.85,-0.06,1.5
2023-08-31,000529,6.98,7.01,7.04,6.92,61351,42894112.8,1.71,0.0,0.0,1.08
2023-09-01,000529,6.98,7.14,7.18,6.98,100730,71457136.1,2.85,1.85,0.13,1.77
2023-09-04,000529,7.15,7.12,7.23,7.06,87174,61957737.0,2.38,-0.28,-0.02,1.53
2023-09-05,000529,7.11,7.03,7.11,6.99,69087,48542081.0,1.69,-1.26,-0.09,1.21
2023-09-06,000529,7.03,6.99,7.05,6.96,50057,34940967.0,1.28,-0.57,-0.04,0.88
2023-09-07,000529,6.97,6.87,7.0,6.85,60459,41801590.3,2.15,-1.72,-0.12,1.06
2023-09-08,000529,6.85,6.8,6.9,6.78,57619,39256328.2,1.75,-1.02,-0.07,1.01
2023-09-11,000529,6.81,6.78,6.81,6.69,94737,63860661.8,1.76,-0.29,-0.02,1.66
2023-09-12,000529,6.75,6.85,6.88,6.73,74963,51202172.1,2.21,1.03,0.07,1.32
2023-09-13,000529,6.83,6.67,6.85,6.64,69430,46479581.9,3.07,-2.63,-0.18,1.22
2023-09-14,000529,6.72,6.57,6.73,6.54,48559,32054206.6,2.85,-1.5,-0.1,0.85
2023-09-15,000529,6.58,6.61,6.67,6.56,39871,26396569.3,1.67,0.61,0.04,0.7
2023-09-18,000529,6.61,6.74,6.75,6.53,53018,35357253.2,3.33,1.97,0.13,0.93
2023-09-19,000529,6.73,6.77,6.85,6.68,57344,38883208.3,2.52,0.45,0.03,1.01
2023-09-20,000529,6.72,6.76,6.87,6.7,35989,24468724.3,2.51,-0.15,-0.01,0.63
2023-09-21,000529,6.76,6.65,6.77,6.63,44805,29903741.2,2.07,-1.63,-0.11,0.79
2023-09-22,000529,6.62,6.71,6.74,6.61,37049,24817215.9,1.95,0.9,0.06,0.65
2023-09-25,000529,6.69,6.69,6.76,6.67,27691,18566117.0,1.34,-0.3,-0.02,0.49
2023-09-26,000529,6.66,6.62,6.69,6.61,31751,21082848.3,1.2,-1.05,-0.07,0.56
2023-09-27,000529,6.67,6.67,6.71,6.61,35575,23756995.5,1.51,0.76,0.05,0.62
2023-09-28,000529,6.69,6.68,6.75,6.66,39519,26405950.0,1.35,0.15,0.01,0.69
2023-10-09,000529,6.68,6.5,6.68,6.48,51361,33485280.0,2.99,-2.69,-0.18,0.9
2023-10-10,000529,6.53,6.54,6.57,6.5,32507,21255664.0,1.08,0.62,0.04,0.57
2023-10-11,000529,6.54,6.49,6.6,6.46,38578,25146058.0,2.14,-0.76,-0.05,0.68
2023-10-12,000529,6.5,6.53,6.55,6.44,38706,25119351.2,1.69,0.62,0.04,0.68
2023-10-13,000529,6.49,6.38,6.5,6.36,39639,25323001.0,2.14,-2.3,-0.15,0.7
2023-10-16,000529,6.38,6.3,6.39,6.28,35402,22400505.4,1.72,-1.25,-0.08,0.62
2023-10-17,000529,6.31,6.32,6.35,6.3,21398,13533466.3,0.79,0.32,0.02,0.38
2023-10-18,000529,6.32,6.26,6.32,6.24,34498,21611911.5,1.27,-0.95,-0.06,0.61
2023-10-19,000529,6.22,6.15,6.3,6.13,45168,28073236.8,2.72,-1.76,-0.11,0.79
2023-10-20,000529,6.15,6.12,6.2,6.07,39795,24385190.1,2.11,-0.49,-0.03,0.7
2023-10-23,000529,6.09,5.98,6.16,5.94,40919,24694374.9,3.59,-2.29,-0.14,0.72
2023-10-24,000529,6.0,6.18,6.19,5.98,41434,25322453.0,3.51,3.34,0.2,0.73
2023-10-25,000529,6.2,6.29,6.35,6.17,35777,22460231.4,2.91,1.78,0.11,0.63
2023-10-26,000529,6.28,6.3,6.3,6.2,26692,16700547.0,1.59,0.16,0.01,0.47
2023-10-27,000529,6.28,6.45,6.46,6.28,44075,28228386.3,2.86,2.38,0.15,0.77
2023-10-30,000529,6.45,6.34,6.45,6.3,61943,39373811.1,2.33,-1.71,-0.11,1.09
2023-10-31,000529,6.33,6.34,6.39,6.3,37884,23995888.4,1.42,0.0,0.0,0.66
2023-11-01,000529,6.35,6.35,6.37,6.33,32626,20708174.4,0.63,0.16,0.01,0.57
2023-11-02,000529,6.35,6.36,6.4,6.32,48533,30916741.8,1.26,0.16,0.01,0.85
2023-11-03,000529,6.38,6.39,6.41,6.33,31911,20375526.0,1.26,0.47,0.03,0.56
2023-11-06,000529,6.41,6.53,6.55,6.4,57809,37536363.8,2.35,2.19,0.14,1.01
2023-11-07,000529,6.53,6.57,6.59,6.48,37283,24414985.0,1.68,0.61,0.04,0.65
2023-11-08,000529,6.57,6.56,6.62,6.52,41619,27320311.3,1.52,-0.15,-0.01,0.73
2023-11-09,000529,6.56,6.53,6.61,6.5,42512,27799469.4,1.68,-0.46,-0.03,0.75
2023-11-10,000529,6.51,6.56,6.57,6.44,30386,19788337.5,1.99,0.46,0.03,0.53
2023-11-13,000529,6.58,6.55,6.61,6.47,37312,24356144.4,2.13,-0.15,-0.01,0.65
2023-11-14,000529,6.56,6.56,6.58,6.52,33811,22136435.5,0.92,0.15,0.01,0.59
2023-11-15,000529,6.6,6.6,6.64,6.56,35322,23287199.0,1.22,0.61,0.04,0.62
2023-11-16,000529,6.55,6.58,6.64,6.53,31019,20459338.0,1.67,-0.3,-0.02,0.54
2023-11-17,000529,6.59,6.58,6.62,6.56,24498,16149011.5,0.91,0.0,0.0,0.43
2023-11-20,000529,6.58,6.69,6.72,6.57,40379,26885306.2,2.28,1.67,0.11,0.71
2023-11-21,000529,6.72,6.68,6.74,6.66,39653,26594068.4,1.2,-0.15,-0.01,0.7
2023-11-22,000529,6.68,6.73,6.79,6.65,45827,30919844.6,2.1,0.75,0.05,0.8
2023-11-23,000529,6.73,6.77,6.8,6.68,46629,31415088.6,1.78,0.59,0.04,0.82
2023-11-24,000529,6.78,6.8,6.83,6.77,51876,35271503.8,0.89,0.44,0.03,0.91
2023-11-27,000529,6.8,6.77,6.84,6.72,48557,32832466.6,1.76,-0.44,-0.03,0.85
2023-11-28,000529,6.76,6.77,6.77,6.68,40860,27497787.1,1.33,0.0,0.0,0.72
2023-11-29,000529,6.77,6.73,6.78,6.71,32578,21933115.6,1.03,-0.59,-0.04,0.57
2023-11-30,000529,6.79,6.74,6.79,6.67,42213,28439057.0,1.78,0.15,0.01,0.74
2023-12-01,000529,6.72,6.76,6.85,6.7,45081,30582185.0,2.23,0.3,0.02,0.79
2023-12-04,000529,6.76,6.79,6.88,6.7,40845,27649549.2,2.66,0.44,0.03,0.72
2023-12-05,000529,6.78,6.83,7.09,6.77,142680,98578778.1,4.71,0.59,0.04,2.5
2023-12-06,000529,6.79,6.96,7.09,6.74,160795,111507637.8,5.12,1.9,0.13,2.82
2023-12-07,000529,6.96,7.35,7.56,6.77,403481,289226898.4,11.35,5.6,0.39,7.08
2023-12-08,000529,7.15,6.93,7.31,6.92,311922,221045782.3,5.31,-5.71,-0.42,5.47
2023-12-11,000529,6.89,7.0,7.03,6.68,187236,128469616.9,5.05,1.01,0.07,3.29
2023-12-12,000529,6.94,7.47,7.7,6.91,662607,499725466.3,11.29,6.71,0.47,11.63
2023-12-13,000529,7.56,7.27,7.65,7.23,448835,329484738.5,5.62,-2.68,-0.2,7.88
2023-12-14,000529,7.27,7.2,7.36,7.18,257944,187177064.6,2.48,-0.96,-0.07,4.53
2023-12-15,000529,7.18,7.29,7.49,7.01,359321,260688345.8,6.67,1.25,0.09,6.31
2023-12-18,000529,7.2,7.32,7.51,7.18,294310,216244360.0,4.53,0.41,0.03,5.16
2023-12-19,000529,7.2,7.08,7.25,7.04,188075,133717356.7,2.87,-3.28,-0.24,3.3
2023-12-20,000529,7.05,6.85,7.08,6.84,168512,116520641.9,3.39,-3.25,-0.23,2.96
2023-12-21,000529,6.8,6.85,6.9,6.68,126485,86041266.4,3.21,0.0,0.0,2.22
2023-12-22,000529,6.81,6.63,6.84,6.6,128367,86036198.9,3.5,-3.21,-0.22,2.25
2023-12-25,000529,6.6,6.51,6.62,6.41,102864,66833713.5,3.17,-1.81,-0.12,1.8
2023-12-26,000529,6.49,6.47,6.59,6.46,62525,40790773.9,2.0,-0.61,-0.04,1.1
2023-12-27,000529,6.47,6.71,6.74,6.44,108068,71679342.2,4.64,3.71,0.24,1.9
2023-12-28,000529,6.65,6.74,6.79,6.63,79859,53541834.7,2.38,0.45,0.03,1.4
2023-12-29,000529,6.73,6.79,6.85,6.69,64907,44017399.0,2.37,0.74,0.05,1.14
2024-01-02,000529,6.8,6.96,7.03,6.78,88307,61045594.5,3.68,2.5,0.17,1.55
2024-01-03,000529,6.95,6.95,7.01,6.84,65466,45267764.5,2.44,-0.14,-0.01,1.15
2024-01-04,000529,6.96,7.35,7.58,6.91,350026,256369732.1,9.64,5.76,0.4,6.14
2024-01-05,000529,7.32,7.12,7.38,7.09,164975,119127926.6,3.95,-3.13,-0.23,2.89
2024-01-08,000529,7.23,6.91,7.23,6.89,99169,69149317.6,4.78,-2.95,-0.21,1.74
2024-01-09,000529,6.9,6.9,6.95,6.8,66044,45460781.0,2.17,-0.14,-0.01,1.16
2024-01-10,000529,6.86,6.82,6.93,6.79,88548,60572025.7,2.03,-1.16,-0.08,1.55
2024-01-11,000529,6.84,7.01,7.07,6.8,98747,69042507.0,3.96,2.79,0.19,1.73
2024-01-12,000529,6.99,7.03,7.28,6.99,91197,64731663.0,4.14,0.29,0.02,1.6
2024-01-15,000529,6.99,6.94,7.03,6.91,55765,38862981.0,1.71,-1.28,-0.09,0.98
2024-01-16,000529,6.92,6.95,7.04,6.81,56763,39229456.3,3.31,0.14,0.01,1.0
2024-01-17,000529,6.95,6.76,6.95,6.75,50905,34823715.0,2.88,-2.73,-0.19,0.89
2024-01-18,000529,6.75,6.58,6.75,6.37,101176,65982458.9,5.62,-2.66,-0.18,1.78
2024-01-19,000529,6.58,6.53,6.62,6.48,50649,33133901.0,2.13,-0.76,-0.05,0.89
2024-01-22,000529,6.53,5.99,6.56,5.91,95961,59656185.4,9.95,-8.27,-0.54,1.68
2024-01-23,000529,5.98,5.89,5.99,5.76,99333,58232524.8,3.84,-1.67,-0.1,1.74
2024-01-24,000529,5.91,6.05,6.07,5.8,88358,52727559.3,4.58,2.72,0.16,1.55
2024-01-25,000529,6.07,6.3,6.32,6.01,72774,45154321.3,5.12,4.13,0.25,1.28
2024-01-26,000529,6.3,6.35,6.48,6.27,62128,39712485.2,3.33,0.79,0.05,1.09
2024-01-29,000529,6.4,6.22,6.52,6.22,69079,43627693.3,4.72,-2.05,-0.13,1.21
2024-01-30,000529,6.2,5.99,6.27,5.98,69797,42753108.8,4.66,-3.7,-0.23,1.22
2024-01-31,000529,6.0,5.69,6.0,5.64,97418,56422841.6,6.01,-5.01,-0.3,1.71
2024-02-01,000529,5.7,5.51,5.7,5.41,90018,50001855.6,5.1,-3.16,-0.18,1.58
2024-02-02,000529,5.55,5.32,5.71,5.12,88157,48030503.4,10.71,-3.45,-0.19,1.55
2024-02-05,000529,5.28,4.81,5.28,4.79,118718,58331068.9,9.21,-9.59,-0.51,2.08
2024-02-06,000529,4.8,4.93,5.07,4.46,121484,57389797.5,12.68,2.49,0.12,2.13
2024-02-07,000529,4.85,4.73,4.93,4.64,132673,63309223.3,5.88,-4.06,-0.2,2.33
2024-02-08,000529,4.76,5.13,5.15,4.58,149451,73173326.0,12.05,8.46,0.4,2.62
2024-02-19,000529,5.15,5.22,5.38,5.12,114296,59964129.4,5.07,1.75,0.09,2.01
2024-02-20,000529,5.22,5.27,5.3,5.12,53286,27910770.3,3.45,0.96,0.05,0.94
2024-02-21,000529,5.24,5.35,5.53,5.19,80165,43285866.4,6.45,1.52,0.08,1.41
2024-02-22,000529,5.34,5.41,5.45,5.3,53617,28794166.7,2.8,1.12,0.06,0.94
2024-02-23,000529,5.43,5.6,5.61,5.38,73024,40189421.3,4.25,3.51,0.19,1.28
2024-02-26,000529,5.59,5.69,5.81,5.56,71340,40617037.5,4.46,1.61,0.09,1.25
2024-02-27,000529,5.71,5.8,5.85,5.61,54542,31475947.0,4.22,1.93,0.11,0.96
2024-02-28,000529,5.8,5.39,5.93,5.38,126027,71117975.7,9.48,-7.07,-0.41,2.21
2024-02-29,000529,5.35,5.58,5.6,5.33,63104,34730212.6,5.01,3.53,0.19,1.11
2024-03-01,000529,5.6,5.59,5.64,5.5,50152,27909059.7,2.51,0.18,0.01,0.88
2024-03-04,000529,5.61,5.55,5.61,5.48,43574,24144303.0,2.33,-0.72,-0.04,0.76
2024-03-05,000529,5.52,5.46,5.56,5.43,43286,23722488.6,2.34,-1.62,-0.09,0.76
2024-03-06,000529,5.48,5.51,5.53,5.39,40561,22151408.5,2.56,0.92,0.05,0.71
2024-03-07,000529,5.51,5.48,5.61,5.46,51134,28261242.3,2.72,-0.54,-0.03,0.9
2024-03-08,000529,5.52,5.51,5.53,5.41,42987,23517819.7,2.19,0.55,0.03,0.75
2024-03-11,000529,5.53,5.59,5.6,5.51,51806,28871685.4,1.63,1.45,0.08,0.91
2024-03-12,000529,5.6,5.67,5.68,5.55,52306,29443772.7,2.33,1.43,0.08,0.92
2024-03-13,000529,5.65,5.61,5.68,5.56,44553,24969924.2,2.12,-1.06,-0.06,0.78
2024-03-14,000529,5.62,5.58,5.66,5.52,44568,24971113.4,2.5,-0.53,-0.03,0.78
2024-03-15,000529,5.57,5.67,5.67,5.54,41124,23108525.2,2.33,1.61,0.09,0.72
2024-03-18,000529,5.69,5.74,5.74,5.64,43217,24619336.4,1.76,1.23,0.07,0.76
2024-03-19,000529,5.74,5.81,5.9,5.73,81060,47349495.4,2.96,1.22,0.07,1.42
2024-03-20,000529,5.81,5.88,5.92,5.77,64679,37795147.4,2.58,1.2,0.07,1.13
2024-03-21,000529,5.88,6.06,6.13,5.88,117234,70501473.1,4.25,3.06,0.18,2.06
2024-03-22,000529,6.05,5.86,6.06,5.81,89880,53040307.2,4.13,-3.3,-0.2,1.58
2024-03-25,000529,5.87,5.72,5.89,5.71,58458,33882876.0,3.07,-2.39,-0.14,1.03
2024-03-26,000529,5.73,5.75,5.88,5.69,60289,34668715.0,3.32,0.52,0.03,1.06
2024-03-27,000529,5.78,5.64,5.81,5.63,54776,31327051.3,3.13,-1.91,-0.11,0.96
2024-03-28,000529,5.65,5.67,5.76,5.61,53206,30235073.7,2.66,0.53,0.03,0.93
2024-03-29,000529,5.66,5.79,5.8,5.65,55419,31713210.7,2.65,2.12,0.12,0.97
2024-04-01,000529,5.79,5.93,5.96,5.78,71224,41843973.2,3.11,2.42,0.14,1.25
2024-04-02,000529,5.94,6.07,6.08,5.88,78845,47237821.6,3.37,2.36,0.14,1.38
2024-04-03,000529,6.03,6.32,6.38,6.02,205091,128520830.4,5.93,4.12,0.25,3.6
2024-04-08,000529,6.26,6.29,6.45,6.19,129094,80991969.4,4.11,-0.47,-0.03,2.27
2024-04-09,000529,6.36,6.39,6.58,6.28,136809,87692574.0,4.77,1.59,0.1,2.4
2024-04-10,000529,6.39,6.2,6.55,6.11,111444,69950970.0,6.89,-2.97,-0.19,1.96
2024-04-11,000529,6.2,6.17,6.25,6.14,63799,39525270.7,1.77,-0.48,-0.03,1.12
2024-04-12,000529,6.17,6.13,6.18,6.07,58454,35724894.0,1.78,-0.65,-0.04,1.03
2024-04-15,000529,6.11,5.97,6.11,5.77,103511,61383138.0,5.55,-2.61,-0.16,1.82
2024-04-16,000529,5.87,5.58,5.9,5.41,129697,72338385.4,8.21,-6.53,-0.39,2.28
2024-04-17,000529,5.58,5.8,5.82,5.56,80028,45819252.9,4.66,3.94,0.22,1.4
2024-04-18,000529,5.79,5.83,5.9,5.7,63468,36776594.7,3.45,0.52,0.03,1.11
2024-04-19,000529,5.82,5.78,5.87,5.72,52405,30286123.3,2.57,-0.86,-0.05,0.92
2024-04-22,000529,5.78,5.97,6.28,5.66,115314,68526608.7,10.73,3.29,0.19,2.02
2024-04-23,000529,5.93,6.02,6.06,5.86,80729,48298211.4,3.35,0.84,0.05,1.42
2024-04-24,000529,6.0,5.95,6.19,5.89,63415,37807700.1,4.98,-1.16,-0.07,1.11
2024-04-25,000529,5.88,5.94,5.96,5.86,47551,28128899.6,1.68,-0.17,-0.01,0.83
2024-04-26,000529,5.93,5.95,5.96,5.87,43268,25625450.5,1.52,0.17,0.01,0.76
2024-04-29,000529,5.95,6.19,6.22,5.94,110207,67271638.0,4.71,4.03,0.24,1.93
2024-04-30,000529,6.2,6.36,6.55,6.19,127747,81398515.5,5.82,2.75,0.17,2.24
2024-05-06,000529,6.4,6.35,6.43,6.29,61355,38842309.4,2.2,-0.16,-0.01,1.08
2024-05-07,000529,6.35,6.69,6.73,6.35,175925,116630648.2,5.98,5.35,0.34,3.09
2024-05-08,000529,6.66,6.89,6.94,6.64,187570,128678145.2,4.48,2.99,0.2,3.29
2024-05-09,000529,6.78,6.88,6.99,6.71,118931,81023784.2,4.06,-0.15,-0.01,2.09
2024-05-10,000529,6.93,7.37,7.46,6.93,323092,235659479.0,7.7,7.12,0.49,5.67
2024-05-13,000529,7.25,7.9,8.11,7.25,506719,393791990.1,11.67,7.19,0.53,8.89
2024-05-14,000529,7.7,7.81,7.98,7.44,384255,298283212.1,6.84,-1.14,-0.09,6.74
2024-05-15,000529,7.81,7.97,8.08,7.61,252084,198806630.9,6.02,2.05,0.16,4.42
2024-05-16,000529,7.89,7.85,8.1,7.71,232886,184225683.7,4.89,-1.51,-0.12,4.09
2024-05-17,000529,7.77,7.6,7.97,7.45,214801,164187087.2,6.62,-3.18,-0.25,3.77
2024-05-20,000529,7.6,8.0,8.0,7.55,260425,205560979.3,5.92,5.26,0.4,4.57
2024-05-21,000529,7.98,7.99,8.2,7.85,190134,151899707.4,4.38,-0.13,-0.01,3.34
2024-05-22,000529,7.91,7.87,7.98,7.71,128808,100608573.4,3.38,-1.5,-0.12,2.26
2024-05-23,000529,7.85,7.5,7.87,7.34,184279,138804841.6,6.73,-4.7,-0.37,3.23
2024-05-24,000529,7.5,7.47,7.66,7.3,196154,145998331.1,4.8,-0.4,-0.03,3.44
2024-05-27,000529,7.47,7.14,7.6,7.01,234693,168463526.9,7.9,-4.42,-0.33,4.12
2024-05-28,000529,7.18,6.86,7.28,6.76,193505,134273094.3,7.28,-3.92,-0.28,3.4
2024-05-29,000529,6.81,6.78,6.87,6.67,115716,78708352.6,2.92,-1.17,-0.08,2.03
2024-05-30,000529,6.71,6.72,7.01,6.69,138825,94837313.2,4.72,-0.88,-0.06,2.44
2024-05-31,000529,6.71,6.58,6.76,6.52,116128,76713799.2,3.57,-2.08,-0.14,2.04
2024-06-03,000529,6.6,7.1,7.22,6.59,361421,252668712.9,9.57,7.9,0.52,6.34
2024-06-04,000529,6.95,7.16,7.23,6.73,284175,199202677.6,7.04,0.85,0.06,4.99
2024-06-05,000529,7.12,6.99,7.12,6.88,145581,101633550.8,3.35,-2.37,-0.17,2.55
2024-06-06,000529,6.98,6.69,7.0,6.6,101786,68816032.0,5.72,-4.29,-0.3,1.79
2024-06-07,000529,6.75,6.8,6.84,6.65,70277,47428172.3,2.84,1.64,0.11,1.23
2024-06-11,000529,6.79,6.99,7.05,6.61,105668,72151096.5,6.47,2.79,0.19,1.85
2024-06-12,000529,6.99,6.96,7.14,6.93,52773,37050345.0,3.0,-0.43,-0.03,0.93
2024-06-13,000529,6.88,6.4,6.96,6.33,197888,129408773.4,9.05,-8.05,-0.56,3.47
2024-06-14,000529,6.35,6.27,6.4,6.15,117222,73137093.9,3.91,-2.03,-0.13,2.06
2024-06-17,000529,6.25,6.17,6.34,6.08,78804,48860974.4,4.15,-1.59,-0.1,1.38
2024-06-18,000529,6.23,6.23,6.35,6.14,89266,55718426.8,3.4,0.97,0.06,1.57
2024-06-19,000529,6.22,6.13,6.25,6.08,61685,38039595.3,2.73,-1.61,-0.1,1.08
2024-06-20,000529,6.12,6.02,6.15,6.01,56887,34516294.7,2.28,-1.79,-0.11,1.0
2024-06-21,000529,6.02,6.09,6.17,6.02,37144,22651153.0,2.49,1.16,0.07,0.65
2024-06-24,000529,6.09,5.72,6.09,5.71,80982,47103942.6,6.24,-6.08,-0.37,1.42
2024-06-25,000529,5.74,5.77,5.8,5.62,55468,31746519.5,3.15,0.87,0.05,0.97
2024-06-26,000529,5.77,5.91,5.94,5.74,43726,25582238.8,3.47,2.43,0.14,0.77
2024-06-27,000529,5.91,5.82,5.95,5.81,36802,21634765.7,2.37,-1.52,-0.09,0.65
2024-06-28,000529,5.82,5.88,5.95,5.8,32994,19446632.4,2.58,1.03,0.06,0.58
2024-07-01,000529,5.9,6.06,6.11,5.84,70573,42563839.7,4.59,3.06,0.18,1.24
2024-07-02,000529,6.06,6.05,6.09,6.0,40577,24537859.8,1.49,-0.17,-0.01,0.71
2024-07-03,000529,6.03,6.03,6.13,5.99,36262,21948029.6,2.31,-0.33,-0.02,0.64
2024-07-04,000529,5.91,5.71,5.93,5.68,44681,25798663.4,4.15,-5.31,-0.32,0.78
2024-07-05,000529,5.76,5.83,5.87,5.65,36475,21051899.9,3.85,2.1,0.12,0.64
2024-07-08,000529,5.83,5.67,5.84,5.61,36833,21004042.0,3.95,-2.74,-0.16,0.65
2024-07-09,000529,5.67,5.59,5.71,5.42,67538,37437378.9,5.11,-1.41,-0.08,1.19
2024-07-10,000529,5.62,5.55,5.67,5.43,45950,25606887.0,4.29,-0.72,-0.04,0.81
2024-07-11,000529,5.65,5.71,5.73,5.59,36021,20470576.7,2.52,2.88,0.16,0.63
2024-07-12,000529,5.7,5.75,5.86,5.68,44183,25492364.0,3.15,0.7,0.04,0.78
2024-07-15,000529,5.76,5.86,5.95,5.76,52586,30821732.2,3.3,1.91,0.11,0.92
2024-07-16,000529,5.85,5.81,5.92,5.74,39105,22774979.8,3.07,-0.85,-0.05,0.69
2024-07-17,000529,5.79,5.82,5.9,5.75,29979,17464683.5,2.58,0.17,0.01,0.53
2024-07-18,000529,5.79,5.8,5.81,5.67,32874,18857472.0,2.41,-0.34,-0.02,0.58
2024-07-19,000529,5.76,5.89,5.9,5.73,33068,19291767.5,2.93,1.55,0.09,0.58
2024-07-22,000529,5.89,5.83,5.89,5.75,35388,20524944.0,2.38,-1.02,-0.06,0.62
2024-07-23,000529,5.82,5.64,5.88,5.62,37976,21822394.0,4.46,-3.26,-0.19,0.67
2024-07-24,000529,5.64,5.52,5.67,5.49,38002,21123564.0,3.19,-2.13,-0.12,0.67
2024-07-25,000529,5.51,5.56,5.64,5.46,25862,14389893.4,3.26,0.72,0.04,0.45
2024-07-26,000529,5.53,5.58,5.66,5.52,42503,23771321.4,2.52,0.36,0.02,0.75
2024-07-29,000529,5.61,5.5,5.61,5.48,38603,21335203.0,2.33,-1.43,-0.08,0.68
2024-07-30,000529,5.5,5.62,5.64,5.49,32155,17983189.0,2.73,2.18,0.12,0.56
2024-07-31,000529,5.63,5.82,5.84,5.59,47595,27416216.3,4.45,3.56,0.2,0.84
2024-08-01,000529,5.82,5.83,5.87,5.77,31898,18544519.7,1.72,0.17,0.01,0.56
2024-08-02,000529,5.77,5.91,5.98,5.77,57964,34221879.0,3.6,1.37,0.08,1.02
2024-08-05,000529,5.87,5.89,6.1,5.85,68935,41374054.7,4.23,-0.34,-0.02,1.21
2024-08-06,000529,5.94,5.98,6.0,5.87,42984,25520853.0,2.21,1.53,0.09,0.75
2024-08-07,000529,5.96,5.81,5.99,5.78,67659,39520458.0,3.51,-2.84,-0.17,1.19
2024-08-08,000529,5.81,5.87,5.93,5.78,50986,29959591.3,2.58,1.03,0.06,0.89
2024-08-09,000529,5.89,5.82,5.95,5.8,39303,23069643.0,2.56,-0.85,-0.05,0.69
2024-08-12,000529,5.82,5.82,5.93,5.79,37579,22008606.0,2.41,0.0,0.0,0.66
2024-08-13,000529,5.79,5.86,5.9,5.76,31372,18275860.6,2.41,0.69,0.04,0.55
2024-08-14,000529,5.82,5.77,5.85,5.74,31169,17995573.2,1.88,-1.54,-0.09,0.55
2024-08-15,000529,5.75,5.77,5.84,5.73,33002,19075930.6,1.91,0.0,0.0,0.58
2024-08-16,000529,5.78,5.55,5.78,5.53,69913,39237565.4,4.33,-3.81,-0.22,1.23
2024-08-19,000529,5.52,5.5,5.57,5.48,49890,27515855.1,1.62,-0.9,-0.05,0.88
2024-08-20,000529,5.52,5.27,5.53,5.24,77677,41538735.0,5.27,-4.18,-0.23,1.36
2024-08-21,000529,5.27,5.2,5.27,5.18,41396,21604375.6,1.71,-1.33,-0.07,0.73
2024-08-22,000529,5.19,5.06,5.23,5.0,49777,25249822.0,4.42,-2.69,-0.14,0.87
2024-08-23,000529,5.04,5.0,5.07,4.95,46580,23249807.0,2.37,-1.19,-0.06,0.82
2024-08-26,000529,5.01,5.11,5.13,5.0,37135,18863212.5,2.6,2.2,0.11,0.65
2024-08-27,000529,5.11,5.02,5.12,4.99,37515,18918627.0,2.54,-1.76,-0.09,0.66
2024-08-28,000529,5.02,5.08,5.11,4.95,36755,18567552.3,3.19,1.2,0.06,0.64
2024-08-29,000529,5.09,5.14,5.16,5.04,38464,19650332.7,2.36,1.18,0.06,0.67
2024-08-30,000529,5.11,5.23,5.31,5.06,59545,30977811.0,4.86,1.75,0.09,1.04
2024-09-02,000529,5.2,5.15,5.27,5.14,45492,23670264.0,2.49,-1.53,-0.08,0.8
2024-09-03,000529,5.18,5.21,5.23,5.11,35701,18511070.0,2.33,1.17,0.06,0.63
2024-09-04,000529,5.17,5.16,5.24,5.14,36331,18818379.0,1.92,-0.96,-0.05,0.64
2024-09-05,000529,5.15,5.21,5.23,5.15,32574,16906485.0,1.55,0.97,0.05,0.57
2024-09-06,000529,5.21,5.1,5.22,5.08,43965,22579634.8,2.69,-2.11,-0.11,0.77
2024-09-09,000529,5.11,5.16,5.18,5.05,39249,20103185.8,2.55,1.18,0.06,0.69
2024-09-10,000529,5.15,5.13,5.19,5.03,38982,19881504.7,3.1,-0.58,-0.03,0.68
2024-09-11,000529,5.1,5.02,5.13,4.99,39137,19668598.0,2.73,-2.14,-0.11,0.69
2024-09-12,000529,5.02,5.0,5.08,5.0,34810,17541806.0,1.59,-0.4,-0.02,0.61
2024-09-13,000529,5.0,4.9,5.02,4.89,44336,21872074.7,2.6,-2.0,-0.1,0.78
2024-09-18,000529,4.9,4.87,4.9,4.76,56135,27061169.7,2.86,-0.61,-0.03,0.99
2024-09-19,000529,4.9,5.06,5.09,4.81,71912,36010140.0,5.75,3.9,0.19,1.26
2024-09-20,000529,5.06,4.98,5.06,4.95,51290,25605096.2,2.17,-1.58,-0.08,0.9
2024-09-23,000529,4.99,4.93,5.06,4.93,48159,24012198.0,2.61,-1.0,-0.05,0.85
2024-09-24,000529,4.95,5.2,5.2,4.95,74290,37740247.4,5.07,5.48,0.27,1.3
2024-09-25,000529,5.21,5.26,5.35,5.21,76387,40384351.1,2.69,1.15,0.06,1.34
2024-09-26,000529,5.26,5.52,5.53,5.21,88387,47674868.3,6.08,4.94,0.26,1.55
2024-09-27,000529,5.57,5.67,5.77,5.55,99796,56310641.8,3.99,2.72,0.15,1.75
2024-09-30,000529,5.8,6.11,6.15,5.7,220040,130772345.4,7.94,7.76,0.44,3.86
2024-10-08,000529,6.7,6.27,6.7,6.1,258522,163087018.6,9.82,2.62,0.16,4.54
2024-10-09,000529,6.18,5.66,6.18,5.65,165106,96586272.7,8.45,-9.73,-0.61,2.9
2024-10-10,000529,5.71,5.7,5.95,5.69,168717,98026324.8,4.59,0.71,0.04,2.96
2024-10-11,000529,5.7,5.52,5.74,5.46,110752,61850668.5,4.91,-3.16,-0.18,1.94
2024-10-14,000529,5.53,5.61,5.64,5.48,84989,47363089.8,2.9,1.63,0.09,1.49
2024-10-15,000529,5.61,5.5,5.64,5.5,74939,41744751.4,2.5,-1.96,-0.11,1.31
2024-10-16,000529,5.48,5.56,5.6,5.45,72585,40189842.7,2.73,1.09,0.06,1.27
2024-10-17,000529,5.57,5.5,5.63,5.49,74721,41568013.3,2.52,-1.08,-0.06,1.31
2024-10-18,000529,5.5,5.57,5.62,5.43,120194,66485190.5,3.45,1.27,0.07,2.11
2024-10-21,000529,5.56,5.55,5.6,5.52,105485,58743316.2,1.44,-0.36,-0.02,1.85
2024-10-22,000529,5.57,5.72,5.73,5.55,120036,68008249.8,3.24,3.06,0.17,2.11
2024-10-23,000529,5.78,5.72,5.78,5.67,79156,45319943.8,1.92,0.0,0.0,1.39
2024-10-24,000529,5.68,5.71,5.75,5.67,56739,32386946.1,1.4,-0.17,-0.01,1.0
2024-10-25,000529,5.71,5.82,5.82,5.71,81777,47318979.7,1.93,1.93,0.11,1.43
2024-10-28,000529,5.81,6.0,6.0,5.81,97089,57601787.9,3.26,3.09,0.18,1.7
2024-10-29,000529,5.99,5.74,6.0,5.72,139425,81224093.8,4.67,-4.33,-0.26,2.45
2024-10-30,000529,5.74,5.72,5.78,5.61,85154,48537789.3,2.96,-0.35,-0.02,1.49
2024-10-31,000529,5.7,5.75,5.76,5.68,93916,53792007.8,1.4,0.52,0.03,1.65
2024-11-01,000529,5.74,5.63,5.79,5.6,114642,65204225.2,3.3,-2.09,-0.12,2.01
2024-11-04,000529,5.66,5.73,5.73,5.56,69643,39369035.7,3.02,1.78,0.1,1.22
2024-11-05,000529,5.73,5.8,5.82,5.7,124559,71813637.1,2.09,1.22,0.07,2.19
2024-11-06,000529,5.81,5.86,5.86,5.72,126369,73396360.4,2.41,1.03,0.06,2.22
2024-11-07,000529,5.84,6.08,6.09,5.84,189251,113873183.4,4.27,3.75,0.22,3.32
2024-11-08,000529,6.1,6.19,6.27,6.02,269976,165410577.1,4.11,1.81,0.11,4.74
2024-11-11,000529,6.15,6.14,6.17,6.03,162679,98827539.3,2.26,-0.81,-0.05,2.85
2024-11-12,000529,6.15,6.15,6.35,6.11,172316,106644459.3,3.91,0.16,0.01,3.02
2024-11-13,000529,6.17,6.19,6.22,6.04,145754,89475577.5,2.93,0.65,0.04,2.56
2024-11-14,000529,6.16,6.05,6.28,6.05,152456,93835890.0,3.72,-2.26,-0.14,2.68
2024-11-15,000529,6.04,5.88,6.1,5.87,122765,73566281.6,3.8,-2.81,-0.17,2.15
2024-11-18,000529,5.93,5.88,6.03,5.84,99043,58773353.0,3.23,0.0,0.0,1.74
2024-11-19,000529,5.91,5.95,5.95,5.81,81438,47913215.5,2.38,1.19,0.07,1.43
2024-11-20,000529,5.95,6.06,6.06,5.92,87000,52202850.3,2.35,1.85,0.11,1.53
2024-11-21,000529,6.06,6.09,6.1,5.99,79823,48264397.2,1.82,0.5,0.03,1.4
2024-11-22,000529,6.08,6.0,6.26,5.97,183831,112810268.0,4.76,-1.48,-0.09,3.23
2024-11-25,000529,5.99,6.09,6.11,5.96,103010,62256183.8,2.5,1.5,0.09,1.81
2024-11-26,000529,6.05,6.27,6.27,6.05,269232,166913593.0,3.61,2.96,0.18,4.72
2024-11-27,000529,6.19,6.15,6.21,5.9,221954,134151827.3,4.94,-1.91,-0.12,3.89
2024-11-28,000529,6.13,6.37,6.39,6.11,261222,163816441.8,4.55,3.58,0.22,4.58
2024-11-29,000529,6.32,6.41,6.46,6.27,243270,155241608.3,2.98,0.63,0.04,4.27
2024-12-02,000529,6.41,6.41,6.48,6.35,252647,162011311.0,2.03,0.0,0.0,4.43
2024-12-03,000529,6.4,6.39,6.47,6.36,151000,96677241.1,1.72,-0.31,-0.02,2.65
2024-12-04,000529,6.37,6.32,6.43,6.27,145256,92320600.6,2.5,-1.1,-0.07,2.55
2024-12-05,000529,6.3,6.33,6.42,6.17,159316,99844893.1,3.96,0.16,0.01,2.8
2024-12-06,000529,6.3,6.36,6.38,6.25,99657,63112019.0,2.05,0.47,0.03,1.75
2024-12-09,000529,6.37,6.33,6.45,6.28,125947,80000056.6,2.67,-0.47,-0.03,2.21
2024-12-10,000529,6.47,6.37,6.54,6.35,171043,110225972.6,3.0,0.63,0.04,3.0
2024-12-11,000529,6.37,6.57,6.58,6.34,179431,116928171.8,3.77,3.14,0.2,3.15
2024-12-12,000529,6.56,6.73,6.76,6.51,172135,114547477.6,3.81,2.44,0.16,3.02
2024-12-13,000529,6.7,6.55,6.7,6.52,208609,137259053.0,2.67,-2.67,-0.18,3.66
2024-12-16,000529,6.52,6.5,6.64,6.46,129376,84819319.9,2.75,-0.76,-0.05,2.27
2024-12-17,000529,6.52,6.17,6.52,6.15,142136,89229151.0,5.69,-5.08,-0.33,2.49
2024-12-18,000529,6.17,6.22,6.32,6.07,113579,70564327.8,4.05,0.81,0.05,1.99
2024-12-19,000529,6.18,6.18,6.22,6.06,82371,50545059.7,2.57,-0.64,-0.04,1.45
2024-12-20,000529,6.17,6.18,6.32,6.15,81243,50632690.0,2.75,0.0,0.0,1.43
2024-12-23,000529,6.2,6.01,6.28,6.0,134835,82182753.7,4.53,-2.75,-0.17,2.37
2024-12-24,000529,5.99,6.04,6.08,5.98,66713,40209004.1,1.66,0.5,0.03,1.17
2024-12-25,000529,6.02,5.87,6.03,5.79,84230,49454424.3,3.97,-2.81,-0.17,1.48
2024-12-26,000529,5.87,5.92,5.94,5.86,43713,25851917.0,1.36,0.85,0.05,0.77
2024-12-27,000529,5.92,6.1,6.15,5.87,89746,54444119.1,4.73,3.04,0.18,1.57
2024-12-30,000529,6.05,6.12,6.2,5.94,94594,57041087.9,4.26,0.33,0.02,1.66
2024-12-31,000529,6.09,5.9,6.14,5.86,92451,55276900.2,4.58,-3.59,-0.22,1.62
2025-01-02,000529,5.85,5.9,6.07,5.83,87797,52435729.6,4.07,0.0,0.0,1.54
2025-01-03,000529,5.89,5.59,5.91,5.58,94184,53687088.3,5.59,-5.25,-0.31,1.65
2025-01-06,000529,5.59,5.54,5.62,5.35,56386,31092229.3,4.83,-0.89,-0.05,0.99
2025-01-07,000529,5.54,5.57,5.58,5.48,45301,25079008.4,1.81,0.54,0.03,0.79
2025-01-08,000529,5.57,5.58,5.6,5.4,52175,28831143.9,3.59,0.18,0.01,0.92
2025-01-09,000529,5.54,5.58,5.67,5.54,52859,29665963.4,2.33,0.0,0.0,0.93
2025-01-10,000529,5.57,5.43,5.62,5.42,41422,22770080.9,3.58,-2.69,-0.15,0.73
2025-01-13,000529,5.4,5.47,5.48,5.32,36347,19658935.0,2.95,0.74,0.04,0.64
2025-01-14,000529,5.5,5.62,5.62,5.47,59357,33099334.0,2.74,2.74,0.15,1.04
2025-01-15,000529,5.62,5.66,5.7,5.59,48766,27568778.0,1.96,0.71,0.04,0.86
2025-01-16,000529,5.69,5.67,5.74,5.6,47310,26831294.0,2.47,0.18,0.01,0.83
2025-01-17,000529,5.67,5.74,5.84,5.62,60980,35102257.0,3.88,1.23,0.07,1.07
2025-01-20,000529,5.76,5.77,5.81,5.7,45125,26029564.2,1.92,0.52,0.03,0.79
2025-01-21,000529,5.77,5.68,5.8,5.62,49507,28109276.3,3.12,-1.56,-0.09,0.87
2025-01-22,000529,5.67,5.62,5.68,5.59,35376,19887875.3,1.58,-1.06,-0.06,0.62
2025-01-23,000529,5.64,5.65,5.74,5.64,39349,22405766.4,1.78,0.53,0.03,0.69
2025-01-24,000529,5.65,5.63,5.65,5.57,36651,20566835.7,1.42,-0.35,-0.02,0.64
2025-01-27,000529,5.67,5.67,5.79,5.65,40892,23384462.8,2.49,0.71,0.04,0.72
2025-02-05,000529,5.69,5.71,5.72,5.66,43417,24687488.4,1.06,0.71,0.04,0.76
2025-02-06,000529,5.69,5.67,5.69,5.61,51929,29329969.5,1.4,-0.7,-0.04,0.91
2025-02-07,000529,5.68,5.76,5.82,5.67,61214,35187568.1,2.65,1.59,0.09,1.07
2025-02-10,000529,5.76,5.85,5.85,5.75,51614,29949134.0,1.74,1.56,0.09,0.91
2025-02-11,000529,5.83,5.82,5.86,5.77,32479,18852670.0,1.54,-0.51,-0.03,0.57
2025-02-12,000529,5.82,5.84,5.85,5.77,36038,20924000.1,1.37,0.34,0.02,0.63
2025-02-13,000529,5.84,5.85,5.89,5.81,47942,28094893.0,1.37,0.17,0.01,0.84
2025-02-14,000529,5.86,5.79,5.86,5.76,49598,28732831.4,1.71,-1.03,-0.06,0.87
2025-02-17,000529,5.8,5.8,5.83,5.71,60488,34929219.6,2.07,0.17,0.01,1.06
2025-02-18,000529,5.82,5.63,5.82,5.62,68234,38860194.5,3.45,-2.93,-0.17,1.2
2025-02-19,000529,5.61,5.67,5.67,5.6,31481,17782715.1,1.24,0.71,0.04,0.55
2025-02-20,000529,5.67,5.68,5.73,5.62,38306,21805590.0,1.94,0.18,0.01,0.67
2025-02-21,000529,5.71,5.61,5.71,5.57,62453,35061956.3,2.46,-1.23,-0.07,1.1
2025-02-24,000529,5.63,5.75,5.75,5.6,70478,39854105.2,2.67,2.5,0.14,1.24
2025-02-25,000529,5.87,6.33,6.33,5.87,194402,121530456.7,8.0,10.09,0.58,3.41
2025-02-26,000529,6.2,6.15,6.3,6.02,421203,257823793.4,4.42,-2.84,-0.18,7.39
2025-02-27,000529,6.18,6.13,6.24,6.02,245903,150139319.6,3.58,-0.33,-0.02,4.31
2025-02-28,000529,6.08,5.95,6.11,5.95,146114,87916544.4,2.61,-2.94,-0.18,2.56
2025-03-03,000529,5.98,5.98,6.02,5.91,117409,70104750.0,1.85,0.5,0.03,2.06
2025-03-04,000529,5.97,6.01,6.04,5.92,92158,55197441.0,2.01,0.5,0.03,1.62
2025-03-05,000529,6.08,5.94,6.11,5.87,112707,67084830.6,3.99,-1.16,-0.07,1.98
2025-03-06,000529,5.94,5.99,6.0,5.89,93141,55514923.6,1.85,0.84,0.05,1.63
2025-03-07,000529,5.99,6.01,6.09,5.95,96928,58036083.2,2.34,0.33,0.02,1.7
2025-03-10,000529,6.08,6.05,6.15,6.03,130901,79633937.3,2.0,0.67,0.04,2.3
2025-03-11,000529,5.99,6.1,6.1,5.93,91602,55299493.7,2.81,0.83,0.05,1.61
2025-03-12,000529,6.1,6.02,6.12,6.0,88780,53623703.1,1.97,-1.31,-0.08,1.56
2025-03-13,000529,6.0,6.0,6.06,5.92,64679,38725839.5,2.33,-0.33,-0.02,1.13
2025-03-14,000529,6.0,6.11,6.12,5.97,133122,80917708.9,2.5,1.83,0.11,2.34
2025-03-17,000529,6.15,6.1,6.19,6.1,101139,62046215.6,1.47,-0.16,-0.01,1.77
2025-03-18,000529,6.12,6.11,6.13,6.04,62781,38153757.9,1.48,0.16,0.01,1.1
2025-03-19,000529,6.07,6.08,6.11,6.04,49405,29973063.2,1.15,-0.49,-0.03,0.87
2025-03-20,000529,6.1,6.08,6.12,6.06,62433,38064537.7,0.99,0.0,0.0,1.1
2025-03-21,000529,6.06,6.03,6.12,6.01,55382,33543498.0,1.81,-0.82,-0.05,0.97
2025-03-24,000529,6.03,5.92,6.04,5.81,71007,42026313.4,3.81,-1.82,-0.11,1.25
2025-03-25,000529,5.9,5.98,6.0,5.87,57601,34211640.9,2.2,1.01,0.06,1.01
2025-03-26,000529,5.98,6.12,6.15,5.93,112897,68813165.4,3.68,2.34,0.14,1.98
2025-03-27,000529,6.12,6.08,6.15,6.02,78069,47441444.2,2.12,-0.65,-0.04,1.37
2025-03-28,000529,6.06,5.99,6.12,5.97,58248,35101992.8,2.47,-1.48,-0.09,1.02
2025-03-31,000529,5.93,5.87,6.01,5.82,73763,43466496.8,3.17,-2.0,-0.12,1.29
2025-04-01,000529,5.89,6.02,6.06,5.88,71098,42696629.6,3.07,2.56,0.15,1.25
2025-04-02,000529,6.02,6.0,6.05,5.98,37635,22640552.5,1.16,-0.33,-0.02,0.66
2025-04-03,000529,5.98,6.15,6.18,5.96,139938,85502717.0,3.67,2.5,0.15,2.46
2025-04-07,000529,6.01,5.64,6.14,5.55,178419,104036871.1,9.59,-8.29,-0.51,3.13
2025-04-08,000529,5.62,6.09,6.12,5.6,218300,130091839.6,9.22,7.98,0.45,3.83
2025-04-09,000529,6.06,6.24,6.29,5.82,293327,179560500.8,7.72,2.46,0.15,5.15
2025-04-10,000529,6.1,6.48,6.49,6.06,378917,239557944.1,6.89,3.85,0.24,6.65
2025-04-11,000529,6.35,6.18,6.35,6.16,264396,164238351.3,2.93,-4.63,-0.3,4.64
2025-04-14,000529,6.18,6.35,6.38,6.11,214449,134870890.1,4.37,2.75,0.17,3.76
2025-04-15,000529,6.32,6.25,6.35,6.2,148516,93023579.4,2.36,-1.57,-0.1,2.61
2025-04-16,000529,6.24,6.13,6.25,5.98,155105,94964198.9,4.32,-1.92,-0.12,2.72
2025-04-17,000529,6.15,6.31,6.34,6.06,182691,114059030.9,4.57,2.94,0.18,3.21
2025-04-18,000529,6.29,6.14,6.29,6.11,119671,73815187.6,2.85,-2.69,-0.17,2.1
2025-04-21,000529,6.14,6.14,6.15,6.05,85024,51936400.7,1.63,0.0,0.0,1.49
2025-04-22,000529,6.12,6.27,6.28,6.11,122749,76183918.5,2.77,2.12,0.13,2.15
2025-04-23,000529,6.25,6.07,6.26,6.06,130238,79779853.0,3.19,-3.19,-0.2,2.29
2025-04-24,000529,6.06,6.05,6.15,6.02,84914,51619303.0,2.14,-0.33,-0.02,1.49
2025-04-25,000529,6.05,6.0,6.09,6.0,83726,50467411.0,1.49,-0.83,-0.05,1.47
2025-04-28,000529,6.0,5.89,6.01,5.81,74107,43565258.6,3.33,-1.83,-0.11,1.3
2025-04-29,000529,5.83,6.0,6.05,5.83,75334,45089408.0,3.74,1.87,0.11,1.32
2025-04-30,000529,6.0,5.89,6.04,5.88,63756,37908404.3,2.67,-1.83,-0.11,1.12
2025-05-06,000529,5.92,5.99,6.0,5.88,54773,32570796.0,2.04,1.7,0.1,0.96
2025-05-07,000529,6.04,6.02,6.1,5.97,67910,40989385.0,2.17,0.5,0.03,1.19
2025-05-08,000529,5.98,6.08,6.09,5.98,52503,31764660.0,1.83,1.0,0.06,0.92
2025-05-09,000529,6.08,6.08,6.1,6.04,53907,32748947.0,0.99,0.0,0.0,0.95
2025-05-12,000529,6.08,6.02,6.09,5.98,54363,32700571.9,1.81,-0.99,-0.06,0.95
2025-05-13,000529,6.06,6.04,6.08,6.0,41228,24909758.8,1.33,0.33,0.02,0.72
2025-05-14,000529,6.0,6.05,6.06,5.94,43551,26154184.9,1.99,0.17,0.01,0.76
2025-05-15,000529,6.04,6.08,6.1,6.02,69172,42016612.2,1.32,0.5,0.03,1.21
2025-05-16,000529,6.08,6.02,6.08,5.98,57184,34341684.1,1.64,-0.99,-0.06,1.0
2025-05-19,000529,6.03,6.12,6.13,6.01,92421,56383504.1,1.99,1.66,0.1,1.62
2025-05-20,000529,6.12,6.13,6.21,6.1,66240,40656338.0,1.8,0.16,0.01,1.16
2025-05-21,000529,6.13,6.13,6.16,6.09,54958,33623435.9,1.14,0.0,0.0,0.96
2025-05-22,000529,6.11,6.0,6.12,5.98,62358,37657807.8,2.28,-2.12,-0.13,1.09
2025-05-23,000529,6.01,5.95,6.08,5.94,67203,40383651.8,2.33,-0.83,-0.05,1.18
2025-05-26,000529,5.93,6.0,6.01,5.9,45668,27227246.8,1.85,0.84,0.05,0.8
2025-05-27,000529,6.0,6.06,6.07,6.0,54398,32877445.2,1.17,1.0,0.06,0.95
2025-05-28,000529,6.07,6.09,6.1,6.03,45057,27349796.7,1.16,0.5,0.03,0.79
2025-05-29,000529,6.09,6.1,6.14,6.04,52023,31738035.5,1.64,0.16,0.01,0.91
2025-05-30,000529,6.09,6.11,6.17,6.08,69700,42738744.6,1.48,0.16,0.01,1.22
2025-06-03,000529,6.09,6.18,6.18,6.07,63185,38841114.4,1.8,1.15,0.07,1.11
2025-06-04,000529,6.18,6.24,6.24,6.13,63987,39664471.7,1.78,0.97,0.06,1.12
2025-06-05,000529,6.23,6.12,6.23,6.11,58993,36347172.0,1.92,-1.92,-0.12,1.04
2025-06-06,000529,6.14,6.18,6.2,6.13,48303,29785805.0,1.14,0.98,0.06,0.85
2025-06-09,000529,6.18,6.24,6.24,6.15,51518,31979646.8,1.46,0.97,0.06,0.9
2025-06-10,000529,6.25,6.23,6.29,6.14,63562,39500502.6,2.4,-0.16,-0.01,1.12
2025-06-11,000529,6.21,6.25,6.29,6.21,52632,32906909.0,1.28,0.32,0.02,0.92
2025-06-12,000529,6.22,6.19,6.25,6.13,48844,30248860.0,1.92,-0.96,-0.06,0.86
2025-06-13,000529,6.18,6.1,6.21,6.07,55389,33861270.4,2.26,-1.45,-0.09,0.97
2025-06-16,000529,6.09,6.11,6.18,6.04,52643,32265500.2,2.3,0.16,0.01,0.92
2025-06-17,000529,6.11,6.14,6.16,6.1,38416,23572212.0,0.98,0.49,0.03,0.67
2025-06-18,000529,6.1,6.07,6.15,6.04,43811,26588731.0,1.79,-1.14,-0.07,0.77
2025-06-19,000529,6.04,5.95,6.07,5.93,55400,33114994.6,2.31,-1.98,-0.12,0.97
2025-06-20,000529,5.94,5.95,6.03,5.94,43643,26122940.0,1.51,0.0,0.0,0.77
2025-06-23,000529,5.92,6.01,6.02,5.89,30408,18159020.2,2.18,1.01,0.06,0.53
2025-06-24,000529,6.05,6.14,6.14,5.99,57407,34991919.5,2.5,2.16,0.13,1.01
2025-06-25,000529,6.12,6.16,6.17,6.1,51753,31778041.1,1.14,0.33,0.02,0.91
2025-06-26,000529,6.16,6.15,6.19,6.11,48937,30089637.7,1.3,-0.16,-0.01,0.86
2025-06-27,000529,6.06,6.07,6.12,6.03,38449,23311131.5,1.46,-1.3,-0.08,0.67
2025-06-30,000529,6.1,6.11,6.11,6.04,51940,31580710.1,1.15,0.66,0.04,0.91
2025-07-01,000529,6.1,6.14,6.17,6.1,48564,29783657.8,1.15,0.49,0.03,0.85
2025-07-02,000529,6.13,6.19,6.21,6.12,67704,41867933.8,1.47,0.81,0.05,1.19
2025-07-03,000529,6.23,6.2,6.23,6.16,54234,33581676.8,1.13,0.16,0.01,0.95
2025-07-04,000529,6.24,6.19,6.24,6.15,61669,38227734.7,1.45,-0.16,-0.01,1.08
2025-07-07,000529,6.19,6.2,6.23,6.17,53909,33438301.3,0.97,0.16,0.01,0.95
2025-07-08,000529,6.21,6.24,6.26,6.17,55311,34407261.1,1.45,0.65,0.04,0.97
2025-07-09,000529,6.26,6.25,6.3,6.23,61402,38501511.6,1.12,0.16,0.01,1.08
2025-07-10,000529,6.24,6.27,6.31,6.23,49376,30956558.0,1.28,0.32,0.02,0.87
2025-07-11,000529,6.26,6.29,6.32,6.21,58711,36774198.3,1.75,0.32,0.02,1.03
2025-07-14,000529,6.28,6.34,6.35,6.28,57158,36129392.0,1.11,0.79,0.05,1.0
2025-07-15,000529,6.34,6.23,6.35,6.2,66334,41531936.3,2.37,-1.74,-0.11,1.16
2025-07-16,000529,6.26,6.27,6.3,6.22,43238,27105542.4,1.28,0.64,0.04,0.76
2025-07-17,000529,6.32,6.25,6.37,6.23,53870,33859550.3,2.23,-0.32,-0.02,0.95
2025-07-18,000529,6.26,6.29,6.29,6.19,45624,28432497.8,1.6,0.64,0.04,0.8
2025-07-21,000529,6.28,6.37,6.39,6.26,59873,38015888.6,2.07,1.27,0.08,1.05
2025-07-22,000529,6.38,6.4,6.4,6.29,59337,37718322.5,1.73,0.47,0.03,1.04
2025-07-23,000529,6.43,6.34,6.44,6.32,57383,36503185.4,1.88,-0.94,-0.06,1.01
2025-07-24,000529,6.34,6.38,6.4,6.31,63521,40472814.9,1.42,0.63,0.04,1.11
2025-07-25,000529,6.38,6.39,6.42,6.35,51819,33097794.8,1.1,0.16,0.01,0.91
2025-07-28,000529,6.41,6.38,6.41,6.35,35485,22627597.7,0.94,-0.16,-0.01,0.62
2025-07-29,000529,6.4,6.27,6.41,6.23,70407,44267576.0,2.82,-1.72,-0.11,1.24
2025-07-30,000529,6.27,6.3,6.32,6.23,67615,42484599.9,1.44,0.48,0.03,1.19
2025-07-31,000529,6.31,6.15,6.31,6.12,71844,44409657.7,3.02,-2.38,-0.15,1.26
2025-08-01,000529,6.15,6.2,6.23,6.14,46283,28662864.9,1.46,0.81,0.05,0.81
2025-08-04,000529,6.18,6.21,6.25,6.15,46744,29009945.4,1.61,0.16,0.01,0.82
2025-08-05,000529,6.24,6.26,6.29,6.22,50222,31444635.6,1.13,0.81,0.05,0.88
2025-08-06,000529,6.28,6.22,6.28,6.19,62736,39032090.8,1.44,-0.64,-0.04,1.1
2025-08-07,000529,6.2,6.24,6.25,6.19,57087,35533529.2,0.96,0.32,0.02,1.0
2025-08-08,000529,6.24,6.29,6.29,6.19,59754,37321645.7,1.6,0.8,0.05,1.05
2025-08-11,000529,6.34,6.34,6.38,6.27,61289,38795964.4,1.75,0.79,0.05,1.08
2025-08-12,000529,6.35,6.32,6.41,6.3,46476,29476664.4,1.74,-0.32,-0.02,0.82
2025-08-13,000529,6.34,6.3,6.35,6.24,65417,41141662.7,1.74,-0.32,-0.02,1.15
2025-08-14,000529,6.31,6.15,6.32,6.14,97721,60687346.0,2.86,-2.38,-0.15,1.71
2025-08-15,000529,6.17,6.14,6.19,6.13,97083,59728779.4,0.98,-0.16,-0.01,1.7
2025-08-18,000529,6.16,6.16,6.22,6.14,75890,46852289.6,1.3,0.33,0.02,1.33
2025-08-19,000529,6.15,6.21,6.23,6.11,68861,42646093.2,1.95,0.81,0.05,1.21
2025-08-20,000529,6.19,6.28,6.3,6.16,70159,43876178.8,2.25,1.13,0.07,1.23
2025-08-21,000529,6.3,6.28,6.33,6.25,58635,36833491.4,1.27,0.0,0.0,1.03
2025-08-22,000529,6.28,6.22,6.31,6.14,93771,58136135.9,2.71,-0.96,-0.06,1.65
2025-08-25,000529,6.23,6.27,6.28,6.19,77311,48249269.9,1.45,0.8,0.05,1.36
2025-08-26,000529,6.26,6.35,6.38,6.23,84765,53599296.7,2.39,1.28,0.08,1.49
2025-08-27,000529,6.34,6.24,6.41,6.23,99960,63144164.9,2.83,-1.73,-0.11,1.75
2025-08-28,000529,6.24,6.22,6.32,6.05,117954,72981908.0,4.33,-0.32,-0.02,2.07
2025-08-29,000529,6.22,6.28,6.37,6.22,98593,62159865.4,2.41,0.96,0.06,1.73
2025-09-01,000529,6.27,6.36,6.38,6.17,117950,74429371.4,3.34,1.27,0.08,2.07
2025-09-02,000529,6.36,6.4,6.56,6.29,151177,96942159.6,4.25,0.63,0.04,2.65
2025-09-03,000529,6.37,6.15,6.4,6.11,141661,88225947.0,4.53,-3.91,-0.25,2.49
2025-09-04,000529,6.15,6.26,6.31,6.09,123188,76801008.1,3.58,1.79,0.11,2.16
2025-09-05,000529,6.32,6.27,6.33,6.17,86532,54061532.2,2.56,0.16,0.01,1.52
2025-09-08,000529,6.27,6.4,6.4,6.25,109362,69651609.0,2.39,2.07,0.13,1.92
2025-09-09,000529,6.38,6.39,6.43,6.33,64526,41130328.3,1.56,-0.16,-0.01,1.13
2025-09-10,000529,6.39,6.47,6.48,6.34,102298,65701757.2,2.19,1.25,0.08,1.8
2025-09-11,000529,6.45,6.55,6.55,6.4,117674,76417301.8,2.32,1.24,0.08,2.06
2025-09-12,000529,6.53,6.46,6.55,6.43,105166,68001870.3,1.83,-1.37,-0.09,1.85
2025-09-15,000529,6.52,6.5,6.58,6.44,101786,66075472.7,2.17,0.62,0.04,1.79
2025-09-16,000529,6.48,6.43,6.51,6.37,86322,55425875.4,2.15,-1.08,-0.07,1.51
2025-09-17,000529,6.41,6.36,6.45,6.3,79933,50768690.4,2.33,-1.09,-0.07,1.4
2025-09-18,000529,6.36,6.2,6.36,6.17,117870,73672872.7,2.99,-2.52,-0.16,2.07
2025-09-19,000529,6.19,6.1,6.2,6.07,109982,67261969.6,2.1,-1.61,-0.1,1.93
2025-09-22,000529,6.12,5.98,6.12,5.96,102496,61452582.0,2.62,-1.97,-0.12,1.8
2025-09-23,000529,5.98,5.94,5.99,5.81,112187,65934957.3,3.01,-0.67,-0.04,1.97
2025-09-24,000529,5.9,6.0,6.0,5.87,68550,40905228.0,2.19,1.01,0.06,1.2
2025-09-25,000529,5.96,5.95,6.0,5.9,66150,39272179.6,1.67,-0.83,-0.05,1.16
2025-09-26,000529,5.91,5.97,6.01,5.87,62775,37478926.3,2.35,0.34,0.02,1.1
2025-09-29,000529,5.95,5.99,6.0,5.84,59931,35589690.0,2.68,0.34,0.02,1.05
2025-09-30,000529,6.0,5.95,6.0,5.94,46711,27858168.1,1.0,-0.67,-0.04,0.82
2025-10-09,000529,5.95,5.92,5.95,5.87,69746,41187870.1,1.34,-0.5,-0.03,1.22
2025-10-10,000529,5.91,5.99,6.03,5.9,83888,50186701.3,2.2,1.18,0.07,1.47
2025-10-13,000529,5.9,5.94,5.98,5.86,62546,37136149.2,2.0,-0.83,-0.05,1.1
2025-10-14,000529,5.94,6.01,6.02,5.94,78392,46954494.2,1.35,1.18,0.07,1.38
2025-10-15,000529,6.0,6.04,6.07,5.97,59567,35951013.6,1.66,0.5,0.03,1.05
2025-10-16,000529,6.05,6.01,6.07,5.99,50717,30531767.0,1.32,-0.5,-0.03,0.89
2025-10-17,000529,6.0,5.99,6.04,5.98,56459,33953370.6,1.0,-0.33,-0.02,0.99
2025-10-20,000529,6.03,6.05,6.05,5.97,59309,35656705.0,1.34,1.0,0.06,1.04
2025-10-21,000529,6.03,6.1,6.11,6.03,67895,41237738.4,1.32,0.83,0.05,1.19
2025-10-22,000529,6.11,6.15,6.19,6.08,79379,48852578.8,1.8,0.82,0.05,1.39
2025-10-23,000529,6.15,6.19,6.2,6.09,63152,38939452.5,1.79,0.65,0.04,1.11
2025-10-24,000529,6.19,6.1,6.21,6.08,67610,41448616.0,2.1,-1.45,-0.09,1.19
2025-10-27,000529,6.11,6.13,6.17,6.03,70026,42764127.5,2.3,0.49,0.03,1.23
2025-10-28,000529,6.13,6.14,6.17,6.11,49834,30649590.2,0.98,0.16,0.01,0.87
2025-10-29,000529,6.08,5.93,6.08,5.89,152202,90343231.2,3.09,-3.42,-0.21,2.67
2025-10-30,000529,5.94,5.9,5.97,5.89,97958,58009518.4,1.35,-0.51,-0.03,1.72
2025-10-31,000529,5.9,5.92,5.95,5.89,69497,41184424.5,1.02,0.34,0.02,1.22
2025-11-03,000529,5.93,5.99,6.01,5.92,75347,44970275.6,1.52,1.18,0.07,1.32
2025-11-04,000529,5.99,6.01,6.03,5.95,55994,33575305.8,1.34,0.33,0.02,0.98
2025-11-05,000529,6.0,6.08,6.1,5.97,74770,45322663.6,2.16,1.16,0.07,1.31
2025-11-06,000529,6.08,6.08,6.11,6.03,68796,41840888.9,1.32,0.0,0.0,1.21
2025-11-07,000529,6.08,6.11,6.13,6.06,50005,30552207.0,1.15,0.49,0.03,0.88
2025-11-10,000529,6.12,6.18,6.19,6.08,71280,43917416.7,1.8,1.15,0.07,1.25
2025-11-11,000529,6.18,6.24,6.25,6.15,77686,48248184.3,1.62,0.97,0.06,1.36
2025-11-12,000529,6.22,6.21,6.26,6.19,65005,40429883.8,1.12,-0.48,-0.03,1.14
2025-11-13,000529,6.22,6.25,6.27,6.16,57268,35597803.9,1.77,0.64,0.04,1.0
2025-11-14,000529,6.25,6.22,6.32,6.21,71508,44761218.1,1.76,-0.48,-0.03,1.25
2025-11-17,000529,6.25,6.25,6.29,6.19,67000,41813312.4,1.61,0.48,0.03,1.18
2025-11-18,000529,6.25,6.22,6.3,6.17,54358,33783150.8,2.08,-0.48,-0.03,0.95
2025-11-19,000529,6.24,6.3,6.34,6.17,102175,63815040.7,2.73,1.29,0.08,1.79
2025-11-20,000529,6.26,6.17,6.29,6.09,76196,47005479.6,3.17,-2.06,-0.13,1.34
2025-11-21,000529,6.11,5.99,6.21,5.98,89747,54519285.6,3.73,-2.92,-0.18,1.57
2025-11-24,000529,6.05,6.15,6.17,6.0,83891,51147570.0,2.84,2.67,0.16,1.47
2025-11-25,000529,6.18,6.16,6.2,6.09,65570,40243468.4,1.79,0.16,0.01,1.15
2025-11-26,000529,6.15,6.25,6.57,6.13,273842,172459511.4,7.14,1.46,0.09,4.81
2025-11-27,000529,6.24,6.21,6.3,6.18,168901,105154541.8,1.92,-0.64,-0.04,2.96
2025-11-28,000529,6.21,6.25,6.25,6.09,129716,80118458.3,2.58,0.64,0.04,2.28
2025-12-01,000529,6.25,6.26,6.32,6.22,106522,66704383.5,1.6,0.16,0.01,1.87
2025-12-02,000529,6.24,6.35,6.37,6.23,136583,86364816.5,2.24,1.44,0.09,2.4
2025-12-03,000529,6.39,6.3,6.39,6.26,104101,65603770.0,2.05,-0.79,-0.05,1.83
2025-12-04,000529,6.3,6.15,6.32,6.13,94895,58779033.0,3.02,-2.38,-0.15,1.67
2025-12-05,000529,6.15,6.32,6.33,6.09,108604,67947831.5,3.9,2.76,0.17,1.91
2025-12-08,000529,6.32,6.28,6.32,6.25,82827,51985225.6,1.11,-0.63,-0.04,1.45
2025-12-09,000529,6.26,6.26,6.31,6.14,84476,52717550.0,2.71,-0.32,-0.02,1.48
2025-12-10,000529,6.23,6.18,6.3,6.14,83339,51745414.0,2.56,-1.28,-0.08,1.46
2025-12-11,000529,6.19,5.99,6.22,5.98,121263,73123235.0,3.88,-3.07,-0.19,2.13
2025-12-12,000529,6.01,5.97,6.06,5.94,97642,58548558.1,2.0,-0.33,-0.02,1.71
2025-12-15,000529,5.99,6.02,6.05,5.96,68992,41523275.7,1.51,0.84,0.05,1.21
2025-12-16,000529,5.99,5.96,6.12,5.93,84587,50805590.8,3.16,-1.0,-0.06,1.48
2025-12-17,000529,6.05,5.89,6.1,5.81,117217,69356888.8,4.87,-1.17,-0.07,2.06
2025-12-18,000529,5.86,5.98,6.03,5.84,88896,53086645.6,3.23,1.53,0.09,1.56
2025-12-19,000529,5.97,6.16,6.17,5.94,110260,67314691.3,3.85,3.01,0.18,1.93
2025-12-22,000529,6.18,6.15,6.19,6.12,78001,47930613.0,1.14,-0.16,-0.01,1.37
2025-12-23,000529,6.12,6.1,6.2,6.08,61181,37390172.1,1.95,-0.81,-0.05,1.07
2025-12-24,000529,6.08,6.1,6.12,6.05,51237,31186808.9,1.15,0.0,0.0,0.9
2025-12-25,000529,6.1,6.13,6.27,6.06,88423,54348721.5,3.44,0.49,0.03,1.55
2025-12-26,000529,6.14,6.22,6.39,6.09,159325,99257017.9,4.89,1.47,0.09,2.8
2025-12-29,000529,6.22,6.16,6.26,6.13,84025,51882417.1,2.09,-0.96,-0.06,1.47
